* source: /var/www/html/phpbb/ext/at67/gigatronrombuilder/romsrc/ROMv5a.asm.py
                                          178   enableListing()
                                          179   #-----------------------------------------------------------------------
                                          180   #
                                          181   #  Start of core
                                          182   #
                                          183   #-----------------------------------------------------------------------
                                          184
                                          185   # Pre-loading the formal interface as a way to get warnings when
                                          186   # accidentally redefined with a different value
                                          187   loadBindings('interface.json')
                                          188   loadBindings('Core/interface-dev.json') # Provisional values for DEVROM
                                          189
                                          190   # Gigatron clock
                                          191   cpuClock = 6.250e+06
                                          192
                                          193   # Output pin assignment for VGA
                                          194   R, G, B, hSync, vSync = 1, 4, 16, 64, 128
                                          195   syncBits = hSync+vSync # Both pulses negative
                                          196
                                          197   # When the XOUT register is in the circuit, the rising edge triggers its update.
                                          198   # The loop can therefore not be agnostic to the horizontal pulse polarity.
                                          199   assert syncBits & hSync != 0
                                          200
                                          201   # VGA 640x480 defaults (to be adjusted below!)
                                          202   vFront = 10     # Vertical front porch
                                          203   vPulse = 2      # Vertical sync pulse
                                          204   vBack  = 33     # Vertical back porch
                                          205   vgaLines = vFront + vPulse + vBack + 480
                                          206   vgaClock = 25.175e+06
                                          207
                                          208   # Video adjustments for Gigatron
                                          209   # 1. Our clock is (slightly) slower than 1/4th VGA clock. Not all monitors will
                                          210   #    accept the decreased frame rate, so we restore the frame rate to above
                                          211   #    minimum 59.94 Hz by cutting some lines from the vertical front porch.
                                          212   vFrontAdjust = vgaLines - int(4 * cpuClock / vgaClock * vgaLines)
                                          213   vFront -= vFrontAdjust
                                          214   # 2. Extend vertical sync pulse so we can feed the game controller the same
                                          215   #    signal. This is needed for controllers based on the 4021 instead of 74165
                                          216   vPulseExtension = max(0, 8-vPulse)
                                          217   vPulse += vPulseExtension
                                          218   # 3. Borrow these lines from the back porch so the refresh rate remains
                                          219   #    unaffected
                                          220   vBack -= vPulseExtension
                                          221
                                          222   # Start value of vertical blank counter
                                          223   videoYline0 = 1-2*(vFront+vPulse+vBack-2)
                                          224
                                          225   # Mismatch between video lines and sound channels
                                          226   soundDiscontinuity = (vFront+vPulse+vBack) % 4
                                          227
                                          228   # QQVGA resolution
                                          229   qqVgaWidth      = 160
                                          230   qqVgaHeight     = 120
                                          231
                                          232   # Game controller bits (actual controllers in kit have negative output)
                                          233   # +----------------------------------------+
                                          234   # |       Up                        B*     |
                                          235   # |  Left    Right               B     A*  |
                                          236   # |      Down      Select Start     A      |
                                          237   # +----------------------------------------+ *=Auto fire
                                          238   buttonRight     = 1
                                          239   buttonLeft      = 2
                                          240   buttonDown      = 4
                                          241   buttonUp        = 8
                                          242   buttonStart     = 16
                                          243   buttonSelect    = 32
                                          244   buttonB         = 64
                                          245   buttonA         = 128
                                          246
                                          247   #-----------------------------------------------------------------------
                                          248   #
                                          249   #  RAM page 0: zero-page variables
                                          250   #
                                          251   #-----------------------------------------------------------------------
                                          252
                                          253   # Memory size in pages from auto-detect
                                          254   memSize         = zpByte()
                                          255
                                          256   # The current channel number for sound generation. Advanced every scan line
                                          257   # and independent of the vertical refresh to maintain constant oscillation.
                                          258   channel         = zpByte()
                                          259
                                          260   # Next sound sample being synthesized
                                          261   sample          = zpByte()
                                          262   # To save one instruction in the critical inner loop, `sample' is always
                                          263   # reset with its own address instead of, for example, the value 0. Compare:
                                          264   # 1 instruction reset
                                          265   #       st sample,[sample]
                                          266   # 2 instruction reset:
                                          267   #       ld 0
                                          268   #       st [sample]
                                          269   # The difference is not audible. This is fine when the reset/address
                                          270   # value is low and doesn't overflow with 4 channels added to it.
                                          271   # There is an alternative, but it requires pull-down diodes on the data bus:
                                          272   #       st [sample],[sample]
                                          273   assert 4*63 + sample < 256
                                          274   # We pin this reset/address value to 3, so `sample' swings from 3 to 255
                                          275   assert sample == 3
                                          276
                                          277   # Former bootCount and bootCheck (<= ROMv3)
                                          278   zpReserved      = zpByte() # Recycled and still unused. Candidate future uses:
                                          279                              # - Video driver high address (for alternative video modes)
                                          280                              # - v6502: ADH offset ("MMU")
                                          281                              # - v8080: ???
                                          282   vCpuSelect      = zpByte() # Active interpreter page
                                          283
                                          284   # Entropy harvested from SRAM startup and controller input
                                          285   entropy         = zpByte(3)
                                          286
                                          287   # Visible video
                                          288   videoY          = zpByte() # Counts up from 0 to 238 in steps of 2
                                          289                              # Counts up (and is odd) during vertical blank
                                          290   videoModeB      = zpByte() # Handler for every 2nd line (pixel burst or vCPU)
                                          291   videoModeC      = zpByte() # Handler for every 3rd line (pixel burst or vCPU)
                                          292   videoModeD      = zpByte() # Handler for every 4th line (pixel burst or vCPU)
                                          293
                                          294   nextVideo       = zpByte() # Jump offset to scan line handler (videoA, B, C...)
                                          295   videoPulse      = nextVideo # Used for pulse width modulation
                                          296
                                          297   # Frame counter is good enough as system clock
                                          298   frameCount      = zpByte(1)
                                          299
                                          300   # Serial input (game controller)
                                          301   serialRaw       = zpByte() # New raw serial read
                                          302   serialLast      = zpByte() # Previous serial read
                                          303   buttonState     = zpByte() # Clearable button state
                                          304   resetTimer      = zpByte() # After 2 seconds of holding 'Start', do a soft reset
                                          305                              # XXX move to page 1 to free up space
                                          306
                                          307   # Extended output (blinkenlights in bit 0:3 and audio in bit 4:7). This
                                          308   # value must be present in AC during a rising hSync edge. It then gets
                                          309   # copied to the XOUT register by the hardware. The XOUT register is only
                                          310   # accessible in this indirect manner because it isn't part of the core
                                          311   # CPU architecture.
                                          312   xout            = zpByte()
                                          313   xoutMask        = zpByte() # The blinkenlights and sound on/off state
                                          314
                                          315   # vCPU interpreter
                                          316   vTicks          = zpByte()  # Interpreter ticks are units of 2 clocks
                                          317   vPC             = zpByte(2) # Interpreter program counter, points into RAM
                                          318   vAC             = zpByte(2) # Interpreter accumulator, 16-bits
                                          319   vLR             = zpByte(2) # Return address, for returning after CALL
                                          320   vSP             = zpByte(1) # Stack pointer
                                          321   vTmp            = zpByte()
                                          322   vReturn         = zpByte()  # Return into video loop (in page of vBlankStart)
                                          323
                                          324   # Scratch
                                          325   frameX          = zpByte() # Starting byte within page
                                          326   frameY          = zpByte() # Page of current pixel line (updated by videoA)
                                          327
                                          328   # Vertical blank (reuse some variables used in the visible part)
                                          329   videoSync0      = frameX   # Vertical sync type on current line (0xc0 or 0x40)
                                          330   videoSync1      = frameY   # Same during horizontal pulse (0x80 or 0x00)
                                          331
                                          332   # Versioning for GT1 compatibility
                                          333   # Please refer to Docs/GT1-files.txt for interpreting this variable
                                          334   romType         = zpByte(1)
                                          335
                                          336   # The low 3 bits are repurposed to select the actively updated sound channels.
                                          337   # Valid bit combinations are:
                                          338   #  xxxxx011     Default after reset: 4 channels (page 1,2,3,4)
                                          339   #  xxxxx001     2 channels at double update rate (page 1,2)
                                          340   #  xxxxx000     1 channel at quadruple update rate (page 1)
                                          341   # The main application for this is to free up the high bytes of page 2,3,4.
                                          342   channelMask = symbol('channelMask_v4')
                                          343   assert romType == channelMask
                                          344
                                          345   # SYS function arguments and results/scratch
                                          346   sysFn           = zpByte(2)
                                          347   sysArgs         = zpByte(8)
                                          348
                                          349   # Play sound if non-zero, count down and stop sound when zero
                                          350   soundTimer      = zpByte()
                                          351
                                          352   # Fow now the LED state machine itself is hard-coded in the program ROM
                                          353   ledTimer        = zpByte() # Number of ticks until next LED change
                                          354   ledState_v2     = zpByte() # Current LED state
                                          355   ledTempo        = zpByte() # Next value for ledTimer after LED state change
                                          356
                                          357   # All bytes above, except 0x80, are free for temporary/scratch/stacks etc
                                          358   userVars        = zpByte(0)
                                          359
                                          360   #-----------------------------------------------------------------------
                                          361   #
                                          362   #  RAM page 1: video line table
                                          363   #
                                          364   #-----------------------------------------------------------------------
                                          365
                                          366   # Byte 0-239 define the video lines
                                          367   videoTable      = 0x0100 # Indirection table: Y[0] dX[0]  ..., Y[119] dX[119]
                                          368
                                          369   vReset          = 0x01f0
                                          370   vIRQ_v5         = 0x01f6
                                          371   ctrlBits        = 0x01f8
                                          372   videoTop_v5     = 0x01f9 # Number of skip lines
                                          373
                                          374   # Highest bytes are for sound channel variables
                                          375   wavA = 250      # Waveform modulation with `adda'
                                          376   wavX = 251      # Waveform modulation with `xora'
                                          377   keyL = 252      # Frequency low 7 bits (bit7 == 0)
                                          378   keyH = 253      # Frequency high 8 bits
                                          379   oscL = 254      # Phase low 7 bits
                                          380   oscH = 255      # Phase high 8 bits
                                          381
                                          382   #-----------------------------------------------------------------------
                                          383   #  Memory layout
                                          384   #-----------------------------------------------------------------------
                                          385
                                          386   userCode = 0x0200       # Application vCPU code
                                          387   soundTable = 0x0700     # Wave form tables (doubles as right-shift-2 table)
                                          388   screenMemory = 0x0800   # Default start of screen memory: 0x0800 to 0x7fff
                                          389
                                          390   #-----------------------------------------------------------------------
                                          391   #  Application definitions
                                          392   #-----------------------------------------------------------------------
                                          393
                                          394   maxTicks = 28//2                 # Duration of vCPU's slowest virtual opcode (ticks)
                                          395   minTicks = 14//2                 # vcPU's fastest instruction
                                          396
                                          397   runVcpu_overhead = 5            # Caller overhead (cycles)
                                          398   vCPU_overhead = 9               # Callee overhead of jumping in and out (cycles)
                                          399
                                          400   def runVcpu(n, ref=None, returnTo=None):
                                          401     """Macro to run interpreter for exactly n cycles. Returns 0 in AC.
                                          402
                                          403     - `n' is the number of available Gigatron cycles including overhead.
                                          404       This is converted into interpreter ticks and takes into account
                                          405       the vCPU calling overheads. A `nop' is inserted when necessary
                                          406       for alignment between cycles and ticks.
                                          407     - `returnTo' is where program flow continues after return. If not set
                                          408        explicitely, it will be the first instruction behind the expansion.
                                          409     - If another interpreter than vCPU is active (v6502...), that one
                                          410       must adjust for the timing differences, because runVcpu wouldn't know."""
                                          411
                                          412     overhead = runVcpu_overhead + vCPU_overhead
                                          413     if returnTo == 0x100:         # Special case for videoZ
                                          414       overhead -= 2
                                          415
                                          416     if n is None:
                                          417       # (Clumsily) create a maximum time slice, corresponding to a vTicks
                                          418       # value of 127 (giving 282 cycles). A higher value doesn't work because
                                          419       # then SYS functions that just need 28 cycles (0 excess) won't start.
                                          420       n = (127 + maxTicks) * 2 + overhead
                                          421
                                          422     n -= overhead
                                          423     assert n > 0
                                          424
                                          425     if n % 2 == 1:
                                          426       nop()                       # Tick alignment
                                          427       n -= 1
                                          428     assert n % 2 == 0
                                          429
                                          430     print('runVcpu at $%04x net cycles %3s info %s' % (pc(), n, ref))
                                          431
                                          432     if returnTo != 0x100:
                                          433       if returnTo is None:
                                          434         returnTo = pc() + 5       # Next instruction
                                          435       ld(lo(returnTo))            #0
                                          436       st([vReturn])               #1
                                          437
                                          438     n //= 2
                                          439     n -= maxTicks                 # First instruction always runs
                                          440     assert n < 128
                                          441
                                          442     ld([vCpuSelect],Y)            #2
                                          443     jmp(Y,'ENTER')                #3
                                          444     ld(n)                         #4
                                          445   assert runVcpu_overhead ==       5
                                          446
                                          447   #-----------------------------------------------------------------------
                                          448   #
                                          449   #  $0000 ROM page 0: Boot
                                          450   #
                                          451   #-----------------------------------------------------------------------
                                          452
                                          453   align(0x100, size=0x80)
                                          454
                                          455   # Give a first sign of life that can be checked with a voltmeter
              address
              |    encoding
              |    |     instruction
              |    |     |    operands
              |    |     |    |
              V    V     V    V
              0000 0000  ld   $00         456   ld(0b0000)                      # LEDs |OOOO|
              0001 1880  ld   $80,out     457   ld(syncBits^hSync,OUT)          # Prepare XOUT update, hSync goes down, RGB to black
              0002 18c0  ld   $c0,out     458   ld(syncBits,OUT)                # hSync goes up, updating XOUT
                                          459
                                          460   # Setup I/O and RAM expander
              0003 c17c  rand $7c         461   ctrl(0b01111100)                # Disable SPI slaves, enable RAM, bank 1
                                          462   #      ^^^^^^^^
                                          463   #      |||||||`-- SCLK
                                          464   #      ||||||`--- Not connected
                                          465   #      |||||`---- /SS0
                                          466   #      ||||`----- /SS1
                                          467   #      |||`------ /SS2
                                          468   #      ||`------- /SS3
                                          469   #      |`-------- B0
                                          470   #      `--------- B1
                                          471   # bit15 --------- MOSI = 0
                                          472
                                          473   # Simple RAM test and size check by writing to [1<<n] and see if [0] changes or not.
              0004 0001  ld   $01         474   ld(1)                           # Quick RAM test and count
                                          475   label('.countMem0')
.countMem0:   0005 d601  st   [$01],y     476   st([memSize],Y)                 # Store in RAM and load AC in Y
              0006 00ff  ld   $ff         477   ld(255)
              0007 6900  xora [y,$00]     478   xora([Y,0])                     # Invert value from memory
              0008 ca00  st   [y,$00]     479   st([Y,0])                       # Test RAM by writing the new value
              0009 c200  st   [$00]       480   st([0])                         # Copy result in [0]
              000a 6900  xora [y,$00]     481   xora([Y,0])                     # Read back and compare if written ok
              000b ec0b  bne  $000b       482   bne(pc())                       # Loop forever on RAM failure here
              000c 00ff  ld   $ff         483   ld(255)
              000d 6900  xora [y,$00]     484   xora([Y,0])                     # Invert memory value again
              000e ca00  st   [y,$00]     485   st([Y,0])                       # To restore original value
              000f 6100  xora [$00]       486   xora([0])                       # Compare with inverted copy
              0010 f014  beq  .countMem1  487   beq('.countMem1')               # If equal, we wrapped around
              0011 0101  ld   [$01]       488   ld([memSize])
              0012 fc05  bra  .countMem0  489   bra('.countMem0')               # Loop to test next address line
              0013 8200  adda ac          490   adda(AC)                        # Executes in the branch delay slot!
                                          491   label('.countMem1')
                                          492
                                          493   # Momentarily wait to allow for debouncing of the reset switch by spinning
                                          494   # roughly 2^15 times at 2 clocks per loop: 6.5ms@10MHz to 10ms@6.3MHz
                                          495   # Real-world switches normally bounce shorter than that.
                                          496   # "[...] 16 switches exhibited an average 1557 usec of bouncing, with,
                                          497   #  as I said, a max of 6200 usec" (From: http://www.ganssle.com/debouncing.htm)
                                          498   # Relevant for the breadboard version, as the kit doesn't have a reset switch.
                                          499
.countMem1:   0014 00ff  ld   $ff         500   ld(255)                         # Debounce reset button
                                          501   label('.debounce')
.debounce:    0015 c200  st   [$00]       502   st([0])
              0016 ec16  bne  $0016       503   bne(pc())
              0017 a001  suba $01         504   suba(1)                         # Branch delay slot
              0018 0100  ld   [$00]       505   ld([0])
              0019 ec15  bne  .debounce   506   bne('.debounce')
              001a a001  suba $01         507   suba(1)                         # Branch delay slot
                                          508
                                          509   # Update LEDs (memory is present and counted, reset is stable)
              001b 0001  ld   $01         510   ld(0b0001)                      # LEDs |*OOO|
              001c 1880  ld   $80,out     511   ld(syncBits^hSync,OUT)
              001d 18c0  ld   $c0,out     512   ld(syncBits,OUT)
                                          513
                                          514   # Scan the entire RAM space to collect entropy for a random number generator.
                                          515   # The 16-bit address space is scanned, even if less RAM was detected.
              001e 0000  ld   $00         516   ld(0)                           # Collect entropy from RAM
              001f d218  st   [$18],x     517   st([vAC+0],X)
              0020 d619  st   [$19],y     518   st([vAC+1],Y)
                                          519   label('.initEnt0')
.initEnt0:    0021 0106  ld   [$06]       520   ld([entropy+0])
              0022 f425  bge  .initEnt1   521   bpl('.initEnt1')
              0023 8d00  adda [y,x]       522   adda([Y,X])
              0024 60bf  xora $bf         523   xora(191)
                                          524   label('.initEnt1')
.initEnt1:    0025 c206  st   [$06]       525   st([entropy+0])
              0026 0107  ld   [$07]       526   ld([entropy+1])
              0027 f42a  bge  .initEnt2   527   bpl('.initEnt2')
              0028 8106  adda [$06]       528   adda([entropy+0])
              0029 60c1  xora $c1         529   xora(193)
                                          530   label('.initEnt2')
.initEnt2:    002a c207  st   [$07]       531   st([entropy+1])
              002b 8108  adda [$08]       532   adda([entropy+2])
              002c c208  st   [$08]       533   st([entropy+2])
              002d 0118  ld   [$18]       534   ld([vAC+0])
              002e 8001  adda $01         535   adda(1)
              002f ec21  bne  .initEnt0   536   bne('.initEnt0')
              0030 d218  st   [$18],x     537   st([vAC+0],X)
              0031 0119  ld   [$19]       538   ld([vAC+1])
              0032 8001  adda $01         539   adda(1)
              0033 ec21  bne  .initEnt0   540   bne('.initEnt0')
              0034 d619  st   [$19],y     541   st([vAC+1],Y)
                                          542
                                          543   # Update LEDs
              0035 0003  ld   $03         544   ld(0b0011)                      # LEDs |**OO|
              0036 1880  ld   $80,out     545   ld(syncBits^hSync,OUT)
              0037 18c0  ld   $c0,out     546   ld(syncBits,OUT)
                                          547
                                          548   # vCPU reset handler
              0038 00ee  ld   $ee         549   ld((vReset&255)-2)              # Setup vCPU reset handler
              0039 c216  st   [$16]       550   st([vPC])
              003a 9002  adda $02,x       551   adda(2,X)
              003b 0001  ld   $01         552   ld(vReset>>8)
              003c d617  st   [$17],y     553   st([vPC+1],Y)
              003d dc59  st   $59,[y,x++] 554   st('LDI',             [Y,Xpp])
              003e dc5e  st   $5e,[y,x++] 555   st('SYS_Reset_88',    [Y,Xpp])
              003f dc2b  st   $2b,[y,x++] 556   st('STW',             [Y,Xpp])
              0040 dc22  st   $22,[y,x++] 557   st(sysFn,             [Y,Xpp])
              0041 dcb4  st   $b4,[y,x++] 558   st('SYS',             [Y,Xpp])  # SYS -> SYS_Reset_88 -> SYS_Exec_88
              0042 dce2  st   $e2,[y,x++] 559   st(256-88//2+maxTicks,[Y,Xpp])
              0043 dc00  st   $00,[y,x++] 560   st(0,                 [Y,Xpp])  # vIRQ_v5: Disable interrupts
              0044 dc00  st   $00,[y,x++] 561   st(0,                 [Y,Xpp])  # vIRQ_v5
              0045 dcfc  st   $fc,[y,x++] 562   st(0b11111100,        [Y,Xpp])  # Control register
              0046 dc00  st   $00,[y,x++] 563   st(0,                 [Y,Xpp])  # videoTop
                                          564
              0047 0002  ld   $02         565   ld(hi('ENTER'))                 # Active interpreter vCPU
              0048 c205  st   [$05]       566   st([vCpuSelect])
                                          567
              0049 00ff  ld   $ff         568   ld(255)                         # Setup serial input
              004a c20e  st   [$0e]       569   st([frameCount])
              004b c20f  st   [$0f]       570   st([serialRaw])
              004c c210  st   [$10]       571   st([serialLast])
              004d c211  st   [$11]       572   st([buttonState])
              004e c212  st   [$12]       573   st([resetTimer])                # resetTimer<0 when entering Main.gcl
                                          574
              004f 0007  ld   $07         575   ld(0b0111)                      # LEDs |***O|
              0050 1880  ld   $80,out     576   ld(syncBits^hSync,OUT)
              0051 18c0  ld   $c0,out     577   ld(syncBits,OUT)
                                          578
              0052 0000  ld   $00         579   ld(0)
              0053 c200  st   [$00]       580   st([0])                         # Carry lookup ([0x80] in 1st line of vBlank)
              0054 c202  st   [$02]       581   st([channel])
              0055 c22c  st   [$2c]       582   st([soundTimer])
                                          583
              0056 000f  ld   $0f         584   ld(0b1111)                      # LEDs |****|
              0057 1880  ld   $80,out     585   ld(syncBits^hSync,OUT)
              0058 18c0  ld   $c0,out     586   ld(syncBits,OUT)
              0059 c213  st   [$13]       587   st([xout])                      # Setup for control by video loop
              005a c214  st   [$14]       588   st([xoutMask])
                                          589
              005b 1401  ld   $01,y       590   ld(hi('startVideo'),Y)          # Enter video loop at vertical blank
              005c e003  jmp  y,$03       591   jmp(Y,'startVideo')
              005d c22e  st   [$2e]       592   st([ledState_v2])               # Setting to 1..126 means "stopped"
                                          593
                                          594   #-----------------------------------------------------------------------
                                          595   # Extension SYS_Reset_88: Soft reset
                                          596   #-----------------------------------------------------------------------
                                          597
                                          598   # SYS_Reset_88 initiates an immediate Gigatron reset from within the vCPU.
                                          599   # The reset sequence itself is mostly implemented in GCL by Reset.gcl,
                                          600   # which must first be loaded into RAM. But as that takes more than 1 scanline,
                                          601   # some vCPU bootstrapping code gets loaded with SYS_Exec_88.
                                          602   # !!! This function was REMOVED from interface.json
                                          603   # !!! Better use vReset as generic entry point for soft reset
                                          604
                                          605   # ROM type (see also Docs/GT1-files.txt)
                                          606   romTypeValue = symbol('romTypeValue_ROMv5')
                                          607
                                          608   label('SYS_Reset_88')
                                          609   assert pc()>>8 == 0
                                          610   assert (romTypeValue & 7) == 0
SYS_Reset_88: 005e 0040  ld   $40         611   ld(romTypeValue)                #15 Set ROM type/version and clear channel mask
              005f c221  st   [$21]       612   st([romType])                   #16
              0060 0000  ld   $00         613   ld(0)                           #17
              0061 c21c  st   [$1c]       614   st([vSP])                       #18 vSP
              0062 1401  ld   $01,y       615   ld(hi('videoTop_v5'),Y)         #19
              0063 caf9  st   [y,$f9]     616   st([Y,lo('videoTop_v5')])       #20 Show all 120 pixel lines
              0064 caf6  st   [y,$f6]     617   st([Y,vIRQ_v5])                 #21 Disable vIRQ dispatch
              0065 caf7  st   [y,$f7]     618   st([Y,vIRQ_v5+1])               #22
              0066 c22c  st   [$2c]       619   st([soundTimer])                #23 soundTimer
                                          620   assert userCode&255 == 0
              0067 c21a  st   [$1a]       621   st([vLR])                       #24 vLR
              0068 0002  ld   $02         622   ld(userCode>>8)                 #25
              0069 c21b  st   [$1b]       623   st([vLR+1])                     #26
              006a 00f6  ld   $f6         624   ld('nopixels')                  #27 Video mode 3 (fast)
              006b c20a  st   [$0a]       625   st([videoModeB])                #28
              006c c20b  st   [$0b]       626   st([videoModeC])                #29
              006d c20c  st   [$0c]       627   st([videoModeD])                #30
              006e 00ad  ld   $ad         628   ld('SYS_Exec_88')               #31 SYS_Exec_88
              006f c222  st   [$22]       629   st([sysFn])                     #32 High byte (remains) 0
              0070 000e  ld   $0e         630   ld('Reset')                     #33 Reset.gt1 from EPROM
              0071 c224  st   [$24]       631   st([sysArgs+0])                 #34
              0072 000f  ld   $0f         632   ld(hi('Reset'))                 #35
              0073 c225  st   [$25]       633   st([sysArgs+1])                 #36
              0074 0116  ld   [$16]       634   ld([vPC])                       #37 Force second SYS call
              0075 a002  suba $02         635   suba(2)                         #38
              0076 c216  st   [$16]       636   st([vPC])                       #39
                                          637   # Return to interpreter
              0077 1403  ld   $03,y       638   ld(hi('NEXTY'),Y)               #40
              0078 e000  jmp  y,$00       639   jmp(Y,'NEXTY')                  #41
              0079 00ea  ld   $ea         640   ld(-44/2)                       #42
                                          641
                                          642   #-----------------------------------------------------------------------
                                          643   # Placeholders for future SYS functions. This works as a kind of jump
                                          644   # table. The indirection allows SYS implementations to be moved around
                                          645   # between ROM versions, at the expense of 2 clock cycles (or 1). When
                                          646   # the function is not present it just acts as a NOP. Of course, when a
                                          647   # SYS function must be patched or extended it needs to have budget for
                                          648   # that in its declared maximum cycle count.
                                          649   #
                                          650   # Technically the same goal can be achieved by starting each function
                                          651   # with 2 nop's, or by overdeclaring their duration in the first place
                                          652   # (a bit is still wise to do). But this can result in fragmentation
                                          653   # of future ROM images. The indirection avoids that.
                                          654   #
                                          655   # An added advantage of having these in ROM page 0 is that it saves one
                                          656   # byte when setting sysFn: LDI+STW (4 bytes) instead of LDWI+STW (5 bytes)
                                          657   #-----------------------------------------------------------------------
                                          658
              007a 0200  nop              659   align(0x80, size=0x80)
              007b 0200  nop
              007c 0200  nop
              * 6 times
                                          660   assert pc() == 0x80
                                          661
              0080 1403  ld   $03,y       662   ld(hi('REENTER'),Y)             #15 slot 0x80
              0081 e0cb  jmp  y,$cb       663   jmp(Y,'REENTER')                #16
              0082 00f6  ld   $f6         664   ld(-20/2)                       #17
                                          665
              0083 1403  ld   $03,y       666   ld(hi('REENTER'),Y)             #15 slot 0x83
              0084 e0cb  jmp  y,$cb       667   jmp(Y,'REENTER')                #16
              0085 00f6  ld   $f6         668   ld(-20/2)                       #17
                                          669
              0086 1403  ld   $03,y       670   ld(hi('REENTER'),Y)             #15 slot 0x86
              0087 e0cb  jmp  y,$cb       671   jmp(Y,'REENTER')                #16
              0088 00f6  ld   $f6         672   ld(-20/2)                       #17
                                          673
              0089 1403  ld   $03,y       674   ld(hi('REENTER'),Y)             #15 slot 0x89
              008a e0cb  jmp  y,$cb       675   jmp(Y,'REENTER')                #16
              008b 00f6  ld   $f6         676   ld(-20/2)                       #17
                                          677
              008c 1403  ld   $03,y       678   ld(hi('REENTER'),Y)             #15 slot 0x8c
              008d e0cb  jmp  y,$cb       679   jmp(Y,'REENTER')                #16
              008e 00f6  ld   $f6         680   ld(-20/2)                       #17
                                          681
              008f 1403  ld   $03,y       682   ld(hi('REENTER'),Y)             #15 slot 0x8f
              0090 e0cb  jmp  y,$cb       683   jmp(Y,'REENTER')                #16
              0091 00f6  ld   $f6         684   ld(-20/2)                       #17
                                          685
              0092 1403  ld   $03,y       686   ld(hi('REENTER'),Y)             #15 slot 0x92
              0093 e0cb  jmp  y,$cb       687   jmp(Y,'REENTER')                #16
              0094 00f6  ld   $f6         688   ld(-20/2)                       #17
                                          689
              0095 1403  ld   $03,y       690   ld(hi('REENTER'),Y)             #15 slot 0x95
              0096 e0cb  jmp  y,$cb       691   jmp(Y,'REENTER')                #16
              0097 00f6  ld   $f6         692   ld(-20/2)                       #17
                                          693
              0098 1403  ld   $03,y       694   ld(hi('REENTER'),Y)             #15 slot 0x98
              0099 e0cb  jmp  y,$cb       695   jmp(Y,'REENTER')                #16
              009a 00f6  ld   $f6         696   ld(-20/2)                       #17
                                          697
              009b 1403  ld   $03,y       698   ld(hi('REENTER'),Y)             #15 slot 0x9b
              009c e0cb  jmp  y,$cb       699   jmp(Y,'REENTER')                #16
              009d 00f6  ld   $f6         700   ld(-20/2)                       #17
                                          701
              009e 1403  ld   $03,y       702   ld(hi('REENTER'),Y)             #15 slot 0x9e
              009f e0cb  jmp  y,$cb       703   jmp(Y,'REENTER')                #16
              00a0 00f6  ld   $f6         704   ld(-20/2)                       #17
                                          705
              00a1 1403  ld   $03,y       706   ld(hi('REENTER'),Y)             #15 slot 0xa1
              00a2 e0cb  jmp  y,$cb       707   jmp(Y,'REENTER')                #16
              00a3 00f6  ld   $f6         708   ld(-20/2)                       #17
                                          709
              00a4 1403  ld   $03,y       710   ld(hi('REENTER'),Y)             #15 slot 0xa4
              00a5 e0cb  jmp  y,$cb       711   jmp(Y,'REENTER')                #16
              00a6 00f6  ld   $f6         712   ld(-20/2)                       #17
                                          713
              00a7 1403  ld   $03,y       714   ld(hi('REENTER'),Y)             #15 slot 0xa7
              00a8 e0cb  jmp  y,$cb       715   jmp(Y,'REENTER')                #16
              00a9 00f6  ld   $f6         716   ld(-20/2)                       #17
                                          717
              00aa 1403  ld   $03,y       718   ld(hi('REENTER'),Y)             #15 slot 0xaa
              00ab e0cb  jmp  y,$cb       719   jmp(Y,'REENTER')                #16
              00ac 00f6  ld   $f6         720   ld(-20/2)                       #17
                                          721
                                          722   #-----------------------------------------------------------------------
                                          723   # Extension SYS_Exec_88: Load code from ROM into memory and execute it
                                          724   #-----------------------------------------------------------------------
                                          725   #
                                          726   # This loads the vCPU code with consideration of the current vSP
                                          727   # Used during reset, but also for switching between applications or for
                                          728   # loading data from ROM from within an application (overlays).
                                          729   #
                                          730   # ROM stream format is [<addrH> <addrL> <n&255> n*<byte>]* 0
                                          731   # on top of lookup tables.
                                          732   #
                                          733   # Variables:
                                          734   #       sysArgs[0:1]    ROM pointer (in)
                                          735   #       sysArgs[2:3]    RAM pointer (changed)
                                          736   #       sysArgs[4]      State counter (changed)
                                          737   #       vLR             vCPU continues here (in)
                                          738
                                          739   label('SYS_Exec_88')
SYS_Exec_88:  00ad 140e  ld   $0e,y       740   ld(hi('sys_Exec'),Y)            #15
              00ae e04b  jmp  y,$4b       741   jmp(Y,'sys_Exec')               #16
              00af 0000  ld   $00         742   ld(0)                           #17 Address of loader on zero page
                                          743
                                          744   #-----------------------------------------------------------------------
                                          745   # More placeholders for future SYS functions
                                          746   #-----------------------------------------------------------------------
                                          747
              00b0 1403  ld   $03,y       748   ld(hi('REENTER'),Y)             #15 slot 0xb0
              00b1 e0cb  jmp  y,$cb       749   jmp(Y,'REENTER')                #16
              00b2 00f6  ld   $f6         750   ld(-20/2)                       #17
                                          751
              00b3 1403  ld   $03,y       752   ld(hi('REENTER'),Y)             #15 slot 0xb3
              00b4 e0cb  jmp  y,$cb       753   jmp(Y,'REENTER')                #16
              00b5 00f6  ld   $f6         754   ld(-20/2)                       #17
                                          755
              00b6 1403  ld   $03,y       756   ld(hi('REENTER'),Y)             #15 slot 0xb6
              00b7 e0cb  jmp  y,$cb       757   jmp(Y,'REENTER')                #16
              00b8 00f6  ld   $f6         758   ld(-20/2)                       #17
                                          759
              00b9 1403  ld   $03,y       760   ld(hi('REENTER'),Y)             #15 slot 0xb9
              00ba e0cb  jmp  y,$cb       761   jmp(Y,'REENTER')                #16
              00bb 00f6  ld   $f6         762   ld(-20/2)                       #17
                                          763
              00bc 1403  ld   $03,y       764   ld(hi('REENTER'),Y)             #15 slot 0xbc
              00bd e0cb  jmp  y,$cb       765   jmp(Y,'REENTER')                #16
              00be 00f6  ld   $f6         766   ld(-20/2)                       #17
                                          767
              00bf 1403  ld   $03,y       768   ld(hi('REENTER'),Y)             #15 slot 0xbf
              00c0 e0cb  jmp  y,$cb       769   jmp(Y,'REENTER')                #16
              00c1 00f6  ld   $f6         770   ld(-20/2)                       #17
                                          771
              00c2 1403  ld   $03,y       772   ld(hi('REENTER'),Y)             #15 slot 0xc2
              00c3 e0cb  jmp  y,$cb       773   jmp(Y,'REENTER')                #16
              00c4 00f6  ld   $f6         774   ld(-20/2)                       #17
                                          775
              00c5 1403  ld   $03,y       776   ld(hi('REENTER'),Y)             #15 slot 0xc5
              00c6 e0cb  jmp  y,$cb       777   jmp(Y,'REENTER')                #16
              00c7 00f6  ld   $f6         778   ld(-20/2)                       #17
                                          779
              00c8 1403  ld   $03,y       780   ld(hi('REENTER'),Y)             #15 slot 0xc8
              00c9 e0cb  jmp  y,$cb       781   jmp(Y,'REENTER')                #16
              00ca 00f6  ld   $f6         782   ld(-20/2)                       #17
                                          783
              00cb 1403  ld   $03,y       784   ld(hi('REENTER'),Y)             #15 slot 0xcb
              00cc e0cb  jmp  y,$cb       785   jmp(Y,'REENTER')                #16
              00cd 00f6  ld   $f6         786   ld(-20/2)                       #17
                                          787
              00ce 1403  ld   $03,y       788   ld(hi('REENTER'),Y)             #15 slot 0xce
              00cf e0cb  jmp  y,$cb       789   jmp(Y,'REENTER')                #16
              00d0 00f6  ld   $f6         790   ld(-20/2)                       #17
                                          791
              00d1 1403  ld   $03,y       792   ld(hi('REENTER'),Y)             #15 slot 0xd1
              00d2 e0cb  jmp  y,$cb       793   jmp(Y,'REENTER')                #16
              00d3 00f6  ld   $f6         794   ld(-20/2)                       #17
                                          795
              00d4 1403  ld   $03,y       796   ld(hi('REENTER'),Y)             #15 slot 0xd4
              00d5 e0cb  jmp  y,$cb       797   jmp(Y,'REENTER')                #16
              00d6 00f6  ld   $f6         798   ld(-20/2)                       #17
                                          799
              00d7 1403  ld   $03,y       800   ld(hi('REENTER'),Y)             #15 slot 0xd7
              00d8 e0cb  jmp  y,$cb       801   jmp(Y,'REENTER')                #16
              00d9 00f6  ld   $f6         802   ld(-20/2)                       #17
                                          803
              00da 1403  ld   $03,y       804   ld(hi('REENTER'),Y)             #15 slot 0xda
              00db e0cb  jmp  y,$cb       805   jmp(Y,'REENTER')                #16
              00dc 00f6  ld   $f6         806   ld(-20/2)                       #17
                                          807
              00dd 1403  ld   $03,y       808   ld(hi('REENTER'),Y)             #15 slot 0xdd
              00de e0cb  jmp  y,$cb       809   jmp(Y,'REENTER')                #16
              00df 00f6  ld   $f6         810   ld(-20/2)                       #17
                                          811
              00e0 1403  ld   $03,y       812   ld(hi('REENTER'),Y)             #15 slot 0xe0
              00e1 e0cb  jmp  y,$cb       813   jmp(Y,'REENTER')                #16
              00e2 00f6  ld   $f6         814   ld(-20/2)                       #17
                                          815
              00e3 1403  ld   $03,y       816   ld(hi('REENTER'),Y)             #15 slot 0xe3
              00e4 e0cb  jmp  y,$cb       817   jmp(Y,'REENTER')                #16
              00e5 00f6  ld   $f6         818   ld(-20/2)                       #17
                                          819
              00e6 1403  ld   $03,y       820   ld(hi('REENTER'),Y)             #15 slot 0xe6
              00e7 e0cb  jmp  y,$cb       821   jmp(Y,'REENTER')                #16
              00e8 00f6  ld   $f6         822   ld(-20/2)                       #17
                                          823
                                          824   #-----------------------------------------------------------------------
                                          825   # Extension SYS_StoreBytes_DEVROM_XXX
                                          826   #-----------------------------------------------------------------------
                                          827
              00e9 1403  ld   $03,y       828   ld(hi('REENTER'),Y)             #15 slot 0xe9
              00ea e0cb  jmp  y,$cb       829   jmp(Y,'REENTER')                #16
              00eb 00f6  ld   $f6         830   ld(-20/2)                       #17
                                          831
                                          832   #-----------------------------------------------------------------------
                                          833   # Extension SYS_LoadBytes_DEVROM_XXX
                                          834   #-----------------------------------------------------------------------
                                          835
                                          836   # Load object variables into zero-page
                                          837   # XXX Unfinished
                                          838   #
                                          839   # Variables
                                          840   #       vLR             Pointer to size byte + object variables
                                          841   #       $30...$30+n-1   Target location
                                          842
                                          843   label('SYS_LoadBytes_DEVROM_XXX')
SYS_LoadBytes_DEVROM_XXX:
              00ec 140e  ld   $0e,y       844   ld(hi('sys_LoadBytes'),Y)       #15
              00ed e0e9  jmp  y,$e9       845   jmp(Y,'sys_LoadBytes')          #16
              00ee 151b  ld   [$1b],y     846   ld([vLR+1],Y)                   #17
                                          847
                                          848   #-----------------------------------------------------------------------
                                          849   # Extension SYS_ReadRomDir_v5_80
                                          850   #-----------------------------------------------------------------------
                                          851
                                          852   # Get next entry from ROM file system. Use vAC=0 to get the first entry.
                                          853
                                          854   # Variables:
                                          855   #       vAC             Start address of current entry (inout)
                                          856   #       sysArgs[0:7]    File name, padded with zeroes (out)
                                          857
                                          858   label('SYS_ReadRomDir_v5_80')
SYS_ReadRomDir_v5_80:
              00ef 1424  ld   $24,y       859   ld(hi('sys_ReadRomDir'),Y)      #15
              00f0 e000  jmp  y,$00       860   jmp(Y,'sys_ReadRomDir')         #16
              00f1 0119  ld   [$19]       861   ld([vAC+1])                     #17
                                          862
              00f2 0200  nop              863   fillers(until=symbol('SYS_Out_22') & 255)
              00f3 0200  nop
                                          864
                                          865   #-----------------------------------------------------------------------
                                          866   # Extension SYS_Out_22
                                          867   #-----------------------------------------------------------------------
                                          868
                                          869   # Send byte to output port
                                          870   #
                                          871   # Variables:
                                          872   #       vAC
                                          873
                                          874   label('SYS_Out_22')
SYS_Out_22:   00f4 1924  ld   [$24],out   875   ld([sysArgs+0],OUT)             #15
              00f5 0200  nop              876   nop()                           #16
              00f6 1403  ld   $03,y       877   ld(hi('REENTER'),Y)             #17
              00f7 e0cb  jmp  y,$cb       878   jmp(Y,'REENTER')                #18
              00f8 00f5  ld   $f5         879   ld(-22/2)                       #19
                                          880
                                          881   #-----------------------------------------------------------------------
                                          882   # Extension SYS_In_24
                                          883   #-----------------------------------------------------------------------
                                          884
                                          885   # Read a byte from the input port
                                          886   #
                                          887   # Variables:
                                          888   #       vAC
                                          889
                                          890   label('SYS_In_24')
SYS_In_24:    00f9 c318  st   in,[$18]    891   st(IN, [vAC])                   #15
              00fa 0000  ld   $00         892   ld(0)                           #16
              00fb c219  st   [$19]       893   st([vAC+1])                     #17
              00fc 0200  nop              894   nop()                           #18
              00fd 1403  ld   $03,y       895   ld(hi('REENTER'),Y)             #19
              00fe e0cb  jmp  y,$cb       896   jmp(Y,'REENTER')                #20
              00ff 00f4  ld   $f4         897   ld(-24/2)                       #21
                                          898
                                          899   assert pc()&255 == 0
                                          900
                                          901   #-----------------------------------------------------------------------
                                          902   #
                                          903   #  $0100 ROM page 1: Video loop vertical blank
                                          904   #
                                          905   #-----------------------------------------------------------------------
                                          906   align(0x100, size=0x100)
                                          907
                                          908   # Video off mode (also no sound, serial, timer, blinkenlights, ...).
                                          909   # For benchmarking purposes. This still has the overhead for the vTicks
                                          910   # administration, time slice granularity etc.
                                          911   label('videoZ')
                                          912   videoZ = pc()
videoZ:       0100 1505  ld   [$05],y     913   runVcpu(None, '---- novideo', returnTo=videoZ)
              0101 e0ff  jmp  y,$ff
              0102 007f  ld   $7f
                                          914
                                          915   label('startVideo')             # (Re)start of video signal from idle state
startVideo:   0103 00c0  ld   $c0         916   ld(syncBits)
                                          917
                                          918   # Start of vertical blank interval
                                          919   label('vBlankStart')
vBlankStart:  0104 c21f  st   [$1f]       920   st([videoSync0])                #32 Start of vertical blank interval
              0105 0080  ld   $80         921   ld(syncBits^hSync)              #33
              0106 c220  st   [$20]       922   st([videoSync1])                #34
                                          923
                                          924   # Reset line counter before vCPU can see it
              0107 00b3  ld   $b3         925   ld(videoYline0)                 #35
              0108 c209  st   [$09]       926   st([videoY])                    #36
                                          927
                                          928   # Update frame count and [0x80] (4 cycles)
              0109 0001  ld   $01         929   ld(1)                           #37 Reinitialize carry lookup, for robustness
              010a c280  st   [$80]       930   st([0x80])                      #38
              010b 810e  adda [$0e]       931   adda([frameCount])              #39 Frame counter
              010c c20e  st   [$0e]       932   st([frameCount])                #40
                                          933
                                          934   # Mix entropy (11 cycles)
              010d 6107  xora [$07]       935   xora([entropy+1])               #41 Mix entropy
              010e 610f  xora [$0f]       936   xora([serialRaw])               #42 Mix in serial input
              010f 8106  adda [$06]       937   adda([entropy+0])               #43
              0110 c206  st   [$06]       938   st([entropy+0])                 #44
              0111 8108  adda [$08]       939   adda([entropy+2])               #45 Some hidden state
              0112 c208  st   [$08]       940   st([entropy+2])                 #46
              0113 e816  blt  $0116       941   bmi(pc()+3)                     #47
              0114 fc17  bra  $0117       942   bra(pc()+3)                     #48
              0115 6053  xora $53         943   xora(64+16+2+1)                 #49
              0116 606c  xora $6c         944   xora(64+32+8+4)                 #49(!)
              0117 8107  adda [$07]       945   adda([entropy+1])               #50
              0118 c207  st   [$07]       946   st([entropy+1])                 #51
                                          947
                                          948   # LED sequencer (18 cycles)
              0119 012d  ld   [$2d]       949   ld([ledTimer])                  #52 Blinkenlight sequencer
              011a f01d  beq  $011d       950   beq(pc()+3)                     #53
              011b fc1e  bra  $011e       951   bra(pc()+3)                     #54
              011c a001  suba $01         952   suba(1)                         #55
              011d 012f  ld   [$2f]       953   ld([ledTempo])                  #55(!)
              011e c22d  st   [$2d]       954   st([ledTimer])                  #56
              011f f022  beq  $0122       955   beq(pc()+3)                     #57
              0120 fc23  bra  $0123       956   bra(pc()+3)                     #58
              0121 0000  ld   $00         957   ld(0)                           #59 Don't advance state
              0122 0001  ld   $01         958   ld(1)                           #59(!) Advance state when timer passes through 0
              0123 812e  adda [$2e]       959   adda([ledState_v2])             #60
              0124 ec27  bne  $0127       960   bne(pc()+3)                     #61
              0125 fc28  bra  $0128       961   bra(pc()+3)                     #62
              0126 00e8  ld   $e8         962   ld(-24)                         #63 State 0 becomes -24, start of sequence
              0127 e42c  bgt  .leds#65    963   bgt('.leds#65')                 #63(!) Catch the stopped state (>0)
              0128 c22e  st   [$2e]       964   st([ledState_v2])               #64
              0129 8048  adda $48         965   adda('.leds#69')                #65
              012a fe00  bra  ac          966   bra(AC)                         #66 Jump to lookup table
              012b fc48  bra  .leds#69    967   bra('.leds#69')                 #67 Single-instruction subroutine
                                          968
                                          969   label('.leds#65')
.leds#65:     012c 000f  ld   $0f         970   ld(0x0f)                        #65 Maintain stopped state
              012d c22e  st   [$2e]       971   st([ledState_v2])               #66
              012e fc48  bra  .leds#69    972   bra('.leds#69')                 #67
              012f 2114  anda [$14]       973   anda([xoutMask])                #68 Always clear sound bits (this is why AC=0x0f)
                                          974
              0130 000f  ld   $0f         975   ld(0b1111)                      #68 LEDs |****| offset -24 Low 4 bits are the LED output
              0131 0007  ld   $07         976   ld(0b0111)                      #68 LEDs |***O|
              0132 0003  ld   $03         977   ld(0b0011)                      #68 LEDs |**OO|
              0133 0001  ld   $01         978   ld(0b0001)                      #68 LEDs |*OOO|
              0134 0002  ld   $02         979   ld(0b0010)                      #68 LEDs |O*OO|
              0135 0004  ld   $04         980   ld(0b0100)                      #68 LEDs |OO*O|
              0136 0008  ld   $08         981   ld(0b1000)                      #68 LEDs |OOO*|
              0137 0004  ld   $04         982   ld(0b0100)                      #68 LEDs |OO*O|
              0138 0002  ld   $02         983   ld(0b0010)                      #68 LEDs |O*OO|
              0139 0001  ld   $01         984   ld(0b0001)                      #68 LEDs |*OOO|
              013a 0003  ld   $03         985   ld(0b0011)                      #68 LEDs |**OO|
              013b 0007  ld   $07         986   ld(0b0111)                      #68 LEDs |***O|
              013c 000f  ld   $0f         987   ld(0b1111)                      #68 LEDs |****|
              013d 000e  ld   $0e         988   ld(0b1110)                      #68 LEDs |O***|
              013e 000c  ld   $0c         989   ld(0b1100)                      #68 LEDs |OO**|
              013f 0008  ld   $08         990   ld(0b1000)                      #68 LEDs |OOO*|
              0140 0004  ld   $04         991   ld(0b0100)                      #68 LEDs |OO*O|
              0141 0002  ld   $02         992   ld(0b0010)                      #68 LEDs |O*OO|
              0142 0001  ld   $01         993   ld(0b0001)                      #68 LEDs |*OOO|
              0143 0002  ld   $02         994   ld(0b0010)                      #68 LEDs |O*OO|
              0144 0004  ld   $04         995   ld(0b0100)                      #68 LEDs |OO*O|
              0145 0008  ld   $08         996   ld(0b1000)                      #68 LEDs |OOO*|
              0146 000c  ld   $0c         997   ld(0b1100)                      #68 LEDs |OO**|
              0147 000e  ld   $0e         998   ld(0b1110)                      #68 LEDs |O***| offset -1
                                          999   label('.leds#69')
.leds#69:     0148 c214  st   [$14]       1000  st([xoutMask])                  #69 Sound bits will be re-enabled below
              0149 0010  ld   $10         1001  ld(vPulse*2)                    #70 vPulse default length when not modulated
              014a c20d  st   [$0d]       1002  st([videoPulse])                #71
                                          1003
                                          1004  # When the total number of scan lines per frame is not an exact multiple of the
                                          1005  # (4) channels, there will be an audible discontinuity if no measure is taken.
                                          1006  # This static noise can be suppressed by swallowing the first `lines mod 4'
                                          1007  # partial samples after transitioning into vertical blank. This is easiest if
                                          1008  # the modulo is 0 (do nothing), 1 (reset sample when entering the last visible
                                          1009  # scan line), or 2 (reset sample while in the first blank scan line). For the
                                          1010  # last case there is no solution yet: give a warning.
                                          1011  extra = 0
                                          1012  if soundDiscontinuity == 2:
                                          1013    st(sample, [sample])          # Sound continuity
                                          1014    extra += 1
                                          1015  if soundDiscontinuity > 2:
                                          1016    highlight('Warning: sound discontinuity not suppressed')
                                          1017
                                          1018  # vCPU interrupt
              014b 010e  ld   [$0e]       1019  ld([frameCount])                #72
                                          1020  beq('vBlankFirst#75')           #73
              014c f052  beq  vBlankFirst#75
                                          1021
              014d 0055  ld   $55         1022  runVcpu(186-74-extra,           #74 Application cycles (scan line 0)
              014e c21e  st   [$1e]
              014f 1505  ld   [$05],y
              0150 e0ff  jmp  y,$ff
              0151 0023  ld   $23
                                          1023      '---D line 0 no timeout',
                                          1024      returnTo='vBlankFirst#186')
                                          1025
                                          1026  label('vBlankFirst#75')
vBlankFirst#75:
              0152 140e  ld   $0e,y       1027  ld(hi('vBlankFirst#78'),Y)      #75
              0153 e000  jmp  y,$00       1028  jmp(Y,'vBlankFirst#78')         #76
              0154 1401  ld   $01,y       1029  ld(hi(vIRQ_v5),Y)               #77
                                          1030  label('vBlankFirst#186')
                                          1031
                                          1032  # Mitigation for rogue channelMask (3 cycles)
vBlankFirst#186:
              0155 0121  ld   [$21]       1033  ld([channelMask])               #186 Normalize channelMask, for robustness
              0156 20fb  anda $fb         1034  anda(0b11111011)                #187
              0157 c221  st   [$21]       1035  st([channelMask])               #188
                                          1036
                                          1037  # Sound on/off (6 cycles)
              0158 012c  ld   [$2c]       1038  ld([soundTimer])                #189 Sound on/off
              0159 ec5c  bne  $015c       1039  bne(pc()+3)                     #190
              015a fc5d  bra  $015d       1040  bra(pc()+3)                     #191
              015b 0000  ld   $00         1041  ld(0)                           #192 Keeps sound unchanged (should be off here)
              015c 00f0  ld   $f0         1042  ld(0xf0)                        #192(!) Turns sound back on
              015d 4114  ora  [$14]       1043  ora([xoutMask])                 #193
              015e c214  st   [$14]       1044  st([xoutMask])                  #194
                                          1045
                                          1046  # Sound timer count down (5 cycles)
              015f 012c  ld   [$2c]       1047  ld([soundTimer])                #195 Sound timer
              0160 f063  beq  $0163       1048  beq(pc()+3)                     #196
              0161 fc64  bra  $0164       1049  bra(pc()+3)                     #197
              0162 a001  suba $01         1050  suba(1)                         #198
              0163 0000  ld   $00         1051  ld(0)                           #198
              0164 c22c  st   [$2c]       1052  st([soundTimer])                #199
                                          1053
              0165 191f  ld   [$1f],out   1054  ld([videoSync0],OUT)            #0 <New scan line start>
                                          1055  label('sound1')
sound1:       0166 0102  ld   [$02]       1056  ld([channel])                   #1 Advance to next sound channel
              0167 2121  anda [$21]       1057  anda([channelMask])             #2
              0168 8001  adda $01         1058  adda(1)                         #3
              0169 1920  ld   [$20],out   1059  ld([videoSync1],OUT)            #4 Start horizontal pulse
              016a d602  st   [$02],y     1060  st([channel],Y)                 #5
              016b 007f  ld   $7f         1061  ld(0x7f)                        #6 Update sound channel
              016c 29fe  anda [y,$fe]     1062  anda([Y,oscL])                  #7
              016d 89fc  adda [y,$fc]     1063  adda([Y,keyL])                  #8
              016e cafe  st   [y,$fe]     1064  st([Y,oscL])                    #9
              016f 3080  anda $80,x       1065  anda(0x80,X)                    #10
              0170 0500  ld   [x]         1066  ld([X])                         #11
              0171 89ff  adda [y,$ff]     1067  adda([Y,oscH])                  #12
              0172 89fd  adda [y,$fd]     1068  adda([Y,keyH])                  #13
              0173 caff  st   [y,$ff]     1069  st([Y,oscH])                    #14
              0174 20fc  anda $fc         1070  anda(0xfc)                      #15
              0175 69fb  xora [y,$fb]     1071  xora([Y,wavX])                  #16
              0176 1200  ld   ac,x        1072  ld(AC,X)                        #17
              0177 09fa  ld   [y,$fa]     1073  ld([Y,wavA])                    #18
              0178 1407  ld   $07,y       1074  ld(soundTable>>8,Y)             #19
              0179 8d00  adda [y,x]       1075  adda([Y,X])                     #20
              017a e87d  blt  $017d       1076  bmi(pc()+3)                     #21
              017b fc7e  bra  $017e       1077  bra(pc()+3)                     #22
              017c 203f  anda $3f         1078  anda(63)                        #23
              017d 003f  ld   $3f         1079  ld(63)                          #23(!)
              017e 8103  adda [$03]       1080  adda([sample])                  #24
              017f c203  st   [$03]       1081  st([sample])                    #25
                                          1082
              0180 0113  ld   [$13]       1083  ld([xout])                      #26 Gets copied to XOUT
              0181 140e  ld   $0e,y       1084  ld(hi('vBlankLast#34'),Y)       #27 Prepare jumping out of page in last line
              0182 191f  ld   [$1f],out   1085  ld([videoSync0],OUT)            #28 End horizontal pulse
                                          1086
                                          1087  # Count through the vertical blank interval until its last scan line
              0183 0109  ld   [$09]       1088  ld([videoY])                    #29
                                          1089  bpl('.vBlankLast#32')           #30
              0184 f4b1  bge  .vBlankLast#32
              0185 8002  adda $02         1090  adda(2)                         #31
              0186 c209  st   [$09]       1091  st([videoY])                    #32
                                          1092
                                          1093  # Determine if we're in the vertical sync pulse
              0187 a0bd  suba $bd         1094  suba(1-2*(vBack+vPulse-1))      #33 Prepare sync values
              0188 ec8d  bne  .prepSync36 1095  bne('.prepSync36')              #34 Tests for start of vPulse
              0189 a10d  suba [$0d]       1096  suba([videoPulse])              #35
              018a 0040  ld   $40         1097  ld(syncBits^vSync)              #36 Entering vertical sync pulse
              018b fc92  bra  .prepSync39 1098  bra('.prepSync39')              #37
              018c c21f  st   [$1f]       1099  st([videoSync0])                #38
                                          1100  label('.prepSync36')
.prepSync36:  018d ec91  bne  .prepSync38 1101  bne('.prepSync38')              #36 Tests for end of vPulse
              018e 00c0  ld   $c0         1102  ld(syncBits)                    #37
              018f fc93  bra  .prepSync40 1103  bra('.prepSync40')              #38 Entering vertical back porch
              0190 c21f  st   [$1f]       1104  st([videoSync0])                #39
                                          1105  label('.prepSync38')
.prepSync38:  0191 011f  ld   [$1f]       1106  ld([videoSync0])                #38 Load current value
                                          1107  label('.prepSync39')
.prepSync39:  0192 0200  nop              1108  nop()                           #39
                                          1109  label('.prepSync40')
.prepSync40:  0193 6040  xora $40         1110  xora(hSync)                     #40 Precompute, as during the pulse there is no time
              0194 c220  st   [$20]       1111  st([videoSync1])                #41
                                          1112
                                          1113  # Capture the serial input before the '595 shifts it out
              0195 0109  ld   [$09]       1114  ld([videoY])                    #42 Capture serial input
              0196 60cf  xora $cf         1115  xora(1-2*(vBack-1-1))           #43 Exactly when the 74HC595 has captured all 8 controller bits
              0197 ec9a  bne  $019a       1116  bne(pc()+3)                     #44
              0198 fc9b  bra  $019b       1117  bra(pc()+3)                     #45
              0199 c30f  st   in,[$0f]    1118  st(IN, [serialRaw])             #46
              019a c000  st   $00,[$00]   1119  st(0,[0])                       #46(!) Reinitialize carry lookup, for robustness
                                          1120
                                          1121  # Update [xout] with the next sound sample every 4 scan lines.
                                          1122  # Keep doing this on 'videoC equivalent' scan lines in vertical blank.
              019b 0109  ld   [$09]       1123  ld([videoY])                    #47
              019c 2006  anda $06         1124  anda(6)                         #48
                                          1125  beq('vBlankSample')             #49
              019d f0a6  beq  vBlankSample
              019e 0103  ld   [$03]       1126  ld([sample])                    #50
                                          1127
                                          1128  label('vBlankNormal')
vBlankNormal: 019f 00a4  ld   $a4         1129  runVcpu(199-51, 'AB-D line 1-36')#51 Application cycles (vBlank scan lines without sound sample update)
              01a0 c21e  st   [$1e]
              01a1 1505  ld   [$05],y
              01a2 e0ff  jmp  y,$ff
              01a3 0035  ld   $35
              01a4 fc66  bra  sound1      1130  bra('sound1')                   #199
              01a5 191f  ld   [$1f],out   1131  ld([videoSync0],OUT)            #0 <New scan line start>
                                          1132
                                          1133  label('vBlankSample')
vBlankSample: 01a6 400f  ora  $0f         1134  ora(0x0f)                       #51 New sound sample is ready
              01a7 2114  anda [$14]       1135  anda([xoutMask])                #52
              01a8 c213  st   [$13]       1136  st([xout])                      #53
              01a9 c003  st   $03,[$03]   1137  st(sample, [sample])            #54 Reset for next sample
                                          1138
              01aa 00af  ld   $af         1139  runVcpu(199-55, '--C- line 3-39')#55 Application cycles (vBlank scan lines with sound sample update)
              01ab c21e  st   [$1e]
              01ac 1505  ld   [$05],y
              01ad e0ff  jmp  y,$ff
              01ae 0033  ld   $33
              01af fc66  bra  sound1      1140  bra('sound1')                   #199
              01b0 191f  ld   [$1f],out   1141  ld([videoSync0],OUT)            #0 <New scan line start>
                                          1142
                                          1143  #-----------------------------------------------------------------------
                                          1144
                                          1145  label('.vBlankLast#32')
.vBlankLast#32:
              01b1 e02e  jmp  y,$2e       1146  jmp(Y,'vBlankLast#34')          #32 Jump out of page for space reasons
                                          1147  #assert hi(controllerType) == hi(pc()) # Assume these share the high address
              01b2 1401  ld   $01,y       1148  ld(hi(pc()),Y)                  #33
                                          1149
                                          1150  label('vBlankLast#52')
                                          1151
                                          1152  # Respond to reset button (14 cycles)
                                          1153  # - ResetTimer decrements as long as just [Start] is pressed down
                                          1154  # - Reaching 0 (normal) or 128 (extended) triggers the soft reset sequence
                                          1155  # - Initial value is 128 (or 255 at boot), first decrement, then check
                                          1156  # - This starts vReset -> SYS_Reset_88 -> SYS_Exec_88 -> Reset.gcl -> Main.gcl
                                          1157  # - Main.gcl then recognizes extended presses if resetTimer is 0..127 ("paasei")
                                          1158  # - This requires a full cycle (4s) in the warm boot scenario
                                          1159  # - Or a half cycle (2s) when pressing [Select] down during hard reset
                                          1160  # - This furthermore requires >=1 frame (and <=128) to have passed between
                                          1161  #   reaching 128 and getting through Reset and the start of Main, while [Start]
                                          1162  #   was still pressed so the count reaches <128. Two reasonable expectations.
                                          1163  # - The unintended power-up scenarios of ROMv1 (pulling SER_DATA low, or
                                          1164  #   pressing [Select] together with another button) now don't trigger anymore.
                                          1165
vBlankLast#52:
              01b3 0111  ld   [$11]       1166  ld([buttonState])               #52 Check [Start] for soft reset
              01b4 60ef  xora $ef         1167  xora(~buttonStart)              #53
              01b5 ecbe  bne  .restart#56 1168  bne('.restart#56')              #54
              01b6 0112  ld   [$12]       1169  ld([resetTimer])                #55 As long as button pressed
              01b7 a001  suba $01         1170  suba(1)                         #56 ... count down the timer
              01b8 c212  st   [$12]       1171  st([resetTimer])                #57
              01b9 207f  anda $7f         1172  anda(127)                       #58
              01ba f0c6  beq  .restart#61 1173  beq('.restart#61')              #59 Reset at 0 (normal 2s) or 128 (extended 4s)
              01bb 00ee  ld   $ee         1174  ld((vReset&255)-2)              #60 Start force reset when hitting 0
              01bc fcc5  bra  .restart#63 1175  bra('.restart#63')              #61 ... otherwise do nothing yet
              01bd fcc4  bra  .restart#64 1176  bra('.restart#64')              #62
                                          1177  label('.restart#56')
.restart#56:  01be 0001  ld   $01         1178  wait(62-56)                     #56
              01bf ecbf  bne  $01bf
              01c0 a001  suba $01
              01c1 0200  nop
              01c2 0080  ld   $80         1179  ld(128)                         #62 Not pressed, reset the timer
              01c3 c212  st   [$12]       1180  st([resetTimer])                #63
                                          1181  label('.restart#64')
.restart#64:  01c4 fccb  bra  .restart#66 1182  bra('.restart#66')              #64
                                          1183  label('.restart#63')
.restart#63:  01c5 0200  nop              1184  nop()                           #63,65
                                          1185  label('.restart#61')
.restart#61:  01c6 c216  st   [$16]       1186  st([vPC])                       #61 Point vPC at vReset
              01c7 0001  ld   $01         1187  ld(vReset>>8)                   #62
              01c8 c217  st   [$17]       1188  st([vPC+1])                     #63
              01c9 0002  ld   $02         1189  ld(hi('ENTER'))                 #64 Set active interpreter to vCPU
              01ca c205  st   [$05]       1190  st([vCpuSelect])                #65
                                          1191  label('.restart#66')
                                          1192
                                          1193  # Switch video mode when (only) select is pressed (16 cycles)
                                          1194  # XXX We could make this a vCPU interrupt
.restart#66:  01cb 0111  ld   [$11]       1195  ld([buttonState])               #66 Check [Select] to switch modes
              01cc 60df  xora $df         1196  xora(~buttonSelect)             #67 Only trigger when just [Select] is pressed
              01cd ece2  bne  .select#70  1197  bne('.select#70')               #68
              01ce 010b  ld   [$0b]       1198  ld([videoModeC])                #69
              01cf e8d5  blt  .select#72  1199  bmi('.select#72')               #70 Branch when line C is off
              01d0 010a  ld   [$0a]       1200  ld([videoModeB])                #71 Rotate: Off->D->B->C
              01d1 c20b  st   [$0b]       1201  st([videoModeC])                #72
              01d2 010c  ld   [$0c]       1202  ld([videoModeD])                #73
              01d3 c20a  st   [$0a]       1203  st([videoModeB])                #74
              01d4 fcda  bra  .select#77  1204  bra('.select#77')               #75
                                          1205  label('.select#72')
.select#72:   01d5 00f6  ld   $f6         1206  ld('nopixels')                  #72,76
              01d6 000a  ld   $0a         1207  ld('pixels')                    #73 Reset: On->D->B->C
              01d7 c20b  st   [$0b]       1208  st([videoModeC])                #74
              01d8 c20a  st   [$0a]       1209  st([videoModeB])                #75
              01d9 0200  nop              1210  nop()                           #76
                                          1211  label('.select#77')
.select#77:   01da c20c  st   [$0c]       1212  st([videoModeD])                #77
              01db 0035  ld   $35         1213  wait(188-78)                    #78 Don't waste code space expanding runVcpu here
              01dc ecdc  bne  $01dc
              01dd a001  suba $01
              01de 0200  nop
                                          1214  # AC==255 now
              01df c211  st   [$11]       1215  st([buttonState])               #188
                                          1216  bra('vBlankEnd#191')            #189
              01e0 fcea  bra  vBlankEnd#191
              01e1 0000  ld   $00         1217  ld(0)                           #190
                                          1218  label('.select#70')
                                          1219
                                          1220  # Mitigation of runaway channel variable
.select#70:   01e2 0102  ld   [$02]       1221  ld([channel])                   #70 Normalize channel, for robustness
              01e3 2003  anda $03         1222  anda(0b00000011)                #71
              01e4 c202  st   [$02]       1223  st([channel])                   #72 Stop wild channel updates
                                          1224
              01e5 00ea  ld   $ea         1225  runVcpu(191-73, '---D line 40') #73 Application cycles (scan line 40)
              01e6 c21e  st   [$1e]
              01e7 1505  ld   [$05],y
              01e8 e0ff  jmp  y,$ff
              01e9 0026  ld   $26
                                          1226
                                          1227  # AC==0 now
                                          1228  label('vBlankEnd#191')
vBlankEnd#191:
              01ea 1401  ld   $01,y       1229  ld(videoTop_v5>>8,Y)            #191
              01eb 09f9  ld   [y,$f9]     1230  ld([Y,videoTop_v5])             #192
              01ec c209  st   [$09]       1231  st([videoY])                    #193
              01ed c21f  st   [$1f]       1232  st([frameX])                    #194
              01ee ecf1  bne  $01f1       1233  bne(pc()+3)                     #195
              01ef fcf2  bra  $01f2       1234  bra(pc()+3)                     #196
              01f0 0001  ld   $01         1235  ld('videoA')                    #197
              01f1 00ec  ld   $ec         1236  ld('videoF')                    #197(!)
              01f2 c20d  st   [$0d]       1237  st([nextVideo])                 #198
              01f3 0102  ld   [$02]       1238  ld([channel])                   #199 Advance to next sound channel
              01f4 2121  anda [$21]       1239  anda([channelMask])             #0 <New scan line start>
              01f5 8001  adda $01         1240  adda(1)                         #1
              01f6 1402  ld   $02,y       1241  ld(hi('sound2'),Y)              #2
              01f7 e0b1  jmp  y,$b1       1242  jmp(Y,'sound2')                 #3
              01f8 1880  ld   $80,out     1243  ld(syncBits^hSync,OUT)          #4 Start horizontal pulse
                                          1244
              01f9 0200  nop              1245  fillers(until=0xff)
              01fa 0200  nop
              01fb 0200  nop
              * 6 times
                                          1246
                                          1247  #-----------------------------------------------------------------------
                                          1248  # Return point for vCPU slices during visible screen area
                                          1249  #-----------------------------------------------------------------------
                                          1250
                                          1251  assert pc() == 0x1ff            # Enables runVcpu() to re-enter into the next page
              01ff fcae  bra  sound3      1252  bra('sound3')                   #200,0 <New scan line start>
                                          1253
                                          1254  #-----------------------------------------------------------------------
                                          1255  #
                                          1256  #  $0200 ROM page 2: Video loop visible scanlines
                                          1257  #
                                          1258  #-----------------------------------------------------------------------
                                          1259  align(0x100, size=0x100)
              0200 0102  ld   [$02]       1260  ld([channel])                   #1 Advance to next sound channel
                                          1261
                                          1262  # Back porch A: first of 4 repeated scan lines
                                          1263  # - Fetch next Yi and store it for retrieval in the next scan lines
                                          1264  # - Calculate Xi from dXi, but there is no cycle time left to store it as well
                                          1265  label('videoA')
videoA:       0201 00ca  ld   $ca         1266  ld('videoB')                    #29 1st scanline of 4 (always visible)
              0202 c20d  st   [$0d]       1267  st([nextVideo])                 #30
              0203 1401  ld   $01,y       1268  ld(videoTable>>8,Y)             #31
              0204 1109  ld   [$09],x     1269  ld([videoY],X)                  #32
              0205 0d00  ld   [y,x]       1270  ld([Y,X])                       #33
              0206 de00  st   [y,x++]     1271  st([Y,Xpp])                     #34 Just X++
              0207 c220  st   [$20]       1272  st([frameY])                    #35
              0208 0d00  ld   [y,x]       1273  ld([Y,X])                       #36
              0209 911f  adda [$1f],x     1274  adda([frameX],X)                #37
                                          1275  label('pixels')
pixels:       020a 1520  ld   [$20],y     1276  ld([frameY],Y)                  #38
              020b 00c0  ld   $c0         1277  ld(syncBits)                    #39
                                          1278
                                          1279  # Stream 160 pixels from memory location <Yi,Xi> onwards
                                          1280  # Superimpose the sync signal bits to be robust against misprogramming
                                          1281  for i in range(qqVgaWidth):
              020c 5d00  ora  [y,x++],out 1282    ora([Y,Xpp],OUT)              #40-199 Pixel burst
              020d 5d00  ora  [y,x++],out
              020e 5d00  ora  [y,x++],out
              * 160 times
              02ac 18c0  ld   $c0,out     1283  ld(syncBits,OUT)                #0 <New scan line start> Back to black
                                          1284
                                          1285  # Front porch
              02ad 0102  ld   [$02]       1286  ld([channel])                   #1 Advance to next sound channel
                                          1287  label('sound3')                 # Return from vCPU interpreter
sound3:       02ae 2121  anda [$21]       1288  anda([channelMask])             #2
              02af 8001  adda $01         1289  adda(1)                         #3
              02b0 1880  ld   $80,out     1290  ld(syncBits^hSync,OUT)          #4 Start horizontal pulse
                                          1291
                                          1292  # Horizontal sync and sound channel update for scanlines outside vBlank
                                          1293  label('sound2')
sound2:       02b1 d602  st   [$02],y     1294  st([channel],Y)                 #5
              02b2 007f  ld   $7f         1295  ld(0x7f)                        #6
              02b3 29fe  anda [y,$fe]     1296  anda([Y,oscL])                  #7
              02b4 89fc  adda [y,$fc]     1297  adda([Y,keyL])                  #8
              02b5 cafe  st   [y,$fe]     1298  st([Y,oscL])                    #9
              02b6 3080  anda $80,x       1299  anda(0x80,X)                    #10
              02b7 0500  ld   [x]         1300  ld([X])                         #11
              02b8 89ff  adda [y,$ff]     1301  adda([Y,oscH])                  #12
              02b9 89fd  adda [y,$fd]     1302  adda([Y,keyH])                  #13
              02ba caff  st   [y,$ff]     1303  st([Y,oscH] )                   #14
              02bb 20fc  anda $fc         1304  anda(0xfc)                      #15
              02bc 69fb  xora [y,$fb]     1305  xora([Y,wavX])                  #16
              02bd 1200  ld   ac,x        1306  ld(AC,X)                        #17
              02be 09fa  ld   [y,$fa]     1307  ld([Y,wavA])                    #18
              02bf 1407  ld   $07,y       1308  ld(soundTable>>8,Y)             #19
              02c0 8d00  adda [y,x]       1309  adda([Y,X])                     #20
              02c1 e8c4  blt  $02c4       1310  bmi(pc()+3)                     #21
              02c2 fcc5  bra  $02c5       1311  bra(pc()+3)                     #22
              02c3 203f  anda $3f         1312  anda(63)                        #23
              02c4 003f  ld   $3f         1313  ld(63)                          #23(!)
              02c5 8103  adda [$03]       1314  adda([sample])                  #24
              02c6 c203  st   [$03]       1315  st([sample])                    #25
                                          1316
              02c7 0113  ld   [$13]       1317  ld([xout])                      #26 Gets copied to XOUT
              02c8 fd0d  bra  [$0d]       1318  bra([nextVideo])                #27
              02c9 18c0  ld   $c0,out     1319  ld(syncBits,OUT)                #28 End horizontal pulse
                                          1320
                                          1321  # Back porch B: second of 4 repeated scan lines
                                          1322  # - Recompute Xi from dXi and store for retrieval in the next scan lines
                                          1323  label('videoB')
videoB:       02ca 00d3  ld   $d3         1324  ld('videoC')                    #29 2nd scanline of 4
              02cb c20d  st   [$0d]       1325  st([nextVideo])                 #30
              02cc 1401  ld   $01,y       1326  ld(videoTable>>8,Y)             #31
              02cd 0109  ld   [$09]       1327  ld([videoY])                    #32
              02ce 9001  adda $01,x       1328  adda(1,X)                       #33
              02cf 011f  ld   [$1f]       1329  ld([frameX])                    #34
              02d0 8d00  adda [y,x]       1330  adda([Y,X])                     #35
              02d1 fd0a  bra  [$0a]       1331  bra([videoModeB])               #36
              02d2 d21f  st   [$1f],x     1332  st([frameX],X)                  #37 Store in RAM and X
                                          1333
                                          1334  # Back porch C: third of 4 repeated scan lines
                                          1335  # - Nothing new to for video do as Yi and Xi are known,
                                          1336  # - This is the time to emit and reset the next sound sample
                                          1337  label('videoC')
videoC:       02d3 00dc  ld   $dc         1338  ld('videoD')                    #29 3rd scanline of 4
              02d4 c20d  st   [$0d]       1339  st([nextVideo])                 #30
              02d5 0103  ld   [$03]       1340  ld([sample])                    #31 New sound sample is ready (didn't fit in the audio loop)
              02d6 400f  ora  $0f         1341  ora(0x0f)                       #32
              02d7 2114  anda [$14]       1342  anda([xoutMask])                #33
              02d8 c213  st   [$13]       1343  st([xout])                      #34 Update [xout] with new sample (4 channels just updated)
              02d9 c003  st   $03,[$03]   1344  st(sample, [sample])            #35 Reset for next sample
              02da fd0b  bra  [$0b]       1345  bra([videoModeC])               #36
              02db 111f  ld   [$1f],x     1346  ld([frameX],X)                  #37
                                          1347
                                          1348  # Back porch D: last of 4 repeated scan lines
                                          1349  # - Calculate the next frame index
                                          1350  # - Decide if this is the last line or not
                                          1351  label('videoD')                 # Default video mode
videoD:       02dc 111f  ld   [$1f],x     1352  ld([frameX], X)                 #29 4th scanline of 4
              02dd 0109  ld   [$09]       1353  ld([videoY])                    #30
              02de a0ee  suba $ee         1354  suba((120-1)*2)                 #31
                                          1355  beq('.lastpixels#34')           #32
              02df f0e5  beq  .lastpixels#34
              02e0 80f0  adda $f0         1356  adda(120*2)                     #33 More pixel lines to go
              02e1 c209  st   [$09]       1357  st([videoY])                    #34
              02e2 0001  ld   $01         1358  ld('videoA')                    #35
              02e3 fd0c  bra  [$0c]       1359  bra([videoModeD])               #36
              02e4 c20d  st   [$0d]       1360  st([nextVideo])                 #37
                                          1361
                                          1362  label('.lastpixels#34')
                                          1363  if soundDiscontinuity == 1:
.lastpixels#34:
              02e5 c003  st   $03,[$03]   1364    st(sample, [sample])          #34 Sound continuity
                                          1365  else:
                                          1366    nop()                         #34
              02e6 00e9  ld   $e9         1367  ld('videoE')                    #35 No more pixel lines to go
              02e7 fd0c  bra  [$0c]       1368  bra([videoModeD])               #36
              02e8 c20d  st   [$0d]       1369  st([nextVideo])                 #37
                                          1370
                                          1371  # Back porch "E": after the last line
                                          1372  # - Go back and and enter vertical blank (program page 2)
                                          1373  label('videoE') # Exit visible area
videoE:       02e9 1401  ld   $01,y       1374  ld(hi('vBlankStart'),Y)         #29 Return to vertical blank interval
              02ea e004  jmp  y,$04       1375  jmp(Y,'vBlankStart')            #30
              02eb 00c0  ld   $c0         1376  ld(syncBits)                    #31
                                          1377
                                          1378  # Video mode that blacks out one or more pixel lines from the top of screen.
                                          1379  # This yields some speed, but also frees up screen memory for other purposes.
                                          1380  # Note: Sound output becomes choppier the more pixel lines are skipped
                                          1381  # Note: The vertical blank driver leaves 0x80 behind in [videoSync1]
                                          1382  label('videoF')
videoF:       02ec 0120  ld   [$20]       1383  ld([videoSync1])                #29 Completely black pixel line
              02ed 8080  adda $80         1384  adda(0x80)                      #30
              02ee d220  st   [$20],x     1385  st([videoSync1],X)              #31
              02ef 011f  ld   [$1f]       1386  ld([frameX])                    #32
              02f0 a500  suba [x]         1387  suba([X])                       #33 Decrements every two VGA scanlines
              02f1 f0f4  beq  .videoF#36  1388  beq('.videoF#36')               #34
              02f2 c21f  st   [$1f]       1389  st([frameX])                    #35
              02f3 fcf6  bra  nopixels    1390  bra('nopixels')                 #36
                                          1391  label('.videoF#36')
.videoF#36:   02f4 0001  ld   $01         1392  ld('videoA')                    #36,37 Transfer to visible screen area
              02f5 c20d  st   [$0d]       1393  st([nextVideo])                 #37
                                          1394  #
                                          1395  # Alternative for pixel burst: faster application mode
                                          1396  label('nopixels')
nopixels:     02f6 00ff  ld   $ff         1397  runVcpu(200-38, 'ABCD line 40-520',
              02f7 c21e  st   [$1e]
              02f8 1505  ld   [$05],y
              02f9 e0ff  jmp  y,$ff
              02fa 003c  ld   $3c
                                          1398    returnTo=0x1ff)               #38 Application interpreter (black scanlines)
                                          1399
                                          1400  #-----------------------------------------------------------------------
                                          1401  #
                                          1402  #  $0300 ROM page 3: Application interpreter primary page
                                          1403  #
                                          1404  #-----------------------------------------------------------------------
                                          1405
                                          1406  # Enter the timing-aware application interpreter (aka virtual CPU, vCPU)
                                          1407  #
                                          1408  # This routine will execute as many as possible instructions in the
                                          1409  # allotted time. When time runs out, it synchronizes such that the total
                                          1410  # duration matches the caller's request. Durations are counted in `ticks',
                                          1411  # which are multiples of 2 clock cycles.
                                          1412  #
                                          1413  # Synopsis: Use the runVcpu() macro as entry point
                                          1414
                                          1415  # We let 'ENTER' begin one word before the page boundary, for a bit extra
                                          1416  # precious space in the packed interpreter code page. Although ENTER's
                                          1417  # first instruction is bra() which normally doesn't cross page boundaries,
                                          1418  # in this case it will still jump into the right space, because branches
                                          1419  # from $xxFF land in the next page anyway.
                                          1420  while pc()&255 < 255:
              02fb 0200  nop              1421    nop()
              02fc 0200  nop
              02fd 0200  nop
              02fe 0200  nop
                                          1422  label('ENTER')
ENTER:        02ff fc03  bra  .next2      1423  bra('.next2')                   #0 Enter at '.next2' (so no startup overhead)
                                          1424  # --- Page boundary ---
                                          1425  align(0x100,size=0x100)
                                          1426  label('NEXTY')                  # Alternative for REENTER
NEXTY:        0300 1517  ld   [$17],y     1427  ld([vPC+1],Y)                   #1
                                          1428
                                          1429  # Fetch next instruction and execute it, but only if there are sufficient
                                          1430  # ticks left for the slowest instruction.
                                          1431  label('NEXT')
NEXT:         0301 8115  adda [$15]       1432  adda([vTicks])                  #0 Track elapsed ticks (actually counting down: AC<0)
              0302 e80b  blt  EXIT        1433  blt('EXIT')                     #1 Escape near time out
                                          1434  label('.next2')
.next2:       0303 c215  st   [$15]       1435  st([vTicks])                    #2
              0304 0116  ld   [$16]       1436  ld([vPC])                       #3 Advance vPC
              0305 8002  adda $02         1437  adda(2)                         #4
              0306 d216  st   [$16],x     1438  st([vPC],X)                     #5
              0307 0d00  ld   [y,x]       1439  ld([Y,X])                       #6 Fetch opcode (actually a branch target)
              0308 de00  st   [y,x++]     1440  st([Y,Xpp])                     #7 Just X++
              0309 fe00  bra  ac          1441  bra(AC)                         #8 Dispatch
              030a 0d00  ld   [y,x]       1442  ld([Y,X])                       #9 Prefetch operand
                                          1443
                                          1444  # Resync with video driver and transfer control
                                          1445  label('EXIT')
EXIT:         030b 800e  adda $0e         1446  adda(maxTicks)                  #3
                                          1447  label('RESYNC')
RESYNC:       030c e40c  bgt  RESYNC      1448  bgt(pc()&255)                   #4 Resync
              030d a001  suba $01         1449  suba(1)                         #5
              030e 1401  ld   $01,y       1450  ld(hi('vBlankStart'),Y)         #6
              030f e11e  jmp  y,[$1e]     1451  jmp(Y,[vReturn])                #7 To video driver
              0310 0000  ld   $00         1452  ld(0)                           #8 AC should be 0 already. Still..
                                          1453  assert vCPU_overhead ==          9
                                          1454
                                          1455  # Instruction LDWI: Load immediate word constant (vAC=D), 20 cycles
                                          1456  label('LDWI')
LDWI:         0311 c218  st   [$18]       1457  st([vAC])                       #10
              0312 de00  st   [y,x++]     1458  st([Y,Xpp])                     #11 Just X++
              0313 0d00  ld   [y,x]       1459  ld([Y,X])                       #12 Fetch second operand
              0314 c219  st   [$19]       1460  st([vAC+1])                     #13
              0315 0116  ld   [$16]       1461  ld([vPC])                       #14 Advance vPC one more
              0316 8001  adda $01         1462  adda(1)                         #15
              0317 c216  st   [$16]       1463  st([vPC])                       #16
              0318 00f6  ld   $f6         1464  ld(-20/2)                       #17
              0319 fc01  bra  NEXT        1465  bra('NEXT')                     #18
                                          1466  #dummy()                        #19 Overlap
                                          1467  #
                                          1468  # Instruction LD: Load byte from zero page (vAC=[D]), 22 cycles
                                          1469  label('LD')
LD:           031a 1200  ld   ac,x        1470  ld(AC,X)                        #10,19
              031b 0500  ld   [x]         1471  ld([X])                         #11
              031c 1404  ld   $04,y       1472  ld(hi('ld#15'),Y)               #12
              031d e013  jmp  y,$13       1473  jmp(Y,'ld#15')                  #13
              031e c218  st   [$18]       1474  st([vAC])                       #14
                                          1475
                                          1476  # Instruction CMPHS: Adjust high byte for signed compare (vACH=XXX), 28 cycles
                                          1477  label('CMPHS_v5')
CMPHS_v5:     031f 140b  ld   $0b,y       1478  ld(hi('cmphs#13'),Y)            #10
              0320 e0bc  jmp  y,$bc       1479  jmp(Y,'cmphs#13')               #11
                                          1480  #ld(AC,X)                       #12 Overlap
                                          1481  #
                                          1482  # Instruction LDW: Load word from zero page (vAC=[D]+256*[D+1]), 20 cycles
                                          1483  label('LDW')
LDW:          0321 1200  ld   ac,x        1484  ld(AC,X)                        #10,12
              0322 8001  adda $01         1485  adda(1)                         #11
              0323 c21d  st   [$1d]       1486  st([vTmp])                      #12 Address of high byte
              0324 0500  ld   [x]         1487  ld([X])                         #13
              0325 c218  st   [$18]       1488  st([vAC])                       #14
              0326 111d  ld   [$1d],x     1489  ld([vTmp],X)                    #15
              0327 0500  ld   [x]         1490  ld([X])                         #16
              0328 c219  st   [$19]       1491  st([vAC+1])                     #17
              0329 fc01  bra  NEXT        1492  bra('NEXT')                     #18
              032a 00f6  ld   $f6         1493  ld(-20/2)                       #19
                                          1494
                                          1495  # Instruction STW: Store word in zero page ([D],[D+1]=vAC&255,vAC>>8), 20 cycles
                                          1496  label('STW')
STW:          032b 1200  ld   ac,x        1497  ld(AC,X)                        #10,20
              032c 8001  adda $01         1498  adda(1)                         #11
              032d c21d  st   [$1d]       1499  st([vTmp])                      #12 Address of high byte
              032e 0118  ld   [$18]       1500  ld([vAC])                       #13
              032f c600  st   [x]         1501  st([X])                         #14
              0330 111d  ld   [$1d],x     1502  ld([vTmp],X)                    #15
              0331 0119  ld   [$19]       1503  ld([vAC+1])                     #16
              0332 c600  st   [x]         1504  st([X])                         #17
              0333 fc01  bra  NEXT        1505  bra('NEXT')                     #18
              0334 00f6  ld   $f6         1506  ld(-20/2)                       #19
                                          1507
                                          1508  # Instruction BCC: Test AC sign and branch conditionally, 28 cycles
                                          1509  label('BCC')
BCC:          0335 0119  ld   [$19]       1510  ld([vAC+1])                     #10 First inspect high byte of vAC
              0336 ec40  bne  .bcc#13     1511  bne('.bcc#13')                  #11
              0337 c21d  st   [$1d]       1512  st([vTmp])                      #12
              0338 0118  ld   [$18]       1513  ld([vAC])                       #13 Additionally inspect low byte of vAC
              0339 f043  beq  .bcc#16     1514  beq('.bcc#16')                  #14
              033a 0001  ld   $01         1515  ld(1)                           #15
              033b c21d  st   [$1d]       1516  st([vTmp])                      #16
              033c 0d00  ld   [y,x]       1517  ld([Y,X])                       #17 Operand is the conditional
                                          1518  label('.bcc#18')
.bcc#18:      033d fe00  bra  ac          1519  bra(AC)                         #18
              033e 011d  ld   [$1d]       1520  ld([vTmp])                      #19
                                          1521
                                          1522  # Conditional EQ: Branch if zero (if(vACL==0)vPCL=D)
                                          1523  label('EQ')
EQ:           033f ec45  bne  .bcc#22     1524  bne('.bcc#22')                  #20
                                          1525  label('.bcc#13')
.bcc#13:      0340 f048  beq  .bcc#23     1526  beq('.bcc#23')                  #21,13 AC=0 in EQ, AC!=0 from BCC... Overlap with BCC
              0341 0d00  ld   [y,x]       1527  ld([Y,X])                       #22,14 Overlap with BCC
                                          1528  #
                                          1529  # (continue BCC)
                                          1530  #label('.bcc#13')
                                          1531  #dummy()                        #13
                                          1532  #dummy()                        #14
              0342 0200  nop              1533  nop()                           #15
                                          1534  label('.bcc#16')
.bcc#16:      0343 fc3d  bra  .bcc#18     1535  bra('.bcc#18')                  #16
              0344 0d00  ld   [y,x]       1536  ld([Y,X])                       #17 Operand is the conditional
                                          1537  label('.bcc#22')
.bcc#22:      0345 0116  ld   [$16]       1538  ld([vPC])                       #22 False condition
              0346 fc4a  bra  .bcc#25     1539  bra('.bcc#25')                  #23
              0347 8001  adda $01         1540  adda(1)                         #24
                                          1541  label('.bcc#23')
.bcc#23:      0348 de00  st   [y,x++]     1542  st([Y,Xpp])                     #23 Just X++ True condition
              0349 0d00  ld   [y,x]       1543  ld([Y,X])                       #24
                                          1544  label('.bcc#25')
.bcc#25:      034a c216  st   [$16]       1545  st([vPC])                       #25
              034b fc01  bra  NEXT        1546  bra('NEXT')                     #26
              034c 00f2  ld   $f2         1547  ld(-28/2)                       #27
                                          1548
                                          1549  # Conditional GT: Branch if positive (if(vACL>0)vPCL=D)
                                          1550  label('GT')
GT:           034d f845  ble  .bcc#22     1551  ble('.bcc#22')                  #20
              034e e448  bgt  .bcc#23     1552  bgt('.bcc#23')                  #21
              034f 0d00  ld   [y,x]       1553  ld([Y,X])                       #22
                                          1554
                                          1555  # Conditional LT: Branch if negative (if(vACL<0)vPCL=D)
                                          1556  label('LT')
LT:           0350 f445  bge  .bcc#22     1557  bge('.bcc#22')                  #20
              0351 e848  blt  .bcc#23     1558  blt('.bcc#23')                  #21
              0352 0d00  ld   [y,x]       1559  ld([Y,X])                       #22
                                          1560
                                          1561  # Conditional GE: Branch if positive or zero (if(vACL>=0)vPCL=D)
                                          1562  label('GE')
GE:           0353 e845  blt  .bcc#22     1563  blt('.bcc#22')                  #20
              0354 f448  bge  .bcc#23     1564  bge('.bcc#23')                  #21
              0355 0d00  ld   [y,x]       1565  ld([Y,X])                       #22
                                          1566
                                          1567  # Conditional LE: Branch if negative or zero (if(vACL<=0)vPCL=D)
                                          1568  label('LE')
LE:           0356 e445  bgt  .bcc#22     1569  bgt('.bcc#22')                  #20
              0357 f848  ble  .bcc#23     1570  ble('.bcc#23')                  #21
              0358 0d00  ld   [y,x]       1571  ld([Y,X])                       #22
                                          1572
                                          1573  # Instruction LDI: Load immediate small positive constant (vAC=D), 16 cycles
                                          1574  label('LDI')
LDI:          0359 c218  st   [$18]       1575  st([vAC])                       #10
              035a 0000  ld   $00         1576  ld(0)                           #11
              035b c219  st   [$19]       1577  st([vAC+1])                     #12
              035c fc00  bra  NEXTY       1578  bra('NEXTY')                    #13
              035d 00f8  ld   $f8         1579  ld(-16/2)                       #14
                                          1580
                                          1581  # Instruction ST: Store byte in zero page ([D]=vAC&255), 16 cycles
                                          1582  label('ST')
ST:           035e 1200  ld   ac,x        1583  ld(AC,X)                        #10,15
              035f 0118  ld   [$18]       1584  ld([vAC])                       #11
              0360 c600  st   [x]         1585  st([X])                         #12
              0361 fc00  bra  NEXTY       1586  bra('NEXTY')                    #13
              0362 00f8  ld   $f8         1587  ld(-16/2)                       #14
                                          1588
                                          1589  # Instruction POP: Pop address from stack (vLR,vSP==[vSP]+256*[vSP+1],vSP+2), 26 cycles
                                          1590  label('POP')
POP:          0363 111c  ld   [$1c],x     1591  ld([vSP],X)                     #10,15
              0364 0500  ld   [x]         1592  ld([X])                         #11
              0365 c21a  st   [$1a]       1593  st([vLR])                       #12
              0366 011c  ld   [$1c]       1594  ld([vSP])                       #13
              0367 9001  adda $01,x       1595  adda(1,X)                       #14
              0368 0500  ld   [x]         1596  ld([X])                         #15
              0369 c21b  st   [$1b]       1597  st([vLR+1])                     #16
              036a 011c  ld   [$1c]       1598  ld([vSP])                       #17
              036b 8002  adda $02         1599  adda(2)                         #18
              036c c21c  st   [$1c]       1600  st([vSP])                       #19
                                          1601  label('.pop#20')
.pop#20:      036d 0116  ld   [$16]       1602  ld([vPC])                       #20
              036e a001  suba $01         1603  suba(1)                         #21
              036f c216  st   [$16]       1604  st([vPC])                       #22
              0370 fc00  bra  NEXTY       1605  bra('NEXTY')                    #23
              0371 00f3  ld   $f3         1606  ld(-26/2)                       #24
                                          1607
                                          1608  # Conditional NE: Branch if not zero (if(vACL!=0)vPCL=D)
                                          1609  label('NE')
NE:           0372 f045  beq  .bcc#22     1610  beq('.bcc#22')                  #20,25
              0373 ec48  bne  .bcc#23     1611  bne('.bcc#23')                  #21
              0374 0d00  ld   [y,x]       1612  ld([Y,X])                       #22
                                          1613
                                          1614  # Instruction PUSH: Push vLR on stack ([vSP-2],v[vSP-1],vSP=vLR&255,vLR>>8,vLR-2), 26 cycles
                                          1615  label('PUSH')
PUSH:         0375 011c  ld   [$1c]       1616  ld([vSP])                       #10
              0376 b001  suba $01,x       1617  suba(1,X)                       #11
              0377 011b  ld   [$1b]       1618  ld([vLR+1])                     #12
              0378 c600  st   [x]         1619  st([X])                         #13
              0379 011c  ld   [$1c]       1620  ld([vSP])                       #14
              037a a002  suba $02         1621  suba(2)                         #15
              037b d21c  st   [$1c],x     1622  st([vSP],X)                     #16
              037c 011a  ld   [$1a]       1623  ld([vLR])                       #17
              037d fc6d  bra  .pop#20     1624  bra('.pop#20')                  #18
              037e c600  st   [x]         1625  st([X])                         #19
                                          1626
                                          1627  # Instruction LUP: ROM lookup (vAC=ROM[vAC+D]), 26 cycles
                                          1628  label('LUP')
LUP:          037f 1519  ld   [$19],y     1629  ld([vAC+1],Y)                   #10
              0380 e0fb  jmp  y,$fb       1630  jmp(Y,251)                      #11 Trampoline offset
              0381 8118  adda [$18]       1631  adda([vAC])                     #12
                                          1632
                                          1633  # Instruction ANDI: Logical-AND with small constant (vAC&=D), 22 cycles
                                          1634  label('ANDI')
ANDI:         0382 1404  ld   $04,y       1635  ld(hi('andi#13'),Y)             #10
              0383 e011  jmp  y,$11       1636  jmp(Y,'andi#13')                #11
              0384 2118  anda [$18]       1637  anda([vAC])                     #12
                                          1638
                                          1639  # Instruction CALLI: Goto immediate address and remember vPC (vLR,vPC=vPC+3,$HHLL-2), 28 cycles
                                          1640  label('CALLI_v5')
CALLI_v5:     0385 140b  ld   $0b,y       1641  ld(hi('calli#13'),Y)            #10
              0386 e0b0  jmp  y,$b0       1642  jmp(Y,'calli#13')               #11
              0387 0116  ld   [$16]       1643  ld([vPC])                       #12
                                          1644
                                          1645  # Instruction ORI: Logical-OR with small constant (vAC|=D), 14 cycles
                                          1646  label('ORI')
ORI:          0388 4118  ora  [$18]       1647  ora([vAC])                      #10
              0389 c218  st   [$18]       1648  st([vAC])                       #11
              038a fc01  bra  NEXT        1649  bra('NEXT')                     #12
              038b 00f9  ld   $f9         1650  ld(-14/2)                       #13
                                          1651
                                          1652  # Instruction XORI: Logical-XOR with small constant (vAC^=D), 14 cycles
                                          1653  label('XORI')
XORI:         038c 6118  xora [$18]       1654  xora([vAC])                     #10
              038d c218  st   [$18]       1655  st([vAC])                       #11
              038e fc01  bra  NEXT        1656  bra('NEXT')                     #12
              038f 00f9  ld   $f9         1657  ld(-14/2)                       #13
                                          1658
                                          1659  # Instruction BRA: Branch unconditionally (vPC=(vPC&0xff00)+D), 14 cycles
                                          1660  label('BRA')
BRA:          0390 c216  st   [$16]       1661  st([vPC])                       #10
              0391 fc00  bra  NEXTY       1662  bra('NEXTY')                    #11
              0392 00f9  ld   $f9         1663  ld(-14/2)                       #12
                                          1664
                                          1665  # Instruction INC: Increment zero page byte ([D]++), 20 cycles
                                          1666  label('INC')
INC:          0393 1200  ld   ac,x        1667  ld(AC,X)                        #10,13
              0394 1404  ld   $04,y       1668  ld(hi('inc#14'),Y)              #11
              0395 e0e4  jmp  y,$e4       1669  jmp(Y,'inc#14')                 #12
              0396 0001  ld   $01         1670  ld(1)                           #13
                                          1671
                                          1672  # Instruction CMPHU: Adjust high byte for unsigned compare (vACH=XXX), 28 cycles
                                          1673  label('CMPHU_v5')
CMPHU_v5:     0397 140b  ld   $0b,y       1674  ld(hi('cmphu#13'),Y)            #10
              0398 e0c8  jmp  y,$c8       1675  jmp(Y,'cmphu#13')               #11
                                          1676  #ld(AC,X)                       #12 Overlap
                                          1677  #
                                          1678  # Instruction ADDW: Word addition with zero page (vAC+=[D]+256*[D+1]), 28 cycles
                                          1679  label('ADDW')
                                          1680  # The non-carry paths could be 26 cycles at the expense of (much) more code.
                                          1681  # But a smaller size is better so more instructions fit in this code page.
                                          1682  # 28 cycles is still 4.5 usec. The 6502 equivalent takes 20 cycles or 20 usec.
ADDW:         0399 1200  ld   ac,x        1683  ld(AC,X)                        #10,12 Address of low byte to be added
              039a 8001  adda $01         1684  adda(1)                         #11
              039b c21d  st   [$1d]       1685  st([vTmp])                      #12 Address of high byte to be added
              039c 0118  ld   [$18]       1686  ld([vAC])                       #13 Add the low bytes
              039d 8500  adda [x]         1687  adda([X])                       #14
              039e c218  st   [$18]       1688  st([vAC])                       #15 Store low result
              039f e8a3  blt  .addw#18    1689  bmi('.addw#18')                 #16 Now figure out if there was a carry
              03a0 a500  suba [x]         1690  suba([X])                       #17 Gets back the initial value of vAC
              03a1 fca5  bra  .addw#20    1691  bra('.addw#20')                 #18
              03a2 4500  ora  [x]         1692  ora([X])                        #19 Carry in bit 7
                                          1693  label('.addw#18')
.addw#18:     03a3 2500  anda [x]         1694  anda([X])                       #18 Carry in bit 7
              03a4 0200  nop              1695  nop()                           #19
                                          1696  label('.addw#20')
.addw#20:     03a5 3080  anda $80,x       1697  anda(0x80,X)                    #20 Move carry to bit 0
              03a6 0500  ld   [x]         1698  ld([X])                         #21
              03a7 8119  adda [$19]       1699  adda([vAC+1])                   #22 Add the high bytes with carry
              03a8 111d  ld   [$1d],x     1700  ld([vTmp],X)                    #23
              03a9 8500  adda [x]         1701  adda([X])                       #24
              03aa c219  st   [$19]       1702  st([vAC+1])                     #25 Store high result
              03ab fc01  bra  NEXT        1703  bra('NEXT')                     #26
              03ac 00f2  ld   $f2         1704  ld(-28/2)                       #27
                                          1705
                                          1706  # Instruction PEEK: Read byte from memory (vAC=[vAC]), 26 cycles
                                          1707  label('PEEK')
PEEK:         03ad 1404  ld   $04,y       1708  ld(hi('peek'),Y)                #10
              03ae e062  jmp  y,$62       1709  jmp(Y,'peek')                   #11
                                          1710  #ld([vPC])                      #12 Overlap
                                          1711  #
                                          1712  # Instruction SYS: Native call, <=256 cycles (<=128 ticks, in reality less)
                                          1713  #
                                          1714  # The 'SYS' vCPU instruction first checks the number of desired ticks given by
                                          1715  # the operand. As long as there are insufficient ticks available in the current
                                          1716  # time slice, the instruction will be retried. This will effectively wait for
                                          1717  # the next scan line if the current slice is almost out of time. Then a jump to
                                          1718  # native code is made. This code can do whatever it wants, but it must return
                                          1719  # to the 'REENTER' label when done. When returning, AC must hold (the negative
                                          1720  # of) the actual consumed number of whole ticks for the entire virtual
                                          1721  # instruction cycle (from NEXT to NEXT). This duration may not exceed the prior
                                          1722  # declared duration in the operand + 28 (or maxTicks). The operand specifies the
                                          1723  # (negative) of the maximum number of *extra* ticks that the native call will
                                          1724  # need. The GCL compiler automatically makes this calculation from gross number
                                          1725  # of cycles to excess number of ticks.
                                          1726  # SYS functions can modify vPC to implement repetition. For example to split
                                          1727  # up work into multiple chucks.
                                          1728  label('.sys#13')
.sys#13:      03af 0116  ld   [$16]       1729  ld([vPC])                       #13,12 Retry until sufficient time
              03b0 a002  suba $02         1730  suba(2)                         #14
              03b1 c216  st   [$16]       1731  st([vPC])                       #15
              03b2 fccb  bra  REENTER     1732  bra('REENTER')                  #16
              03b3 00f6  ld   $f6         1733  ld(-20/2)                       #17
                                          1734  label('SYS')
SYS:          03b4 8115  adda [$15]       1735  adda([vTicks])                  #10
              03b5 e8af  blt  .sys#13     1736  blt('.sys#13')                  #11
              03b6 1523  ld   [$23],y     1737  ld([sysFn+1],Y)                 #12
              03b7 e122  jmp  y,[$22]     1738  jmp(Y,[sysFn])                  #13
                                          1739  #dummy()                        #14 Overlap
                                          1740  #
                                          1741  # Instruction SUBW: Word subtract with zero page (AC-=[D]+256*[D+1]), 28 cycles
                                          1742  # All cases can be done in 26 cycles, but the code will become much larger
                                          1743  label('SUBW')
SUBW:         03b8 1200  ld   ac,x        1744  ld(AC,X)                        #10,14 Address of low byte to be subtracted
              03b9 8001  adda $01         1745  adda(1)                         #11
              03ba c21d  st   [$1d]       1746  st([vTmp])                      #12 Address of high byte to be subtracted
              03bb 0118  ld   [$18]       1747  ld([vAC])                       #13
              03bc e8c1  blt  .subw#16    1748  bmi('.subw#16')                 #14
              03bd a500  suba [x]         1749  suba([X])                       #15
              03be c218  st   [$18]       1750  st([vAC])                       #16 Store low result
              03bf fcc4  bra  .subw#19    1751  bra('.subw#19')                 #17
              03c0 4500  ora  [x]         1752  ora([X])                        #18 Carry in bit 7
                                          1753  label('.subw#16')
.subw#16:     03c1 c218  st   [$18]       1754  st([vAC])                       #16 Store low result
              03c2 2500  anda [x]         1755  anda([X])                       #17 Carry in bit 7
              03c3 0200  nop              1756  nop()                           #18
                                          1757  label('.subw#19')
.subw#19:     03c4 3080  anda $80,x       1758  anda(0x80,X)                    #19 Move carry to bit 0
              03c5 0119  ld   [$19]       1759  ld([vAC+1])                     #20
              03c6 a500  suba [x]         1760  suba([X])                       #21
              03c7 111d  ld   [$1d],x     1761  ld([vTmp],X)                    #22
              03c8 a500  suba [x]         1762  suba([X])                       #23
              03c9 c219  st   [$19]       1763  st([vAC+1])                     #24
                                          1764  label('REENTER_28')
REENTER_28:   03ca 00f2  ld   $f2         1765  ld(-28/2)                       #25
                                          1766  label('REENTER')
REENTER:      03cb fc01  bra  NEXT        1767  bra('NEXT')                     #26 Return from SYS calls
              03cc 1517  ld   [$17],y     1768  ld([vPC+1],Y)                   #27
                                          1769
                                          1770  # Instruction DEF: Define data or code (vAC,vPC=vPC+2,(vPC&0xff00)+D), 24 cycles
                                          1771  label('DEF')
DEF:          03cd 1404  ld   $04,y       1772  ld(hi('def#13'),Y)              #10
              03ce e007  jmp  y,$07       1773  jmp(Y,'def#13')                 #11
                                          1774  #st([vTmp])                     #12 Overlap
                                          1775  #
                                          1776  # Instruction CALL: Goto address and remember vPC (vLR,vPC=vPC+2,[D]+256*[D+1]-2), 26 cycles
                                          1777  label('CALL')
CALL:         03cf c21d  st   [$1d]       1778  st([vTmp])                      #10,12
              03d0 0116  ld   [$16]       1779  ld([vPC])                       #11
              03d1 8002  adda $02         1780  adda(2)                         #12 Point to instruction after CALL
              03d2 c21a  st   [$1a]       1781  st([vLR])                       #13
              03d3 0117  ld   [$17]       1782  ld([vPC+1])                     #14
              03d4 c21b  st   [$1b]       1783  st([vLR+1])                     #15
              03d5 111d  ld   [$1d],x     1784  ld([vTmp],X)                    #16
              03d6 0500  ld   [x]         1785  ld([X])                         #17
              03d7 a002  suba $02         1786  suba(2)                         #18 Because NEXT will add 2
              03d8 c216  st   [$16]       1787  st([vPC])                       #19
              03d9 011d  ld   [$1d]       1788  ld([vTmp])                      #20
              03da 9001  adda $01,x       1789  adda(1,X)                       #21
              03db 0500  ld   [x]         1790  ld([X])                         #22
              03dc d617  st   [$17],y     1791  st([vPC+1],Y)                   #23
              03dd fc01  bra  NEXT        1792  bra('NEXT')                     #24
              03de 00f3  ld   $f3         1793  ld(-26/2)                       #25
                                          1794
                                          1795  # Instruction ALLOC: Create or destroy stack frame (vSP+=D), 14 cycles
                                          1796  label('ALLOC')
ALLOC:        03df 811c  adda [$1c]       1797  adda([vSP])                     #10
              03e0 c21c  st   [$1c]       1798  st([vSP])                       #11
              03e1 fc01  bra  NEXT        1799  bra('NEXT')                     #12
              03e2 00f9  ld   $f9         1800  ld(-14/2)                       #13
                                          1801
                                          1802  # The instructions below are all implemented in the second code page. Jumping
                                          1803  # back and forth makes each 6 cycles slower, but it also saves space in the
                                          1804  # primary page for the instructions above. Most of them are in fact not very
                                          1805  # critical, as evidenced by the fact that they weren't needed for the first
                                          1806  # Gigatron applications (Snake, Racer, Mandelbrot, Loader). By providing them
                                          1807  # in this way, at least they don't need to be implemented as a SYS extension.
                                          1808
                                          1809  # Instruction ADDI: Add small positive constant (vAC+=D), 28 cycles
                                          1810  label('ADDI')
ADDI:         03e3 1404  ld   $04,y       1811  ld(hi('addi'),Y)                #10
              03e4 e018  jmp  y,$18       1812  jmp(Y,'addi')                   #11
              03e5 c21d  st   [$1d]       1813  st([vTmp])                      #12
                                          1814
                                          1815  # Instruction SUBI: Subtract small positive constant (vAC+=D), 28 cycles
                                          1816  label('SUBI')
SUBI:         03e6 1404  ld   $04,y       1817  ld(hi('subi'),Y)                #10
              03e7 e026  jmp  y,$26       1818  jmp(Y,'subi')                   #11
              03e8 c21d  st   [$1d]       1819  st([vTmp])                      #12
                                          1820
                                          1821  # Instruction LSLW: Logical shift left (vAC<<=1), 28 cycles
                                          1822  # Useful, because ADDW can't add vAC to itself. Also more compact.
                                          1823  label('LSLW')
LSLW:         03e9 1404  ld   $04,y       1824  ld(hi('lslw'),Y)                #10
              03ea e035  jmp  y,$35       1825  jmp(Y,'lslw')                   #11
              03eb 0118  ld   [$18]       1826  ld([vAC])                       #12
                                          1827
                                          1828  # Instruction STLW: Store word in stack frame ([vSP+D],[vSP+D+1]=vAC&255,vAC>>8), 26 cycles
                                          1829  label('STLW')
STLW:         03ec 1404  ld   $04,y       1830  ld(hi('stlw'),Y)                #10
              03ed e041  jmp  y,$41       1831  jmp(Y,'stlw')                   #11
                                          1832  #dummy()                        #12 Overlap
                                          1833  #
                                          1834  # Instruction LDLW: Load word from stack frame (vAC=[vSP+D]+256*[vSP+D+1]), 26 cycles
                                          1835  label('LDLW')
LDLW:         03ee 1404  ld   $04,y       1836  ld(hi('ldlw'),Y)                #10,12
              03ef e04c  jmp  y,$4c       1837  jmp(Y,'ldlw')                   #11
                                          1838  #dummy()                        #12 Overlap
                                          1839  #
                                          1840  # Instruction POKE: Write byte in memory ([[D+1],[D]]=vAC&255), 28 cycles
                                          1841  label('POKE')
POKE:         03f0 1404  ld   $04,y       1842  ld(hi('poke'),Y)                #10,12
              03f1 e057  jmp  y,$57       1843  jmp(Y,'poke')                   #11
              03f2 c21d  st   [$1d]       1844  st([vTmp])                      #12
                                          1845
                                          1846  # Instruction DOKE: Write word in memory ([[D+1],[D]],[[D+1],[D]+1]=vAC&255,vAC>>8), 28 cycles
                                          1847  label('DOKE')
DOKE:         03f3 1404  ld   $04,y       1848  ld(hi('doke'),Y)                #10
              03f4 e06d  jmp  y,$6d       1849  jmp(Y,'doke')                   #11
              03f5 c21d  st   [$1d]       1850  st([vTmp])                      #12
                                          1851
                                          1852  # Instruction DEEK: Read word from memory (vAC=[vAC]+256*[vAC+1]), 28 cycles
                                          1853  label('DEEK')
DEEK:         03f6 1404  ld   $04,y       1854  ld(hi('deek'),Y)                #10
              03f7 e07a  jmp  y,$7a       1855  jmp(Y,'deek')                   #11
                                          1856  #dummy()                        #12 Overlap
                                          1857  #
                                          1858  # Instruction ANDW: Word logical-AND with zero page (vAC&=[D]+256*[D+1]), 28 cycles
                                          1859  label('ANDW')
ANDW:         03f8 1404  ld   $04,y       1860  ld(hi('andw'),Y)                #10,12
              03f9 e086  jmp  y,$86       1861  jmp(Y,'andw')                   #11
                                          1862  #dummy()                        #12 Overlap
                                          1863  #
                                          1864  # Instruction ORW: Word logical-OR with zero page (vAC|=[D]+256*[D+1]), 28 cycles
                                          1865  label('ORW')
ORW:          03fa 1404  ld   $04,y       1866  ld(hi('orw'),Y)                 #10,12
              03fb e091  jmp  y,$91       1867  jmp(Y,'orw')                    #11
                                          1868  #dummy()                        #12 Overlap
                                          1869  #
                                          1870  # Instruction XORW: Word logical-XOR with zero page (vAC^=[D]+256*[D+1]), 26 cycles
                                          1871  label('XORW')
XORW:         03fc 1404  ld   $04,y       1872  ld(hi('xorw'),Y)                #10,12
              03fd e09c  jmp  y,$9c       1873  jmp(Y,'xorw')                   #11
              03fe c21d  st   [$1d]       1874  st([vTmp])                      #12
                                          1875  # We keep XORW 2 cycles faster than ANDW/ORW, because that
                                          1876  # can be useful for comparing numbers for equality a tiny
                                          1877  # bit faster than with SUBW
                                          1878
                                          1879  # Instruction RET: Function return (vPC=vLR-2), 16 cycles
                                          1880  label('RET')
RET:          03ff 011a  ld   [$1a]       1881  ld([vLR])                       #10
                                          1882  assert pc()&255 == 0
                                          1883
                                          1884  #-----------------------------------------------------------------------
                                          1885  #
                                          1886  #  $0400 ROM page 4: Application interpreter extension
                                          1887  #
                                          1888  #-----------------------------------------------------------------------
                                          1889  align(0x100, size=0x100)
                                          1890
                                          1891  # (Continue RET)
              0400 a002  suba $02         1892  suba(2)                         #11
              0401 c216  st   [$16]       1893  st([vPC])                       #12
              0402 011b  ld   [$1b]       1894  ld([vLR+1])                     #13
              0403 c217  st   [$17]       1895  st([vPC+1])                     #14
              0404 1403  ld   $03,y       1896  ld(hi('REENTER'),Y)             #15
              0405 e0cb  jmp  y,$cb       1897  jmp(Y,'REENTER')                #16
              0406 00f6  ld   $f6         1898  ld(-20/2)                       #17
                                          1899
                                          1900  # DEF implementation
                                          1901  label('def#13')
def#13:       0407 0116  ld   [$16]       1902  ld([vPC])                       #13
              0408 8002  adda $02         1903  adda(2)                         #14
              0409 c218  st   [$18]       1904  st([vAC])                       #15
              040a 0117  ld   [$17]       1905  ld([vPC+1])                     #16
              040b c219  st   [$19]       1906  st([vAC+1])                     #17
              040c 011d  ld   [$1d]       1907  ld([vTmp])                      #18
              040d c216  st   [$16]       1908  st([vPC])                       #19
              040e 1403  ld   $03,y       1909  ld(hi('NEXTY'),Y)               #20
              040f e000  jmp  y,$00       1910  jmp(Y,'NEXTY')                  #21
              0410 00f4  ld   $f4         1911  ld(-24/2)                       #22
                                          1912
                                          1913  # Clear vACH (continuation of ANDI and LD instructions)
                                          1914  label('andi#13')
andi#13:      0411 0200  nop              1915  nop()                           #13
              0412 c218  st   [$18]       1916  st([vAC])                       #14
                                          1917  #
                                          1918  label('ld#15')
ld#15:        0413 0000  ld   $00         1919  ld(0)                           #15 Clear high byte
              0414 c219  st   [$19]       1920  st([vAC+1])                     #16
              0415 1403  ld   $03,y       1921  ld(hi('REENTER'),Y)             #17
              0416 e0cb  jmp  y,$cb       1922  jmp(Y,'REENTER')                #18
              0417 00f5  ld   $f5         1923  ld(-22/2)                       #19
                                          1924
                                          1925  # ADDI implementation
                                          1926  label('addi')
addi:         0418 8118  adda [$18]       1927  adda([vAC])                     #13
              0419 c218  st   [$18]       1928  st([vAC])                       #14 Store low result
              041a e81e  blt  .addi#17    1929  bmi('.addi#17')                 #15 Now figure out if there was a carry
              041b a11d  suba [$1d]       1930  suba([vTmp])                    #16 Gets back the initial value of vAC
              041c fc20  bra  .addi#19    1931  bra('.addi#19')                 #17
              041d 411d  ora  [$1d]       1932  ora([vTmp])                     #18 Carry in bit 7
                                          1933  label('.addi#17')
.addi#17:     041e 211d  anda [$1d]       1934  anda([vTmp])                    #17 Carry in bit 7
              041f 0200  nop              1935  nop()                           #18
                                          1936  label('.addi#19')
.addi#19:     0420 3080  anda $80,x       1937  anda(0x80,X)                    #19 Move carry to bit 0
              0421 0500  ld   [x]         1938  ld([X])                         #20
              0422 8119  adda [$19]       1939  adda([vAC+1])                   #21 Add the high bytes with carry
              0423 1403  ld   $03,y       1940  ld(hi('REENTER_28'),Y)          #22
              0424 e0ca  jmp  y,$ca       1941  jmp(Y,'REENTER_28')             #23
              0425 c219  st   [$19]       1942  st([vAC+1])                     #24 Store high result
                                          1943
                                          1944  # SUBI implementation
                                          1945  label('subi')
subi:         0426 0118  ld   [$18]       1946  ld([vAC])                       #13
              0427 e82c  blt  .subi#16    1947  bmi('.subi#16')                 #14
              0428 a11d  suba [$1d]       1948  suba([vTmp])                    #15
              0429 c218  st   [$18]       1949  st([vAC])                       #16 Store low result
              042a fc2f  bra  .subi#19    1950  bra('.subi#19')                 #17
              042b 411d  ora  [$1d]       1951  ora([vTmp])                     #18 Carry in bit 7
                                          1952  label('.subi#16')
.subi#16:     042c c218  st   [$18]       1953  st([vAC])                       #16 Store low result
              042d 211d  anda [$1d]       1954  anda([vTmp])                    #17 Carry in bit 7
              042e 0200  nop              1955  nop()                           #18
                                          1956  label('.subi#19')
.subi#19:     042f 3080  anda $80,x       1957  anda(0x80,X)                    #19 Move carry to bit 0
              0430 0119  ld   [$19]       1958  ld([vAC+1])                     #20
              0431 a500  suba [x]         1959  suba([X])                       #21
              0432 1403  ld   $03,y       1960  ld(hi('REENTER_28'),Y)          #22
              0433 e0ca  jmp  y,$ca       1961  jmp(Y,'REENTER_28')             #23
              0434 c219  st   [$19]       1962  st([vAC+1])                     #24
                                          1963
                                          1964  # LSLW implementation
                                          1965  label('lslw')
lslw:         0435 3080  anda $80,x       1966  anda(128,X)                     #13
              0436 8118  adda [$18]       1967  adda([vAC])                     #14
              0437 c218  st   [$18]       1968  st([vAC])                       #15
              0438 0500  ld   [x]         1969  ld([X])                         #16
              0439 8119  adda [$19]       1970  adda([vAC+1])                   #17
              043a 8119  adda [$19]       1971  adda([vAC+1])                   #18
              043b c219  st   [$19]       1972  st([vAC+1])                     #19
              043c 0116  ld   [$16]       1973  ld([vPC])                       #20
              043d a001  suba $01         1974  suba(1)                         #21
              043e 1403  ld   $03,y       1975  ld(hi('REENTER_28'),Y)          #22
              043f e0ca  jmp  y,$ca       1976  jmp(Y,'REENTER_28')             #23
              0440 c216  st   [$16]       1977  st([vPC])                       #24
                                          1978
                                          1979  # STLW implementation
                                          1980  label('stlw')
stlw:         0441 811c  adda [$1c]       1981  adda([vSP])                     #13
              0442 c21d  st   [$1d]       1982  st([vTmp])                      #14
              0443 9001  adda $01,x       1983  adda(1,X)                       #15
              0444 0119  ld   [$19]       1984  ld([vAC+1])                     #16
              0445 c600  st   [x]         1985  st([X])                         #17
              0446 111d  ld   [$1d],x     1986  ld([vTmp],X)                    #18
              0447 0118  ld   [$18]       1987  ld([vAC])                       #19
              0448 c600  st   [x]         1988  st([X])                         #20
              0449 1403  ld   $03,y       1989  ld(hi('REENTER'),Y)             #21
              044a e0cb  jmp  y,$cb       1990  jmp(Y,'REENTER')                #22
              044b 00f3  ld   $f3         1991  ld(-26/2)                       #23
                                          1992
                                          1993  # LDLW implementation
                                          1994  label('ldlw')
ldlw:         044c 811c  adda [$1c]       1995  adda([vSP])                     #13
              044d c21d  st   [$1d]       1996  st([vTmp])                      #14
              044e 9001  adda $01,x       1997  adda(1,X)                       #15
              044f 0500  ld   [x]         1998  ld([X])                         #16
              0450 c219  st   [$19]       1999  st([vAC+1])                     #17
              0451 111d  ld   [$1d],x     2000  ld([vTmp],X)                    #18
              0452 0500  ld   [x]         2001  ld([X])                         #19
              0453 c218  st   [$18]       2002  st([vAC])                       #20
              0454 1403  ld   $03,y       2003  ld(hi('REENTER'),Y)             #21
              0455 e0cb  jmp  y,$cb       2004  jmp(Y,'REENTER')                #22
              0456 00f3  ld   $f3         2005  ld(-26/2)                       #23
                                          2006
                                          2007  # POKE implementation
                                          2008  label('poke')
poke:         0457 9001  adda $01,x       2009  adda(1,X)                       #13
              0458 0500  ld   [x]         2010  ld([X])                         #14
              0459 1600  ld   ac,y        2011  ld(AC,Y)                        #15
              045a 111d  ld   [$1d],x     2012  ld([vTmp],X)                    #16
              045b 0500  ld   [x]         2013  ld([X])                         #17
              045c 1200  ld   ac,x        2014  ld(AC,X)                        #18
              045d 0118  ld   [$18]       2015  ld([vAC])                       #19
              045e ce00  st   [y,x]       2016  st([Y,X])                       #20
              045f 1403  ld   $03,y       2017  ld(hi('REENTER'),Y)             #21
              0460 e0cb  jmp  y,$cb       2018  jmp(Y,'REENTER')                #22
              0461 00f3  ld   $f3         2019  ld(-26/2)                       #23
                                          2020
                                          2021  # PEEK implementation
                                          2022  label('peek')
peek:         0462 a001  suba $01         2023  suba(1)                         #13
              0463 c216  st   [$16]       2024  st([vPC])                       #14
              0464 1118  ld   [$18],x     2025  ld([vAC],X)                     #15
              0465 1519  ld   [$19],y     2026  ld([vAC+1],Y)                   #16
              0466 0d00  ld   [y,x]       2027  ld([Y,X])                       #17
              0467 c218  st   [$18]       2028  st([vAC])                       #18
                                          2029  label('lupReturn#19')           #Nice coincidence that lupReturn can be here
lupReturn#19: 0468 0000  ld   $00         2030  ld(0)                           #19
              0469 c219  st   [$19]       2031  st([vAC+1])                     #20
              046a 1403  ld   $03,y       2032  ld(hi('REENTER'),Y)             #21
              046b e0cb  jmp  y,$cb       2033  jmp(Y,'REENTER')                #22
              046c 00f3  ld   $f3         2034  ld(-26/2)                       #23
                                          2035
                                          2036  # DOKE implementation
                                          2037  label('doke')
doke:         046d 9001  adda $01,x       2038  adda(1,X)                       #13
              046e 0500  ld   [x]         2039  ld([X])                         #14
              046f 1600  ld   ac,y        2040  ld(AC,Y)                        #15
              0470 111d  ld   [$1d],x     2041  ld([vTmp],X)                    #16
              0471 0500  ld   [x]         2042  ld([X])                         #17
              0472 1200  ld   ac,x        2043  ld(AC,X)                        #18
              0473 0118  ld   [$18]       2044  ld([vAC])                       #19
              0474 de00  st   [y,x++]     2045  st([Y,Xpp])                     #20
              0475 0119  ld   [$19]       2046  ld([vAC+1])                     #21
              0476 ce00  st   [y,x]       2047  st([Y,X])                       #22 Incompatible with REENTER_28
              0477 1403  ld   $03,y       2048  ld(hi('REENTER'),Y)             #23
              0478 e0cb  jmp  y,$cb       2049  jmp(Y,'REENTER')                #24
              0479 00f2  ld   $f2         2050  ld(-28/2)                       #25
                                          2051
                                          2052  # DEEK implementation
                                          2053  label('deek')
deek:         047a 0116  ld   [$16]       2054  ld([vPC])                       #13
              047b a001  suba $01         2055  suba(1)                         #14
              047c c216  st   [$16]       2056  st([vPC])                       #15
              047d 1118  ld   [$18],x     2057  ld([vAC],X)                     #16
              047e 1519  ld   [$19],y     2058  ld([vAC+1],Y)                   #17
              047f 0d00  ld   [y,x]       2059  ld([Y,X])                       #18
              0480 de00  st   [y,x++]     2060  st([Y,Xpp])                     #19 Just X++
              0481 c218  st   [$18]       2061  st([vAC])                       #20
              0482 0d00  ld   [y,x]       2062  ld([Y,X])                       #21
              0483 1403  ld   $03,y       2063  ld(hi('REENTER_28'),Y)          #22
              0484 e0ca  jmp  y,$ca       2064  jmp(Y,'REENTER_28')             #23
              0485 c219  st   [$19]       2065  st([vAC+1])                     #24
                                          2066
                                          2067  # ANDW implementation
                                          2068  label('andw')
andw:         0486 c21d  st   [$1d]       2069  st([vTmp])                      #13
              0487 9001  adda $01,x       2070  adda(1,X)                       #14
              0488 0500  ld   [x]         2071  ld([X])                         #15
              0489 2119  anda [$19]       2072  anda([vAC+1])                   #16
              048a c219  st   [$19]       2073  st([vAC+1])                     #17
              048b 111d  ld   [$1d],x     2074  ld([vTmp],X)                    #18
              048c 0500  ld   [x]         2075  ld([X])                         #19
              048d 2118  anda [$18]       2076  anda([vAC])                     #20
              048e c218  st   [$18]       2077  st([vAC])                       #21
              048f 1403  ld   $03,y       2078  ld(hi('REENTER_28'),Y)          #22
              0490 e0ca  jmp  y,$ca       2079  jmp(Y,'REENTER_28')             #23
                                          2080  #dummy()                        #24 Overlap
                                          2081  #
                                          2082  # ORW implementation
                                          2083  label('orw')
orw:          0491 c21d  st   [$1d]       2084  st([vTmp])                      #13,24
              0492 9001  adda $01,x       2085  adda(1,X)                       #14
              0493 0500  ld   [x]         2086  ld([X])                         #15
              0494 4119  ora  [$19]       2087  ora([vAC+1])                    #16
              0495 c219  st   [$19]       2088  st([vAC+1])                     #17
              0496 111d  ld   [$1d],x     2089  ld([vTmp],X)                    #18
              0497 0500  ld   [x]         2090  ld([X])                         #19
              0498 4118  ora  [$18]       2091  ora([vAC])                      #20
              0499 c218  st   [$18]       2092  st([vAC])                       #21
              049a 1403  ld   $03,y       2093  ld(hi('REENTER_28'),Y)          #22
              049b e0ca  jmp  y,$ca       2094  jmp(Y,'REENTER_28')             #23
                                          2095  #dummy()                        #24 Overlap
                                          2096  #
                                          2097  # XORW implementation
                                          2098  label('xorw')
xorw:         049c 9001  adda $01,x       2099  adda(1,X)                       #13,24
              049d 0500  ld   [x]         2100  ld([X])                         #14
              049e 6119  xora [$19]       2101  xora([vAC+1])                   #15
              049f c219  st   [$19]       2102  st([vAC+1])                     #16
              04a0 111d  ld   [$1d],x     2103  ld([vTmp],X)                    #17
              04a1 0500  ld   [x]         2104  ld([X])                         #18
              04a2 6118  xora [$18]       2105  xora([vAC])                     #19
              04a3 c218  st   [$18]       2106  st([vAC])                       #20
              04a4 1403  ld   $03,y       2107  ld(hi('REENTER'),Y)             #21
              04a5 e0cb  jmp  y,$cb       2108  jmp(Y,'REENTER')                #22
              04a6 00f3  ld   $f3         2109  ld(-26/2)                       #23
                                          2110
                                          2111  #-----------------------------------------------------------------------
                                          2112  #
                                          2113  #  vCPU extension functions (for acceleration and compaction) follow below.
                                          2114  #
                                          2115  #  The naming convention is: SYS_<CamelCase>[_v<V>]_<N>
                                          2116  #
                                          2117  #  With <N> the maximum number of cycles the function will run
                                          2118  #  (counted from NEXT to NEXT). This is the same number that must
                                          2119  #  be passed to the 'SYS' vCPU instruction as operand, and it will
                                          2120  #  appear in the GCL code upon use.
                                          2121  #
                                          2122  #  If a SYS extension got introduced after ROM v1, the version number of
                                          2123  #  introduction is included in the name. This helps the programmer to be
                                          2124  #  reminded to verify the acutal ROM version and fail gracefully on older
                                          2125  #  ROMs than required. See also Docs/GT1-files.txt on using [romType].
                                          2126  #
                                          2127  #-----------------------------------------------------------------------
                                          2128
                                          2129  #-----------------------------------------------------------------------
                                          2130  # Extension SYS_Random_34: Update entropy and copy to vAC
                                          2131  #-----------------------------------------------------------------------
                                          2132
                                          2133  # This same algorithm runs automatically once per vertical blank.
                                          2134  # Use this function to get numbers at a higher rate.
                                          2135  #
                                          2136  # Variables:
                                          2137  #       vAC
                                          2138
                                          2139  label('SYS_Random_34')
SYS_Random_34:
              04a7 010e  ld   [$0e]       2140  ld([frameCount])                #15
              04a8 6107  xora [$07]       2141  xora([entropy+1])               #16
              04a9 610f  xora [$0f]       2142  xora([serialRaw])               #17
              04aa 8106  adda [$06]       2143  adda([entropy+0])               #18
              04ab c206  st   [$06]       2144  st([entropy+0])                 #19
              04ac c218  st   [$18]       2145  st([vAC+0])                     #20
              04ad 8108  adda [$08]       2146  adda([entropy+2])               #21
              04ae c208  st   [$08]       2147  st([entropy+2])                 #22
              04af e8b2  blt  .sysRnd0    2148  bmi('.sysRnd0')                 #23
              04b0 fcb3  bra  .sysRnd1    2149  bra('.sysRnd1')                 #24
              04b1 6053  xora $53         2150  xora(64+16+2+1)                 #25
                                          2151  label('.sysRnd0')
.sysRnd0:     04b2 606c  xora $6c         2152  xora(64+32+8+4)                 #25
                                          2153  label('.sysRnd1')
.sysRnd1:     04b3 8107  adda [$07]       2154  adda([entropy+1])               #26
              04b4 c207  st   [$07]       2155  st([entropy+1])                 #27
              04b5 c219  st   [$19]       2156  st([vAC+1])                     #28
              04b6 1403  ld   $03,y       2157  ld(hi('REENTER'),Y)             #29
              04b7 e0cb  jmp  y,$cb       2158  jmp(Y,'REENTER')                #30
              04b8 00ef  ld   $ef         2159  ld(-34/2)                       #31
                                          2160
                                          2161  label('SYS_LSRW7_30')
SYS_LSRW7_30: 04b9 0118  ld   [$18]       2162  ld([vAC])                       #15
              04ba 3080  anda $80,x       2163  anda(128,X)                     #16
              04bb 0119  ld   [$19]       2164  ld([vAC+1])                     #17
              04bc 8200  adda ac          2165  adda(AC)                        #18
              04bd 4500  ora  [x]         2166  ora([X])                        #19
              04be c218  st   [$18]       2167  st([vAC])                       #20
              04bf 0119  ld   [$19]       2168  ld([vAC+1])                     #21
              04c0 3080  anda $80,x       2169  anda(128,X)                     #22
              04c1 0500  ld   [x]         2170  ld([X])                         #23
              04c2 c219  st   [$19]       2171  st([vAC+1])                     #24
              04c3 1403  ld   $03,y       2172  ld(hi('REENTER'),Y)             #25
              04c4 e0cb  jmp  y,$cb       2173  jmp(Y,'REENTER')                #26
              04c5 00f1  ld   $f1         2174  ld(-30/2)                       #27
                                          2175
                                          2176  label('SYS_LSRW8_24')
SYS_LSRW8_24: 04c6 0119  ld   [$19]       2177  ld([vAC+1])                     #15
              04c7 c218  st   [$18]       2178  st([vAC])                       #16
              04c8 0000  ld   $00         2179  ld(0)                           #17
              04c9 c219  st   [$19]       2180  st([vAC+1])                     #18
              04ca 1403  ld   $03,y       2181  ld(hi('REENTER'),Y)             #19
              04cb e0cb  jmp  y,$cb       2182  jmp(Y,'REENTER')                #20
              04cc 00f4  ld   $f4         2183  ld(-24/2)                       #21
                                          2184
                                          2185  label('SYS_LSLW8_24')
SYS_LSLW8_24: 04cd 0118  ld   [$18]       2186  ld([vAC])                       #15
              04ce c219  st   [$19]       2187  st([vAC+1])                     #16
              04cf 0000  ld   $00         2188  ld(0)                           #17
              04d0 c218  st   [$18]       2189  st([vAC])                       #18
              04d1 1403  ld   $03,y       2190  ld(hi('REENTER'),Y)             #19
              04d2 e0cb  jmp  y,$cb       2191  jmp(Y,'REENTER')                #20
              04d3 00f4  ld   $f4         2192  ld(-24/2)                       #21
                                          2193
                                          2194  #-----------------------------------------------------------------------
                                          2195  # Extension SYS_Draw4_30
                                          2196  #-----------------------------------------------------------------------
                                          2197
                                          2198  # Draw 4 pixels on screen, horizontally next to each other
                                          2199  #
                                          2200  # Variables:
                                          2201  #       sysArgs[0:3]    Pixels (in)
                                          2202  #       sysArgs[4:5]    Position on screen (in)
                                          2203
                                          2204  label('SYS_Draw4_30')
SYS_Draw4_30: 04d4 1128  ld   [$28],x     2205  ld([sysArgs+4],X)               #15
              04d5 1529  ld   [$29],y     2206  ld([sysArgs+5],Y)               #16
              04d6 0124  ld   [$24]       2207  ld([sysArgs+0])                 #17
              04d7 de00  st   [y,x++]     2208  st([Y,Xpp])                     #18
              04d8 0125  ld   [$25]       2209  ld([sysArgs+1])                 #19
              04d9 de00  st   [y,x++]     2210  st([Y,Xpp])                     #20
              04da 0126  ld   [$26]       2211  ld([sysArgs+2])                 #21
              04db de00  st   [y,x++]     2212  st([Y,Xpp])                     #22
              04dc 0127  ld   [$27]       2213  ld([sysArgs+3])                 #23
              04dd de00  st   [y,x++]     2214  st([Y,Xpp])                     #24
              04de 1403  ld   $03,y       2215  ld(hi('REENTER'),Y)             #25
              04df e0cb  jmp  y,$cb       2216  jmp(Y,'REENTER')                #26
              04e0 00f1  ld   $f1         2217  ld(-30/2)                       #27
                                          2218
                                          2219  #-----------------------------------------------------------------------
                                          2220  # Extension SYS_VDrawBits_134:
                                          2221  #-----------------------------------------------------------------------
                                          2222
                                          2223  # Draw slice of a character, 8 pixels vertical
                                          2224  #
                                          2225  # Variables:
                                          2226  #       sysArgs[0]      Color 0 "background" (in)
                                          2227  #       sysArgs[1]      Color 1 "pen" (in)
                                          2228  #       sysArgs[2]      8 bits, highest bit first (in, changed)
                                          2229  #       sysArgs[4:5]    Position on screen (in)
                                          2230
                                          2231  label('SYS_VDrawBits_134')
SYS_VDrawBits_134:
              04e1 140e  ld   $0e,y       2232  ld(hi('sys_VDrawBits'),Y)       #15
              04e2 e08f  jmp  y,$8f       2233  jmp(Y,'sys_VDrawBits')          #16
              04e3 1128  ld   [$28],x     2234  ld([sysArgs+4],X)               #17
                                          2235
                                          2236  #-----------------------------------------------------------------------
                                          2237
                                          2238  # INC implementation
                                          2239  label('inc#14')
inc#14:       04e4 8500  adda [x]         2240  adda([X])                       #14
              04e5 c600  st   [x]         2241  st([X])                         #15
              04e6 1403  ld   $03,y       2242  ld(hi('NEXTY'),Y)               #16
              04e7 e000  jmp  y,$00       2243  jmp(Y,'NEXTY')                  #17
              04e8 00f6  ld   $f6         2244  ld(-20/2)                       #18
                                          2245
                                          2246  # Interrupt handler:
                                          2247  #       ST   $xx        -> optionally store vCpuSelect
                                          2248  #       ... IRQ payload ...
                                          2249  # either:
                                          2250  #       LDWI $400
                                          2251  #       LUP  0          -> vRTI and don't switch interpreter (immediate resume)
                                          2252  # or:
                                          2253  #       LDWI $400
                                          2254  #       LUP  $xx        -> vRTI and switch interpreter type as stored in [$xx]
              04e9 0200  nop              2255  fillers(until=251-11)
              04ea 0200  nop
              04eb 0200  nop
              * 7 times
                                          2256  label('vRTI#15')
vRTI#15:      04f0 0130  ld   [$30]       2257  ld([0x30])                      #15 Continue with vCPU in the same timeslice (faster)
              04f1 c216  st   [$16]       2258  st([vPC])                       #16
              04f2 0131  ld   [$31]       2259  ld([0x31])                      #17
              04f3 c217  st   [$17]       2260  st([vPC+1])                     #18
              04f4 0132  ld   [$32]       2261  ld([0x32])                      #19
              04f5 c218  st   [$18]       2262  st([vAC])                       #20
              04f6 0133  ld   [$33]       2263  ld([0x33])                      #21
              04f7 c219  st   [$19]       2264  st([vAC+1])                     #22
              04f8 1403  ld   $03,y       2265  ld(hi('REENTER'),Y)             #23
              04f9 e0cb  jmp  y,$cb       2266  jmp(Y,'REENTER')                #24
              04fa 00f2  ld   $f2         2267  ld(-28/2)                       #25
                                          2268  # vRTI entry point
                                          2269  assert(pc()&255 == 251)         # The landing offset 251 for LUP trampoline is fixed
              04fb f0f0  beq  vRTI#15     2270  beq('vRTI#15')                  #13 vRTI sequence
              04fc 9001  adda $01,x       2271  adda(1,X)                       #14
              04fd 140e  ld   $0e,y       2272  ld(hi('vRTI#18'),Y)             #15 Switch and wait for end of timeslice (slower)
              04fe e020  jmp  y,$20       2273  jmp(Y,'vRTI#18')                #16
              04ff c21d  st   [$1d]       2274  st([vTmp])                      #17
                                          2275
                                          2276  #-----------------------------------------------------------------------
                                          2277  #
                                          2278  #  $0500 ROM page 5-6: Shift table and code
                                          2279  #
                                          2280  #-----------------------------------------------------------------------
                                          2281
                                          2282  align(0x100, size=0x200)
                                          2283
                                          2284  # Lookup table for i>>n, with n in 1..6
                                          2285  # Indexing ix = i & ~b | (b-1), where b = 1<<(n-1)
                                          2286  #       ...
                                          2287  #       ld   <.ret
                                          2288  #       st   [vTmp]
                                          2289  #       ld   >shiftTable,y
                                          2290  #       <calculate ix>
                                          2291  #       jmp  y,ac
                                          2292  #       bra  $ff
                                          2293  # .ret: ...
                                          2294  #
                                          2295  # i >> 7 can be always be done with RAM: [i&128]
                                          2296  #       ...
                                          2297  #       anda $80,x
                                          2298  #       ld   [x]
                                          2299  #       ...
                                          2300
                                          2301  label('shiftTable')
                                          2302  shiftTable = pc()
                                          2303
                                          2304  for ix in range(255):
                                          2305    for n in range(1,7): # Find first zero
                                          2306      if ~ix & (1 << (n-1)):
                                          2307        break
                                          2308    pattern = ['x' if i<n else '1' if ix&(1<<i) else '0' for i in range(8)]
                                          2309    ld(ix>>n); C('0b%s >> %d' % (''.join(reversed(pattern)), n))
shiftTable:   0500 0000  ld   $00         ;0b0000000x >> 1
              0501 0000  ld   $00         ;0b000000xx >> 2
              0502 0001  ld   $01         ;0b0000001x >> 1
              0503 0000  ld   $00         ;0b00000xxx >> 3
              0504 0002  ld   $02         ;0b0000010x >> 1
              0505 0001  ld   $01         ;0b000001xx >> 2
              0506 0003  ld   $03         ;0b0000011x >> 1
              0507 0000  ld   $00         ;0b0000xxxx >> 4
              0508 0004  ld   $04         ;0b0000100x >> 1
              0509 0002  ld   $02         ;0b000010xx >> 2
              050a 0005  ld   $05         ;0b0000101x >> 1
              050b 0001  ld   $01         ;0b00001xxx >> 3
              050c 0006  ld   $06         ;0b0000110x >> 1
              050d 0003  ld   $03         ;0b000011xx >> 2
              050e 0007  ld   $07         ;0b0000111x >> 1
              050f 0000  ld   $00         ;0b000xxxxx >> 5
              0510 0008  ld   $08         ;0b0001000x >> 1
              0511 0004  ld   $04         ;0b000100xx >> 2
              0512 0009  ld   $09         ;0b0001001x >> 1
              0513 0002  ld   $02         ;0b00010xxx >> 3
              0514 000a  ld   $0a         ;0b0001010x >> 1
              0515 0005  ld   $05         ;0b000101xx >> 2
              0516 000b  ld   $0b         ;0b0001011x >> 1
              0517 0001  ld   $01         ;0b0001xxxx >> 4
              0518 000c  ld   $0c         ;0b0001100x >> 1
              0519 0006  ld   $06         ;0b000110xx >> 2
              051a 000d  ld   $0d         ;0b0001101x >> 1
              051b 0003  ld   $03         ;0b00011xxx >> 3
              051c 000e  ld   $0e         ;0b0001110x >> 1
              051d 0007  ld   $07         ;0b000111xx >> 2
              051e 000f  ld   $0f         ;0b0001111x >> 1
              051f 0000  ld   $00         ;0b00xxxxxx >> 6
              0520 0010  ld   $10         ;0b0010000x >> 1
              0521 0008  ld   $08         ;0b001000xx >> 2
              0522 0011  ld   $11         ;0b0010001x >> 1
              0523 0004  ld   $04         ;0b00100xxx >> 3
              0524 0012  ld   $12         ;0b0010010x >> 1
              0525 0009  ld   $09         ;0b001001xx >> 2
              0526 0013  ld   $13         ;0b0010011x >> 1
              0527 0002  ld   $02         ;0b0010xxxx >> 4
              0528 0014  ld   $14         ;0b0010100x >> 1
              0529 000a  ld   $0a         ;0b001010xx >> 2
              052a 0015  ld   $15         ;0b0010101x >> 1
              052b 0005  ld   $05         ;0b00101xxx >> 3
              052c 0016  ld   $16         ;0b0010110x >> 1
              052d 000b  ld   $0b         ;0b001011xx >> 2
              052e 0017  ld   $17         ;0b0010111x >> 1
              052f 0001  ld   $01         ;0b001xxxxx >> 5
              0530 0018  ld   $18         ;0b0011000x >> 1
              0531 000c  ld   $0c         ;0b001100xx >> 2
              0532 0019  ld   $19         ;0b0011001x >> 1
              0533 0006  ld   $06         ;0b00110xxx >> 3
              0534 001a  ld   $1a         ;0b0011010x >> 1
              0535 000d  ld   $0d         ;0b001101xx >> 2
              0536 001b  ld   $1b         ;0b0011011x >> 1
              0537 0003  ld   $03         ;0b0011xxxx >> 4
              0538 001c  ld   $1c         ;0b0011100x >> 1
              0539 000e  ld   $0e         ;0b001110xx >> 2
              053a 001d  ld   $1d         ;0b0011101x >> 1
              053b 0007  ld   $07         ;0b00111xxx >> 3
              053c 001e  ld   $1e         ;0b0011110x >> 1
              053d 000f  ld   $0f         ;0b001111xx >> 2
              053e 001f  ld   $1f         ;0b0011111x >> 1
              053f 0000  ld   $00         ;0b00xxxxxx >> 6
              0540 0020  ld   $20         ;0b0100000x >> 1
              0541 0010  ld   $10         ;0b010000xx >> 2
              0542 0021  ld   $21         ;0b0100001x >> 1
              0543 0008  ld   $08         ;0b01000xxx >> 3
              0544 0022  ld   $22         ;0b0100010x >> 1
              0545 0011  ld   $11         ;0b010001xx >> 2
              0546 0023  ld   $23         ;0b0100011x >> 1
              0547 0004  ld   $04         ;0b0100xxxx >> 4
              0548 0024  ld   $24         ;0b0100100x >> 1
              0549 0012  ld   $12         ;0b010010xx >> 2
              054a 0025  ld   $25         ;0b0100101x >> 1
              054b 0009  ld   $09         ;0b01001xxx >> 3
              054c 0026  ld   $26         ;0b0100110x >> 1
              054d 0013  ld   $13         ;0b010011xx >> 2
              054e 0027  ld   $27         ;0b0100111x >> 1
              054f 0002  ld   $02         ;0b010xxxxx >> 5
              0550 0028  ld   $28         ;0b0101000x >> 1
              0551 0014  ld   $14         ;0b010100xx >> 2
              0552 0029  ld   $29         ;0b0101001x >> 1
              0553 000a  ld   $0a         ;0b01010xxx >> 3
              0554 002a  ld   $2a         ;0b0101010x >> 1
              0555 0015  ld   $15         ;0b010101xx >> 2
              0556 002b  ld   $2b         ;0b0101011x >> 1
              0557 0005  ld   $05         ;0b0101xxxx >> 4
              0558 002c  ld   $2c         ;0b0101100x >> 1
              0559 0016  ld   $16         ;0b010110xx >> 2
              055a 002d  ld   $2d         ;0b0101101x >> 1
              055b 000b  ld   $0b         ;0b01011xxx >> 3
              055c 002e  ld   $2e         ;0b0101110x >> 1
              055d 0017  ld   $17         ;0b010111xx >> 2
              055e 002f  ld   $2f         ;0b0101111x >> 1
              055f 0001  ld   $01         ;0b01xxxxxx >> 6
              0560 0030  ld   $30         ;0b0110000x >> 1
              0561 0018  ld   $18         ;0b011000xx >> 2
              0562 0031  ld   $31         ;0b0110001x >> 1
              0563 000c  ld   $0c         ;0b01100xxx >> 3
              0564 0032  ld   $32         ;0b0110010x >> 1
              0565 0019  ld   $19         ;0b011001xx >> 2
              0566 0033  ld   $33         ;0b0110011x >> 1
              0567 0006  ld   $06         ;0b0110xxxx >> 4
              0568 0034  ld   $34         ;0b0110100x >> 1
              0569 001a  ld   $1a         ;0b011010xx >> 2
              056a 0035  ld   $35         ;0b0110101x >> 1
              056b 000d  ld   $0d         ;0b01101xxx >> 3
              056c 0036  ld   $36         ;0b0110110x >> 1
              056d 001b  ld   $1b         ;0b011011xx >> 2
              056e 0037  ld   $37         ;0b0110111x >> 1
              056f 0003  ld   $03         ;0b011xxxxx >> 5
              0570 0038  ld   $38         ;0b0111000x >> 1
              0571 001c  ld   $1c         ;0b011100xx >> 2
              0572 0039  ld   $39         ;0b0111001x >> 1
              0573 000e  ld   $0e         ;0b01110xxx >> 3
              0574 003a  ld   $3a         ;0b0111010x >> 1
              0575 001d  ld   $1d         ;0b011101xx >> 2
              0576 003b  ld   $3b         ;0b0111011x >> 1
              0577 0007  ld   $07         ;0b0111xxxx >> 4
              0578 003c  ld   $3c         ;0b0111100x >> 1
              0579 001e  ld   $1e         ;0b011110xx >> 2
              057a 003d  ld   $3d         ;0b0111101x >> 1
              057b 000f  ld   $0f         ;0b01111xxx >> 3
              057c 003e  ld   $3e         ;0b0111110x >> 1
              057d 001f  ld   $1f         ;0b011111xx >> 2
              057e 003f  ld   $3f         ;0b0111111x >> 1
              057f 0001  ld   $01         ;0b01xxxxxx >> 6
              0580 0040  ld   $40         ;0b1000000x >> 1
              0581 0020  ld   $20         ;0b100000xx >> 2
              0582 0041  ld   $41         ;0b1000001x >> 1
              0583 0010  ld   $10         ;0b10000xxx >> 3
              0584 0042  ld   $42         ;0b1000010x >> 1
              0585 0021  ld   $21         ;0b100001xx >> 2
              0586 0043  ld   $43         ;0b1000011x >> 1
              0587 0008  ld   $08         ;0b1000xxxx >> 4
              0588 0044  ld   $44         ;0b1000100x >> 1
              0589 0022  ld   $22         ;0b100010xx >> 2
              058a 0045  ld   $45         ;0b1000101x >> 1
              058b 0011  ld   $11         ;0b10001xxx >> 3
              058c 0046  ld   $46         ;0b1000110x >> 1
              058d 0023  ld   $23         ;0b100011xx >> 2
              058e 0047  ld   $47         ;0b1000111x >> 1
              058f 0004  ld   $04         ;0b100xxxxx >> 5
              0590 0048  ld   $48         ;0b1001000x >> 1
              0591 0024  ld   $24         ;0b100100xx >> 2
              0592 0049  ld   $49         ;0b1001001x >> 1
              0593 0012  ld   $12         ;0b10010xxx >> 3
              0594 004a  ld   $4a         ;0b1001010x >> 1
              0595 0025  ld   $25         ;0b100101xx >> 2
              0596 004b  ld   $4b         ;0b1001011x >> 1
              0597 0009  ld   $09         ;0b1001xxxx >> 4
              0598 004c  ld   $4c         ;0b1001100x >> 1
              0599 0026  ld   $26         ;0b100110xx >> 2
              059a 004d  ld   $4d         ;0b1001101x >> 1
              059b 0013  ld   $13         ;0b10011xxx >> 3
              059c 004e  ld   $4e         ;0b1001110x >> 1
              059d 0027  ld   $27         ;0b100111xx >> 2
              059e 004f  ld   $4f         ;0b1001111x >> 1
              059f 0002  ld   $02         ;0b10xxxxxx >> 6
              05a0 0050  ld   $50         ;0b1010000x >> 1
              05a1 0028  ld   $28         ;0b101000xx >> 2
              05a2 0051  ld   $51         ;0b1010001x >> 1
              05a3 0014  ld   $14         ;0b10100xxx >> 3
              05a4 0052  ld   $52         ;0b1010010x >> 1
              05a5 0029  ld   $29         ;0b101001xx >> 2
              05a6 0053  ld   $53         ;0b1010011x >> 1
              05a7 000a  ld   $0a         ;0b1010xxxx >> 4
              05a8 0054  ld   $54         ;0b1010100x >> 1
              05a9 002a  ld   $2a         ;0b101010xx >> 2
              05aa 0055  ld   $55         ;0b1010101x >> 1
              05ab 0015  ld   $15         ;0b10101xxx >> 3
              05ac 0056  ld   $56         ;0b1010110x >> 1
              05ad 002b  ld   $2b         ;0b101011xx >> 2
              05ae 0057  ld   $57         ;0b1010111x >> 1
              05af 0005  ld   $05         ;0b101xxxxx >> 5
              05b0 0058  ld   $58         ;0b1011000x >> 1
              05b1 002c  ld   $2c         ;0b101100xx >> 2
              05b2 0059  ld   $59         ;0b1011001x >> 1
              05b3 0016  ld   $16         ;0b10110xxx >> 3
              05b4 005a  ld   $5a         ;0b1011010x >> 1
              05b5 002d  ld   $2d         ;0b101101xx >> 2
              05b6 005b  ld   $5b         ;0b1011011x >> 1
              05b7 000b  ld   $0b         ;0b1011xxxx >> 4
              05b8 005c  ld   $5c         ;0b1011100x >> 1
              05b9 002e  ld   $2e         ;0b101110xx >> 2
              05ba 005d  ld   $5d         ;0b1011101x >> 1
              05bb 0017  ld   $17         ;0b10111xxx >> 3
              05bc 005e  ld   $5e         ;0b1011110x >> 1
              05bd 002f  ld   $2f         ;0b101111xx >> 2
              05be 005f  ld   $5f         ;0b1011111x >> 1
              05bf 0002  ld   $02         ;0b10xxxxxx >> 6
              05c0 0060  ld   $60         ;0b1100000x >> 1
              05c1 0030  ld   $30         ;0b110000xx >> 2
              05c2 0061  ld   $61         ;0b1100001x >> 1
              05c3 0018  ld   $18         ;0b11000xxx >> 3
              05c4 0062  ld   $62         ;0b1100010x >> 1
              05c5 0031  ld   $31         ;0b110001xx >> 2
              05c6 0063  ld   $63         ;0b1100011x >> 1
              05c7 000c  ld   $0c         ;0b1100xxxx >> 4
              05c8 0064  ld   $64         ;0b1100100x >> 1
              05c9 0032  ld   $32         ;0b110010xx >> 2
              05ca 0065  ld   $65         ;0b1100101x >> 1
              05cb 0019  ld   $19         ;0b11001xxx >> 3
              05cc 0066  ld   $66         ;0b1100110x >> 1
              05cd 0033  ld   $33         ;0b110011xx >> 2
              05ce 0067  ld   $67         ;0b1100111x >> 1
              05cf 0006  ld   $06         ;0b110xxxxx >> 5
              05d0 0068  ld   $68         ;0b1101000x >> 1
              05d1 0034  ld   $34         ;0b110100xx >> 2
              05d2 0069  ld   $69         ;0b1101001x >> 1
              05d3 001a  ld   $1a         ;0b11010xxx >> 3
              05d4 006a  ld   $6a         ;0b1101010x >> 1
              05d5 0035  ld   $35         ;0b110101xx >> 2
              05d6 006b  ld   $6b         ;0b1101011x >> 1
              05d7 000d  ld   $0d         ;0b1101xxxx >> 4
              05d8 006c  ld   $6c         ;0b1101100x >> 1
              05d9 0036  ld   $36         ;0b110110xx >> 2
              05da 006d  ld   $6d         ;0b1101101x >> 1
              05db 001b  ld   $1b         ;0b11011xxx >> 3
              05dc 006e  ld   $6e         ;0b1101110x >> 1
              05dd 0037  ld   $37         ;0b110111xx >> 2
              05de 006f  ld   $6f         ;0b1101111x >> 1
              05df 0003  ld   $03         ;0b11xxxxxx >> 6
              05e0 0070  ld   $70         ;0b1110000x >> 1
              05e1 0038  ld   $38         ;0b111000xx >> 2
              05e2 0071  ld   $71         ;0b1110001x >> 1
              05e3 001c  ld   $1c         ;0b11100xxx >> 3
              05e4 0072  ld   $72         ;0b1110010x >> 1
              05e5 0039  ld   $39         ;0b111001xx >> 2
              05e6 0073  ld   $73         ;0b1110011x >> 1
              05e7 000e  ld   $0e         ;0b1110xxxx >> 4
              05e8 0074  ld   $74         ;0b1110100x >> 1
              05e9 003a  ld   $3a         ;0b111010xx >> 2
              05ea 0075  ld   $75         ;0b1110101x >> 1
              05eb 001d  ld   $1d         ;0b11101xxx >> 3
              05ec 0076  ld   $76         ;0b1110110x >> 1
              05ed 003b  ld   $3b         ;0b111011xx >> 2
              05ee 0077  ld   $77         ;0b1110111x >> 1
              05ef 0007  ld   $07         ;0b111xxxxx >> 5
              05f0 0078  ld   $78         ;0b1111000x >> 1
              05f1 003c  ld   $3c         ;0b111100xx >> 2
              05f2 0079  ld   $79         ;0b1111001x >> 1
              05f3 001e  ld   $1e         ;0b11110xxx >> 3
              05f4 007a  ld   $7a         ;0b1111010x >> 1
              05f5 003d  ld   $3d         ;0b111101xx >> 2
              05f6 007b  ld   $7b         ;0b1111011x >> 1
              05f7 000f  ld   $0f         ;0b1111xxxx >> 4
              05f8 007c  ld   $7c         ;0b1111100x >> 1
              05f9 003e  ld   $3e         ;0b111110xx >> 2
              05fa 007d  ld   $7d         ;0b1111101x >> 1
              05fb 001f  ld   $1f         ;0b11111xxx >> 3
              05fc 007e  ld   $7e         ;0b1111110x >> 1
              05fd 003f  ld   $3f         ;0b111111xx >> 2
              05fe 007f  ld   $7f         ;0b1111111x >> 1
                                          2310
                                          2311  assert pc()&255 == 255
              05ff fd1d  bra  [$1d]       2312  bra([vTmp])                     # Jumps back into next page
                                          2313
                                          2314  label('SYS_LSRW1_48')
                                          2315  assert pc()&255 == 0            # First instruction on this page *must* be a nop
SYS_LSRW1_48: 0600 0200  nop              2316  nop()                           #15
              0601 1405  ld   $05,y       2317  ld(hi('shiftTable'),Y)          #16 Logical shift right 1 bit (X >> 1)
              0602 0008  ld   $08         2318  ld('.sysLsrw1a')                #17 Shift low byte
              0603 c21d  st   [$1d]       2319  st([vTmp])                      #18
              0604 0118  ld   [$18]       2320  ld([vAC])                       #19
              0605 20fe  anda $fe         2321  anda(0b11111110)                #20
              0606 e200  jmp  y,ac        2322  jmp(Y,AC)                       #21
              0607 fcff  bra  $ff         2323  bra(255)                        #22 bra shiftTable+255
                                          2324  label('.sysLsrw1a')
.sysLsrw1a:   0608 c218  st   [$18]       2325  st([vAC])                       #26
              0609 0119  ld   [$19]       2326  ld([vAC+1])                     #27 Transfer bit 8
              060a 2001  anda $01         2327  anda(1)                         #28
              060b 807f  adda $7f         2328  adda(127)                       #29
              060c 2080  anda $80         2329  anda(128)                       #30
              060d 4118  ora  [$18]       2330  ora([vAC])                      #31
              060e c218  st   [$18]       2331  st([vAC])                       #32
              060f 0015  ld   $15         2332  ld('.sysLsrw1b')                #33 Shift high byte
              0610 c21d  st   [$1d]       2333  st([vTmp])                      #34
              0611 0119  ld   [$19]       2334  ld([vAC+1])                     #35
              0612 20fe  anda $fe         2335  anda(0b11111110)                #36
              0613 e200  jmp  y,ac        2336  jmp(Y,AC)                       #37
              0614 fcff  bra  $ff         2337  bra(255)                        #38 bra shiftTable+255
                                          2338  label('.sysLsrw1b')
.sysLsrw1b:   0615 c219  st   [$19]       2339  st([vAC+1])                     #42
              0616 1403  ld   $03,y       2340  ld(hi('REENTER'),Y)             #43
              0617 e0cb  jmp  y,$cb       2341  jmp(Y,'REENTER')                #44
              0618 00e8  ld   $e8         2342  ld(-48/2)                       #45
                                          2343
                                          2344  label('SYS_LSRW2_52')
SYS_LSRW2_52: 0619 1405  ld   $05,y       2345  ld(hi('shiftTable'),Y)          #15 Logical shift right 2 bit (X >> 2)
              061a 0021  ld   $21         2346  ld('.sysLsrw2a')                #16 Shift low byte
              061b c21d  st   [$1d]       2347  st([vTmp])                      #17
              061c 0118  ld   [$18]       2348  ld([vAC])                       #18
              061d 20fc  anda $fc         2349  anda(0b11111100)                #19
              061e 4001  ora  $01         2350  ora( 0b00000001)                #20
              061f e200  jmp  y,ac        2351  jmp(Y,AC)                       #21
              0620 fcff  bra  $ff         2352  bra(255)                        #22 bra shiftTable+255
                                          2353  label('.sysLsrw2a')
.sysLsrw2a:   0621 c218  st   [$18]       2354  st([vAC])                       #26
              0622 0119  ld   [$19]       2355  ld([vAC+1])                     #27 Transfer bit 8:9
              0623 8200  adda ac          2356  adda(AC)                        #28
              0624 8200  adda ac          2357  adda(AC)                        #29
              0625 8200  adda ac          2358  adda(AC)                        #30
              0626 8200  adda ac          2359  adda(AC)                        #31
              0627 8200  adda ac          2360  adda(AC)                        #32
              0628 8200  adda ac          2361  adda(AC)                        #33
              0629 4118  ora  [$18]       2362  ora([vAC])                      #34
              062a c218  st   [$18]       2363  st([vAC])                       #35
              062b 0032  ld   $32         2364  ld('.sysLsrw2b')                #36 Shift high byte
              062c c21d  st   [$1d]       2365  st([vTmp])                      #37
              062d 0119  ld   [$19]       2366  ld([vAC+1])                     #38
              062e 20fc  anda $fc         2367  anda(0b11111100)                #39
              062f 4001  ora  $01         2368  ora( 0b00000001)                #40
              0630 e200  jmp  y,ac        2369  jmp(Y,AC)                       #41
              0631 fcff  bra  $ff         2370  bra(255)                        #42 bra shiftTable+255
                                          2371  label('.sysLsrw2b')
.sysLsrw2b:   0632 c219  st   [$19]       2372  st([vAC+1])                     #46
              0633 1403  ld   $03,y       2373  ld(hi('REENTER'),Y)             #47
              0634 e0cb  jmp  y,$cb       2374  jmp(Y,'REENTER')                #48
              0635 00e6  ld   $e6         2375  ld(-52/2)                       #49
                                          2376
                                          2377  label('SYS_LSRW3_52')
SYS_LSRW3_52: 0636 1405  ld   $05,y       2378  ld(hi('shiftTable'),Y)          #15 Logical shift right 3 bit (X >> 3)
              0637 003e  ld   $3e         2379  ld('.sysLsrw3a')                #16 Shift low byte
              0638 c21d  st   [$1d]       2380  st([vTmp])                      #17
              0639 0118  ld   [$18]       2381  ld([vAC])                       #18
              063a 20f8  anda $f8         2382  anda(0b11111000)                #19
              063b 4003  ora  $03         2383  ora( 0b00000011)                #20
              063c e200  jmp  y,ac        2384  jmp(Y,AC)                       #21
              063d fcff  bra  $ff         2385  bra(255)                        #22 bra shiftTable+255
                                          2386  label('.sysLsrw3a')
.sysLsrw3a:   063e c218  st   [$18]       2387  st([vAC])                       #26
              063f 0119  ld   [$19]       2388  ld([vAC+1])                     #27 Transfer bit 8:10
              0640 8200  adda ac          2389  adda(AC)                        #28
              0641 8200  adda ac          2390  adda(AC)                        #29
              0642 8200  adda ac          2391  adda(AC)                        #30
              0643 8200  adda ac          2392  adda(AC)                        #31
              0644 8200  adda ac          2393  adda(AC)                        #32
              0645 4118  ora  [$18]       2394  ora([vAC])                      #33
              0646 c218  st   [$18]       2395  st([vAC])                       #34
              0647 004e  ld   $4e         2396  ld('.sysLsrw3b')                #35 Shift high byte
              0648 c21d  st   [$1d]       2397  st([vTmp])                      #36
              0649 0119  ld   [$19]       2398  ld([vAC+1])                     #37
              064a 20f8  anda $f8         2399  anda(0b11111000)                #38
              064b 4003  ora  $03         2400  ora( 0b00000011)                #39
              064c e200  jmp  y,ac        2401  jmp(Y,AC)                       #40
              064d fcff  bra  $ff         2402  bra(255)                        #41 bra shiftTable+255
                                          2403  label('.sysLsrw3b')
.sysLsrw3b:   064e c219  st   [$19]       2404  st([vAC+1])                     #45
              064f 00e6  ld   $e6         2405  ld(-52/2)                       #46
              0650 1403  ld   $03,y       2406  ld(hi('REENTER'),Y)             #47
              0651 e0cb  jmp  y,$cb       2407  jmp(Y,'REENTER')                #48
                                          2408  #nop()                          #49
                                          2409
                                          2410  label('SYS_LSRW4_50')
SYS_LSRW4_50: 0652 1405  ld   $05,y       2411  ld(hi('shiftTable'),Y)          #15,49 Logical shift right 4 bit (X >> 4)
              0653 005a  ld   $5a         2412  ld('.sysLsrw4a')                #16 Shift low byte
              0654 c21d  st   [$1d]       2413  st([vTmp])                      #17
              0655 0118  ld   [$18]       2414  ld([vAC])                       #18
              0656 20f0  anda $f0         2415  anda(0b11110000)                #19
              0657 4007  ora  $07         2416  ora( 0b00000111)                #20
              0658 e200  jmp  y,ac        2417  jmp(Y,AC)                       #21
              0659 fcff  bra  $ff         2418  bra(255)                        #22 bra shiftTable+255
                                          2419  label('.sysLsrw4a')
.sysLsrw4a:   065a c218  st   [$18]       2420  st([vAC])                       #26
              065b 0119  ld   [$19]       2421  ld([vAC+1])                     #27 Transfer bit 8:11
              065c 8200  adda ac          2422  adda(AC)                        #28
              065d 8200  adda ac          2423  adda(AC)                        #29
              065e 8200  adda ac          2424  adda(AC)                        #30
              065f 8200  adda ac          2425  adda(AC)                        #31
              0660 4118  ora  [$18]       2426  ora([vAC])                      #32
              0661 c218  st   [$18]       2427  st([vAC])                       #33
              0662 0069  ld   $69         2428  ld('.sysLsrw4b')                #34 Shift high byte'
              0663 c21d  st   [$1d]       2429  st([vTmp])                      #35
              0664 0119  ld   [$19]       2430  ld([vAC+1])                     #36
              0665 20f0  anda $f0         2431  anda(0b11110000)                #37
              0666 4007  ora  $07         2432  ora( 0b00000111)                #38
              0667 e200  jmp  y,ac        2433  jmp(Y,AC)                       #39
              0668 fcff  bra  $ff         2434  bra(255)                        #40 bra shiftTable+255
                                          2435  label('.sysLsrw4b')
.sysLsrw4b:   0669 c219  st   [$19]       2436  st([vAC+1])                     #44
              066a 1403  ld   $03,y       2437  ld(hi('REENTER'),Y)             #45
              066b e0cb  jmp  y,$cb       2438  jmp(Y,'REENTER')                #46
              066c 00e7  ld   $e7         2439  ld(-50/2)                       #47
                                          2440
                                          2441  label('SYS_LSRW5_50')
SYS_LSRW5_50: 066d 1405  ld   $05,y       2442  ld(hi('shiftTable'),Y)          #15 Logical shift right 5 bit (X >> 5)
              066e 0075  ld   $75         2443  ld('.sysLsrw5a')                #16 Shift low byte
              066f c21d  st   [$1d]       2444  st([vTmp])                      #17
              0670 0118  ld   [$18]       2445  ld([vAC])                       #18
              0671 20e0  anda $e0         2446  anda(0b11100000)                #19
              0672 400f  ora  $0f         2447  ora( 0b00001111)                #20
              0673 e200  jmp  y,ac        2448  jmp(Y,AC)                       #21
              0674 fcff  bra  $ff         2449  bra(255)                        #22 bra shiftTable+255
                                          2450  label('.sysLsrw5a')
.sysLsrw5a:   0675 c218  st   [$18]       2451  st([vAC])                       #26
              0676 0119  ld   [$19]       2452  ld([vAC+1])                     #27 Transfer bit 8:13
              0677 8200  adda ac          2453  adda(AC)                        #28
              0678 8200  adda ac          2454  adda(AC)                        #29
              0679 8200  adda ac          2455  adda(AC)                        #30
              067a 4118  ora  [$18]       2456  ora([vAC])                      #31
              067b c218  st   [$18]       2457  st([vAC])                       #32
              067c 0083  ld   $83         2458  ld('.sysLsrw5b')                #33 Shift high byte
              067d c21d  st   [$1d]       2459  st([vTmp])                      #34
              067e 0119  ld   [$19]       2460  ld([vAC+1])                     #35
              067f 20e0  anda $e0         2461  anda(0b11100000)                #36
              0680 400f  ora  $0f         2462  ora( 0b00001111)                #37
              0681 e200  jmp  y,ac        2463  jmp(Y,AC)                       #38
              0682 fcff  bra  $ff         2464  bra(255)                        #39 bra shiftTable+255
                                          2465  label('.sysLsrw5b')
.sysLsrw5b:   0683 c219  st   [$19]       2466  st([vAC+1])                     #44
              0684 00e7  ld   $e7         2467  ld(-50/2)                       #45
              0685 1403  ld   $03,y       2468  ld(hi('REENTER'),Y)             #46
              0686 e0cb  jmp  y,$cb       2469  jmp(Y,'REENTER')                #47
                                          2470  #nop()                          #48
                                          2471
                                          2472  label('SYS_LSRW6_48')
SYS_LSRW6_48: 0687 1405  ld   $05,y       2473  ld(hi('shiftTable'),Y)          #15,44 Logical shift right 6 bit (X >> 6)
              0688 008f  ld   $8f         2474  ld('.sysLsrw6a')                #16 Shift low byte
              0689 c21d  st   [$1d]       2475  st([vTmp])                      #17
              068a 0118  ld   [$18]       2476  ld([vAC])                       #18
              068b 20c0  anda $c0         2477  anda(0b11000000)                #19
              068c 401f  ora  $1f         2478  ora( 0b00011111)                #20
              068d e200  jmp  y,ac        2479  jmp(Y,AC)                       #21
              068e fcff  bra  $ff         2480  bra(255)                        #22 bra shiftTable+255
                                          2481  label('.sysLsrw6a')
.sysLsrw6a:   068f c218  st   [$18]       2482  st([vAC])                       #26
              0690 0119  ld   [$19]       2483  ld([vAC+1])                     #27 Transfer bit 8:13
              0691 8200  adda ac          2484  adda(AC)                        #28
              0692 8200  adda ac          2485  adda(AC)                        #29
              0693 4118  ora  [$18]       2486  ora([vAC])                      #30
              0694 c218  st   [$18]       2487  st([vAC])                       #31
              0695 009c  ld   $9c         2488  ld('.sysLsrw6b')                #32 Shift high byte
              0696 c21d  st   [$1d]       2489  st([vTmp])                      #33
              0697 0119  ld   [$19]       2490  ld([vAC+1])                     #34
              0698 20c0  anda $c0         2491  anda(0b11000000)                #35
              0699 401f  ora  $1f         2492  ora( 0b00011111)                #36
              069a e200  jmp  y,ac        2493  jmp(Y,AC)                       #37
              069b fcff  bra  $ff         2494  bra(255)                        #38 bra shiftTable+255
                                          2495  label('.sysLsrw6b')
.sysLsrw6b:   069c c219  st   [$19]       2496  st([vAC+1])                     #42
              069d 1403  ld   $03,y       2497  ld(hi('REENTER'),Y)             #43
              069e e0cb  jmp  y,$cb       2498  jmp(Y,'REENTER')                #44
              069f 00e8  ld   $e8         2499  ld(-48/2)                       #45
                                          2500
                                          2501  label('SYS_LSLW4_46')
SYS_LSLW4_46: 06a0 1405  ld   $05,y       2502  ld(hi('shiftTable'),Y)          #15 Logical shift left 4 bit (X << 4)
              06a1 00ae  ld   $ae         2503  ld('.sysLsrl4')                 #16
              06a2 c21d  st   [$1d]       2504  st([vTmp])                      #17
              06a3 0119  ld   [$19]       2505  ld([vAC+1])                     #18
              06a4 8200  adda ac          2506  adda(AC)                        #19
              06a5 8200  adda ac          2507  adda(AC)                        #20
              06a6 8200  adda ac          2508  adda(AC)                        #21
              06a7 8200  adda ac          2509  adda(AC)                        #22
              06a8 c219  st   [$19]       2510  st([vAC+1])                     #23
              06a9 0118  ld   [$18]       2511  ld([vAC])                       #24
              06aa 20f0  anda $f0         2512  anda(0b11110000)                #25
              06ab 4007  ora  $07         2513  ora( 0b00000111)                #26
              06ac e200  jmp  y,ac        2514  jmp(Y,AC)                       #27
              06ad fcff  bra  $ff         2515  bra(255)                        #28 bra shiftTable+255
                                          2516  label('.sysLsrl4')
.sysLsrl4:    06ae 4119  ora  [$19]       2517  ora([vAC+1])                    #32
              06af c219  st   [$19]       2518  st([vAC+1])                     #33
              06b0 0118  ld   [$18]       2519  ld([vAC])                       #34
              06b1 8200  adda ac          2520  adda(AC)                        #35
              06b2 8200  adda ac          2521  adda(AC)                        #36
              06b3 8200  adda ac          2522  adda(AC)                        #37
              06b4 8200  adda ac          2523  adda(AC)                        #38
              06b5 c218  st   [$18]       2524  st([vAC])                       #39
              06b6 00e9  ld   $e9         2525  ld(-46/2)                       #40
              06b7 1403  ld   $03,y       2526  ld(hi('REENTER'),Y)             #41
              06b8 e0cb  jmp  y,$cb       2527  jmp(Y,'REENTER')                #42
                                          2528  #nop()                          #43
                                          2529
                                          2530  #-----------------------------------------------------------------------
                                          2531  # Extension SYS_Read3_40
                                          2532  #-----------------------------------------------------------------------
                                          2533
                                          2534  # Read 3 consecutive bytes from ROM
                                          2535  #
                                          2536  # Note: This function a bit obsolete, as it has very limited use. It's
                                          2537  #       effectively an application-specific SYS function for the Pictures
                                          2538  #       application from ROM v1. It requires the ROM data be organized
                                          2539  #       with trampoline3a and trampoline3b fragments, and their address
                                          2540  #       in ROM to be known. Better avoid using this.
                                          2541  #
                                          2542  # Variables:
                                          2543  #       sysArgs[0:2]    Bytes (out)
                                          2544  #       sysArgs[6:7]    ROM pointer (in)
                                          2545
                                          2546  label('SYS_Read3_40')
SYS_Read3_40: 06b9 152b  ld   [$2b],y     2547  ld([sysArgs+7],Y)               #15,32
              06ba e079  jmp  y,$79       2548  jmp(Y,128-7)                    #16 trampoline3a
              06bb 012a  ld   [$2a]       2549  ld([sysArgs+6])                 #17
                                          2550  label('txReturn')
txReturn:     06bc c226  st   [$26]       2551  st([sysArgs+2])                 #34
              06bd 1403  ld   $03,y       2552  ld(hi('REENTER'),Y)             #35
              06be e0cb  jmp  y,$cb       2553  jmp(Y,'REENTER')                #36
              06bf 00ec  ld   $ec         2554  ld(-40/2)                       #37
                                          2555
                                          2556  def trampoline3a():
                                          2557    """Read 3 bytes from ROM page"""
                                          2558    while pc()&255 < 128-7:
                                          2559      nop()
                                          2560    bra(AC)                       #18
                                          2561    C('Trampoline for page $%02x00 reading (entry)' % (pc()>>8))
                                          2562    bra(123)                      #19
                                          2563    st([sysArgs+0])               #21
                                          2564    ld([sysArgs+6])               #22
                                          2565    adda(1)                       #23
                                          2566    bra(AC)                       #24
                                          2567    bra(250)                      #25 trampoline3b
                                          2568    align(1, size=0x80)
                                          2569
                                          2570  def trampoline3b():
                                          2571    """Read 3 bytes from ROM page (continue)"""
                                          2572    while pc()&255 < 256-6:
                                          2573      nop()
                                          2574    st([sysArgs+1])               #27
                                          2575    C('Trampoline for page $%02x00 reading (continue)' % (pc()>>8))
                                          2576    ld([sysArgs+6])               #28
                                          2577    adda(2)                       #29
                                          2578    ld(hi('txReturn'),Y)          #30
                                          2579    bra(AC)                       #31
                                          2580    jmp(Y,'txReturn')             #32
                                          2581    align(1, size=0x100)
                                          2582
                                          2583  #-----------------------------------------------------------------------
                                          2584  # Extension SYS_Unpack_56
                                          2585  #-----------------------------------------------------------------------
                                          2586
                                          2587  # Unpack 3 bytes into 4 pixels
                                          2588  #
                                          2589  # Variables:
                                          2590  #       sysArgs[0:2]    Packed bytes (in)
                                          2591  #       sysArgs[0:3]    Pixels (out)
                                          2592
                                          2593  label('SYS_Unpack_56')
SYS_Unpack_56:
              06c0 1407  ld   $07,y       2594  ld(soundTable>>8,Y)             #15
              06c1 0126  ld   [$26]       2595  ld([sysArgs+2])                 #16 a[2]>>2
              06c2 5003  ora  $03,x       2596  ora(0x03,X)                     #17
              06c3 0d00  ld   [y,x]       2597  ld([Y,X])                       #18
              06c4 c227  st   [$27]       2598  st([sysArgs+3])                 #19 -> Pixel 3
                                          2599
              06c5 0126  ld   [$26]       2600  ld([sysArgs+2])                 #20 (a[2]&3)<<4
              06c6 2003  anda $03         2601  anda(0x03)                      #21
              06c7 8200  adda ac          2602  adda(AC)                        #22
              06c8 8200  adda ac          2603  adda(AC)                        #23
              06c9 8200  adda ac          2604  adda(AC)                        #24
              06ca 8200  adda ac          2605  adda(AC)                        #25
              06cb c226  st   [$26]       2606  st([sysArgs+2])                 #26
              06cc 0125  ld   [$25]       2607  ld([sysArgs+1])                 #27 | a[1]>>4
              06cd 5003  ora  $03,x       2608  ora(0x03,X)                     #28
              06ce 0d00  ld   [y,x]       2609  ld([Y,X])                       #29
              06cf 5003  ora  $03,x       2610  ora(0x03,X)                     #30
              06d0 0d00  ld   [y,x]       2611  ld([Y,X])                       #31
              06d1 4126  ora  [$26]       2612  ora([sysArgs+2])                #32
              06d2 c226  st   [$26]       2613  st([sysArgs+2])                 #33 -> Pixel 2
                                          2614
              06d3 0125  ld   [$25]       2615  ld([sysArgs+1])                 #34 (a[1]&15)<<2
              06d4 200f  anda $0f         2616  anda(0x0f)                      #35
              06d5 8200  adda ac          2617  adda(AC)                        #36
              06d6 8200  adda ac          2618  adda(AC)                        #37
              06d7 c225  st   [$25]       2619  st([sysArgs+1])                 #38
                                          2620
              06d8 0124  ld   [$24]       2621  ld([sysArgs+0])                 #39 | a[0]>>6
              06d9 5003  ora  $03,x       2622  ora(0x03,X)                     #40
              06da 0d00  ld   [y,x]       2623  ld([Y,X])                       #41
              06db 5003  ora  $03,x       2624  ora(0x03,X)                     #42
              06dc 0d00  ld   [y,x]       2625  ld([Y,X])                       #43
              06dd 5003  ora  $03,x       2626  ora(0x03,X)                     #44
              06de 0d00  ld   [y,x]       2627  ld([Y,X])                       #45
              06df 4125  ora  [$25]       2628  ora([sysArgs+1])                #46
              06e0 c225  st   [$25]       2629  st([sysArgs+1])                 #47 -> Pixel 1
                                          2630
              06e1 0124  ld   [$24]       2631  ld([sysArgs+0])                 #48 a[1]&63
              06e2 203f  anda $3f         2632  anda(0x3f)                      #49
              06e3 c224  st   [$24]       2633  st([sysArgs+0])                 #50 -> Pixel 0
                                          2634
              06e4 1403  ld   $03,y       2635  ld(hi('REENTER'),Y)             #51
              06e5 e0cb  jmp  y,$cb       2636  jmp(Y,'REENTER')                #52
              06e6 00e4  ld   $e4         2637  ld(-56/2)                       #53
                                          2638
                                          2639
                                          2640  #-----------------------------------------------------------------------
                                          2641  #       Reserved
                                          2642  #-----------------------------------------------------------------------
                                          2643
                                          2644  # XXX Reserve space for LSRW?
                                          2645
                                          2646  #-----------------------------------------------------------------------
                                          2647  #
                                          2648  #  $0700 ROM page 7-8: Gigatron font data
                                          2649  #
                                          2650  #-----------------------------------------------------------------------
                                          2651
              06e7 0200  nop              2652  align(0x100, size=0x100)
              06e8 0200  nop
              06e9 0200  nop
              * 25 times
                                          2653
                                          2654  label('font32up')
                                          2655  for ch in range(32, 32+50):
                                          2656    comment = 'Char %s' % repr(chr(ch))
                                          2657    for byte in font.font[ch-32]:
                                          2658      ld(byte)
font32up:     0700 0000  ld   $00         ;Char ' '
              0701 0000  ld   $00
              0702 0000  ld   $00
              * 5 times
              0705 0000  ld   $00         ;Char '!'
              0706 0000  ld   $00
              0707 00fa  ld   $fa
              0708 0000  ld   $00
              0709 0000  ld   $00
              070a 00a0  ld   $a0         ;Char '"'
              070b 00c0  ld   $c0
              070c 0000  ld   $00
              070d 00a0  ld   $a0
              070e 00c0  ld   $c0
              070f 0028  ld   $28         ;Char '#'
              0710 00fe  ld   $fe
              0711 0028  ld   $28
              0712 00fe  ld   $fe
              0713 0028  ld   $28
              0714 0024  ld   $24         ;Char '$'
              0715 0054  ld   $54
              0716 00fe  ld   $fe
              0717 0054  ld   $54
              0718 0048  ld   $48
              0719 00c4  ld   $c4         ;Char '%'
              071a 00c8  ld   $c8
              071b 0010  ld   $10
              071c 0026  ld   $26
              071d 0046  ld   $46
              071e 006c  ld   $6c         ;Char '&'
              071f 0092  ld   $92
              0720 006a  ld   $6a
              0721 0004  ld   $04
              0722 000a  ld   $0a
              0723 0000  ld   $00         ;Char "'"
              0724 00a0  ld   $a0
              0725 00c0  ld   $c0
              0726 0000  ld   $00
              0727 0000  ld   $00
              0728 0000  ld   $00         ;Char '('
              0729 0038  ld   $38
              072a 0044  ld   $44
              072b 0082  ld   $82
              072c 0000  ld   $00
              072d 0000  ld   $00         ;Char ')'
              072e 0082  ld   $82
              072f 0044  ld   $44
              0730 0038  ld   $38
              0731 0000  ld   $00
              0732 0028  ld   $28         ;Char '*'
              0733 0010  ld   $10
              0734 007c  ld   $7c
              0735 0010  ld   $10
              0736 0028  ld   $28
              0737 0010  ld   $10         ;Char '+'
              0738 0010  ld   $10
              0739 007c  ld   $7c
              073a 0010  ld   $10
              073b 0010  ld   $10
              073c 0000  ld   $00         ;Char ','
              073d 0005  ld   $05
              073e 0006  ld   $06
              073f 0000  ld   $00
              0740 0000  ld   $00
              0741 0010  ld   $10         ;Char '-'
              0742 0010  ld   $10
              0743 0010  ld   $10
              * 5 times
              0746 0000  ld   $00         ;Char '.'
              0747 0002  ld   $02
              0748 0002  ld   $02
              0749 0000  ld   $00
              074a 0000  ld   $00
              074b 0000  ld   $00         ;Char '/'
              074c 0006  ld   $06
              074d 0018  ld   $18
              074e 0060  ld   $60
              074f 0000  ld   $00
              0750 007c  ld   $7c         ;Char '0'
              0751 008a  ld   $8a
              0752 0092  ld   $92
              0753 00a2  ld   $a2
              0754 007c  ld   $7c
              0755 0022  ld   $22         ;Char '1'
              0756 0042  ld   $42
              0757 00fe  ld   $fe
              0758 0002  ld   $02
              0759 0002  ld   $02
              075a 0046  ld   $46         ;Char '2'
              075b 008a  ld   $8a
              075c 0092  ld   $92
              075d 0092  ld   $92
              075e 0062  ld   $62
              075f 0044  ld   $44         ;Char '3'
              0760 0082  ld   $82
              0761 0092  ld   $92
              0762 0092  ld   $92
              0763 006c  ld   $6c
              0764 0018  ld   $18         ;Char '4'
              0765 0028  ld   $28
              0766 0048  ld   $48
              0767 00fe  ld   $fe
              0768 0008  ld   $08
              0769 00e4  ld   $e4         ;Char '5'
              076a 00a2  ld   $a2
              076b 00a2  ld   $a2
              076c 00a2  ld   $a2
              076d 009c  ld   $9c
              076e 003c  ld   $3c         ;Char '6'
              076f 0052  ld   $52
              0770 0092  ld   $92
              0771 0092  ld   $92
              0772 000c  ld   $0c
              0773 0080  ld   $80         ;Char '7'
              0774 008e  ld   $8e
              0775 0090  ld   $90
              0776 00a0  ld   $a0
              0777 00c0  ld   $c0
              0778 006c  ld   $6c         ;Char '8'
              0779 0092  ld   $92
              077a 0092  ld   $92
              077b 0092  ld   $92
              077c 006c  ld   $6c
              077d 0060  ld   $60         ;Char '9'
              077e 0092  ld   $92
              077f 0092  ld   $92
              0780 0094  ld   $94
              0781 0078  ld   $78
              0782 0000  ld   $00         ;Char ':'
              0783 0024  ld   $24
              0784 0024  ld   $24
              0785 0000  ld   $00
              0786 0000  ld   $00
              0787 0000  ld   $00         ;Char ';'
              0788 0025  ld   $25
              0789 0026  ld   $26
              078a 0000  ld   $00
              078b 0000  ld   $00
              078c 0010  ld   $10         ;Char '<'
              078d 0028  ld   $28
              078e 0044  ld   $44
              078f 0082  ld   $82
              0790 0000  ld   $00
              0791 0028  ld   $28         ;Char '='
              0792 0028  ld   $28
              0793 0028  ld   $28
              * 5 times
              0796 0000  ld   $00         ;Char '>'
              0797 0082  ld   $82
              0798 0044  ld   $44
              0799 0028  ld   $28
              079a 0010  ld   $10
              079b 0040  ld   $40         ;Char '?'
              079c 0080  ld   $80
              079d 008a  ld   $8a
              079e 0090  ld   $90
              079f 0060  ld   $60
              07a0 007c  ld   $7c         ;Char '@'
              07a1 0082  ld   $82
              07a2 00ba  ld   $ba
              07a3 00aa  ld   $aa
              07a4 0078  ld   $78
              07a5 003e  ld   $3e         ;Char 'A'
              07a6 0048  ld   $48
              07a7 0088  ld   $88
              07a8 0048  ld   $48
              07a9 003e  ld   $3e
              07aa 00fe  ld   $fe         ;Char 'B'
              07ab 0092  ld   $92
              07ac 0092  ld   $92
              07ad 0092  ld   $92
              07ae 006c  ld   $6c
              07af 007c  ld   $7c         ;Char 'C'
              07b0 0082  ld   $82
              07b1 0082  ld   $82
              07b2 0082  ld   $82
              07b3 0044  ld   $44
              07b4 00fe  ld   $fe         ;Char 'D'
              07b5 0082  ld   $82
              07b6 0082  ld   $82
              07b7 0044  ld   $44
              07b8 0038  ld   $38
              07b9 00fe  ld   $fe         ;Char 'E'
              07ba 0092  ld   $92
              07bb 0092  ld   $92
              07bc 0092  ld   $92
              07bd 0082  ld   $82
              07be 00fe  ld   $fe         ;Char 'F'
              07bf 0090  ld   $90
              07c0 0090  ld   $90
              07c1 0090  ld   $90
              07c2 0080  ld   $80
              07c3 007c  ld   $7c         ;Char 'G'
              07c4 0082  ld   $82
              07c5 0082  ld   $82
              07c6 0092  ld   $92
              07c7 005c  ld   $5c
              07c8 00fe  ld   $fe         ;Char 'H'
              07c9 0010  ld   $10
              07ca 0010  ld   $10
              07cb 0010  ld   $10
              07cc 00fe  ld   $fe
              07cd 0000  ld   $00         ;Char 'I'
              07ce 0082  ld   $82
              07cf 00fe  ld   $fe
              07d0 0082  ld   $82
              07d1 0000  ld   $00
              07d2 0004  ld   $04         ;Char 'J'
              07d3 0002  ld   $02
              07d4 0082  ld   $82
              07d5 00fc  ld   $fc
              07d6 0080  ld   $80
              07d7 00fe  ld   $fe         ;Char 'K'
              07d8 0010  ld   $10
              07d9 0028  ld   $28
              07da 0044  ld   $44
              07db 0082  ld   $82
              07dc 00fe  ld   $fe         ;Char 'L'
              07dd 0002  ld   $02
              07de 0002  ld   $02
              07df 0002  ld   $02
              07e0 0002  ld   $02
              07e1 00fe  ld   $fe         ;Char 'M'
              07e2 0040  ld   $40
              07e3 0030  ld   $30
              07e4 0040  ld   $40
              07e5 00fe  ld   $fe
              07e6 00fe  ld   $fe         ;Char 'N'
              07e7 0020  ld   $20
              07e8 0010  ld   $10
              07e9 0008  ld   $08
              07ea 00fe  ld   $fe
              07eb 007c  ld   $7c         ;Char 'O'
              07ec 0082  ld   $82
              07ed 0082  ld   $82
              07ee 0082  ld   $82
              07ef 007c  ld   $7c
              07f0 00fe  ld   $fe         ;Char 'P'
              07f1 0090  ld   $90
              07f2 0090  ld   $90
              07f3 0090  ld   $90
              07f4 0060  ld   $60
              07f5 007c  ld   $7c         ;Char 'Q'
              07f6 0082  ld   $82
              07f7 008a  ld   $8a
              07f8 0084  ld   $84
              07f9 007a  ld   $7a
                                          2659      comment = C(comment)
                                          2660
              07fa 0200  nop              2661  trampoline()
              07fb fe00  bra  ac          ;+-----------------------------------+
              07fc fcfd  bra  $07fd       ;|                                   |
              07fd 1404  ld   $04,y       ;| Trampoline for page $0700 lookups |
              07fe e068  jmp  y,$68       ;|                                   |
              07ff c218  st   [$18]       ;+-----------------------------------+
                                          2662
                                          2663  #-----------------------------------------------------------------------
                                          2664
                                          2665  align(0x100, size=0x100)
                                          2666
                                          2667  label('font82up')
                                          2668  for ch in range(32+50, 132):
                                          2669    comment = 'Char %s' % repr(chr(ch))
                                          2670    for byte in font.font[ch-32]:
                                          2671      ld(byte)
font82up:     0800 00fe  ld   $fe         ;Char 'R'
              0801 0090  ld   $90
              0802 0098  ld   $98
              0803 0094  ld   $94
              0804 0062  ld   $62
              0805 0062  ld   $62         ;Char 'S'
              0806 0092  ld   $92
              0807 0092  ld   $92
              0808 0092  ld   $92
              0809 000c  ld   $0c
              080a 0080  ld   $80         ;Char 'T'
              080b 0080  ld   $80
              080c 00fe  ld   $fe
              080d 0080  ld   $80
              080e 0080  ld   $80
              080f 00fc  ld   $fc         ;Char 'U'
              0810 0002  ld   $02
              0811 0002  ld   $02
              0812 0002  ld   $02
              0813 00fc  ld   $fc
              0814 00f0  ld   $f0         ;Char 'V'
              0815 000c  ld   $0c
              0816 0002  ld   $02
              0817 000c  ld   $0c
              0818 00f0  ld   $f0
              0819 00fe  ld   $fe         ;Char 'W'
              081a 0004  ld   $04
              081b 0018  ld   $18
              081c 0004  ld   $04
              081d 00fe  ld   $fe
              081e 00c6  ld   $c6         ;Char 'X'
              081f 0028  ld   $28
              0820 0010  ld   $10
              0821 0028  ld   $28
              0822 00c6  ld   $c6
              0823 00e0  ld   $e0         ;Char 'Y'
              0824 0010  ld   $10
              0825 000e  ld   $0e
              0826 0010  ld   $10
              0827 00e0  ld   $e0
              0828 0086  ld   $86         ;Char 'Z'
              0829 008a  ld   $8a
              082a 0092  ld   $92
              082b 00a2  ld   $a2
              082c 00c2  ld   $c2
              082d 0000  ld   $00         ;Char '['
              082e 00fe  ld   $fe
              082f 0082  ld   $82
              0830 0082  ld   $82
              0831 0000  ld   $00
              0832 0000  ld   $00         ;Char '\\'
              0833 0060  ld   $60
              0834 0018  ld   $18
              0835 0006  ld   $06
              0836 0000  ld   $00
              0837 0000  ld   $00         ;Char ']'
              0838 0082  ld   $82
              0839 0082  ld   $82
              083a 00fe  ld   $fe
              083b 0000  ld   $00
              083c 0020  ld   $20         ;Char '^'
              083d 0040  ld   $40
              083e 0080  ld   $80
              083f 0040  ld   $40
              0840 0020  ld   $20
              0841 0002  ld   $02         ;Char '_'
              0842 0002  ld   $02
              0843 0002  ld   $02
              * 5 times
              0846 0000  ld   $00         ;Char '`'
              0847 0000  ld   $00
              0848 00c0  ld   $c0
              0849 00a0  ld   $a0
              084a 0000  ld   $00
              084b 0004  ld   $04         ;Char 'a'
              084c 002a  ld   $2a
              084d 002a  ld   $2a
              084e 002a  ld   $2a
              084f 001e  ld   $1e
              0850 00fe  ld   $fe         ;Char 'b'
              0851 0022  ld   $22
              0852 0022  ld   $22
              0853 0022  ld   $22
              0854 001c  ld   $1c
              0855 001c  ld   $1c         ;Char 'c'
              0856 0022  ld   $22
              0857 0022  ld   $22
              0858 0022  ld   $22
              0859 0002  ld   $02
              085a 001c  ld   $1c         ;Char 'd'
              085b 0022  ld   $22
              085c 0022  ld   $22
              085d 0022  ld   $22
              085e 00fe  ld   $fe
              085f 001c  ld   $1c         ;Char 'e'
              0860 002a  ld   $2a
              0861 002a  ld   $2a
              0862 002a  ld   $2a
              0863 0018  ld   $18
              0864 0010  ld   $10         ;Char 'f'
              0865 007e  ld   $7e
              0866 0090  ld   $90
              0867 0080  ld   $80
              0868 0040  ld   $40
              0869 0018  ld   $18         ;Char 'g'
              086a 0025  ld   $25
              086b 0025  ld   $25
              086c 0025  ld   $25
              086d 001e  ld   $1e
              086e 00fe  ld   $fe         ;Char 'h'
              086f 0020  ld   $20
              0870 0020  ld   $20
              0871 0020  ld   $20
              0872 001e  ld   $1e
              0873 0000  ld   $00         ;Char 'i'
              0874 0022  ld   $22
              0875 00be  ld   $be
              0876 0002  ld   $02
              0877 0000  ld   $00
              0878 0002  ld   $02         ;Char 'j'
              0879 0001  ld   $01
              087a 0021  ld   $21
              087b 00be  ld   $be
              087c 0000  ld   $00
              087d 00fe  ld   $fe         ;Char 'k'
              087e 0008  ld   $08
              087f 0018  ld   $18
              0880 0024  ld   $24
              0881 0002  ld   $02
              0882 0000  ld   $00         ;Char 'l'
              0883 0082  ld   $82
              0884 00fe  ld   $fe
              0885 0002  ld   $02
              0886 0000  ld   $00
              0887 003e  ld   $3e         ;Char 'm'
              0888 0020  ld   $20
              0889 001c  ld   $1c
              088a 0020  ld   $20
              088b 001e  ld   $1e
              088c 003e  ld   $3e         ;Char 'n'
              088d 0010  ld   $10
              088e 0020  ld   $20
              088f 0020  ld   $20
              0890 001e  ld   $1e
              0891 001c  ld   $1c         ;Char 'o'
              0892 0022  ld   $22
              0893 0022  ld   $22
              0894 0022  ld   $22
              0895 001c  ld   $1c
              0896 003f  ld   $3f         ;Char 'p'
              0897 0024  ld   $24
              0898 0024  ld   $24
              0899 0024  ld   $24
              089a 0018  ld   $18
              089b 0018  ld   $18         ;Char 'q'
              089c 0024  ld   $24
              089d 0024  ld   $24
              089e 0024  ld   $24
              089f 003f  ld   $3f
              08a0 003e  ld   $3e         ;Char 'r'
              08a1 0010  ld   $10
              08a2 0020  ld   $20
              08a3 0020  ld   $20
              08a4 0010  ld   $10
              08a5 0012  ld   $12         ;Char 's'
              08a6 002a  ld   $2a
              08a7 002a  ld   $2a
              08a8 002a  ld   $2a
              08a9 0004  ld   $04
              08aa 0020  ld   $20         ;Char 't'
              08ab 00fc  ld   $fc
              08ac 0022  ld   $22
              08ad 0002  ld   $02
              08ae 0004  ld   $04
              08af 003c  ld   $3c         ;Char 'u'
              08b0 0002  ld   $02
              08b1 0002  ld   $02
              08b2 0004  ld   $04
              08b3 003e  ld   $3e
              08b4 0038  ld   $38         ;Char 'v'
              08b5 0004  ld   $04
              08b6 0002  ld   $02
              08b7 0004  ld   $04
              08b8 0038  ld   $38
              08b9 003c  ld   $3c         ;Char 'w'
              08ba 0002  ld   $02
              08bb 000c  ld   $0c
              08bc 0002  ld   $02
              08bd 003c  ld   $3c
              08be 0022  ld   $22         ;Char 'x'
              08bf 0014  ld   $14
              08c0 0008  ld   $08
              08c1 0014  ld   $14
              08c2 0022  ld   $22
              08c3 0038  ld   $38         ;Char 'y'
              08c4 0005  ld   $05
              08c5 0005  ld   $05
              08c6 0005  ld   $05
              08c7 003e  ld   $3e
              08c8 0022  ld   $22         ;Char 'z'
              08c9 0026  ld   $26
              08ca 002a  ld   $2a
              08cb 0032  ld   $32
              08cc 0022  ld   $22
              08cd 0010  ld   $10         ;Char '{'
              08ce 006c  ld   $6c
              08cf 0082  ld   $82
              08d0 0082  ld   $82
              08d1 0000  ld   $00
              08d2 0000  ld   $00         ;Char '|'
              08d3 0000  ld   $00
              08d4 00fe  ld   $fe
              08d5 0000  ld   $00
              08d6 0000  ld   $00
              08d7 0000  ld   $00         ;Char '}'
              08d8 0082  ld   $82
              08d9 0082  ld   $82
              08da 006c  ld   $6c
              08db 0010  ld   $10
              08dc 0040  ld   $40         ;Char '~'
              08dd 0080  ld   $80
              08de 0040  ld   $40
              08df 0020  ld   $20
              08e0 0040  ld   $40
              08e1 00fe  ld   $fe         ;Char '\x7f'
              08e2 00fe  ld   $fe
              08e3 00fe  ld   $fe
              * 5 times
              08e6 0010  ld   $10         ;Char '\x80'
              08e7 0038  ld   $38
              08e8 0054  ld   $54
              08e9 0010  ld   $10
              08ea 0010  ld   $10
              08eb 0010  ld   $10         ;Char '\x81'
              08ec 0020  ld   $20
              08ed 007c  ld   $7c
              08ee 0020  ld   $20
              08ef 0010  ld   $10
              08f0 0010  ld   $10         ;Char '\x82'
              08f1 0010  ld   $10
              08f2 0054  ld   $54
              08f3 0038  ld   $38
              08f4 0010  ld   $10
              08f5 0010  ld   $10         ;Char '\x83'
              08f6 0008  ld   $08
              08f7 007c  ld   $7c
              08f8 0008  ld   $08
              08f9 0010  ld   $10
                                          2672      comment = C(comment)
                                          2673
              08fa 0200  nop              2674  trampoline()
              08fb fe00  bra  ac          ;+-----------------------------------+
              08fc fcfd  bra  $08fd       ;|                                   |
              08fd 1404  ld   $04,y       ;| Trampoline for page $0800 lookups |
              08fe e068  jmp  y,$68       ;|                                   |
              08ff c218  st   [$18]       ;+-----------------------------------+
                                          2675
                                          2676  #-----------------------------------------------------------------------
                                          2677  #
                                          2678  #  $0900 ROM page 9: Key table for music
                                          2679  #
                                          2680  #-----------------------------------------------------------------------
                                          2681
                                          2682  align(0x100, size=0x100)
                                          2683  notes = 'CCDDEFFGGAAB'
                                          2684  sampleRate = cpuClock / 200.0 / 4
                                          2685  label('notesTable')
notesTable:   0900 0000  ld   $00         2686  ld(0)
              0901 0000  ld   $00         2687  ld(0)
                                          2688  for i in range(0, 250, 2):
                                          2689    j = i//2-1
                                          2690    freq = 440.0*2.0**((j-57)/12.0)
                                          2691    if j>=0 and freq <= sampleRate/2.0:
                                          2692      key = int(round(32768 * freq / sampleRate))
                                          2693      octave, note = j//12, notes[j%12]
                                          2694      sharp = '-' if notes[j%12-1] != note else '#'
                                          2695      comment = '%s%s%s (%0.1f Hz)' % (note, sharp, octave, freq)
                                          2696      ld(key&127); C(comment); ld(key>>7)
              0902 0045  ld   $45         ;C-0 (16.4 Hz)
              0903 0000  ld   $00
              0904 0049  ld   $49         ;C#0 (17.3 Hz)
              0905 0000  ld   $00
              0906 004d  ld   $4d         ;D-0 (18.4 Hz)
              0907 0000  ld   $00
              0908 0052  ld   $52         ;D#0 (19.4 Hz)
              0909 0000  ld   $00
              090a 0056  ld   $56         ;E-0 (20.6 Hz)
              090b 0000  ld   $00
              090c 005c  ld   $5c         ;F-0 (21.8 Hz)
              090d 0000  ld   $00
              090e 0061  ld   $61         ;F#0 (23.1 Hz)
              090f 0000  ld   $00
              0910 0067  ld   $67         ;G-0 (24.5 Hz)
              0911 0000  ld   $00
              0912 006d  ld   $6d         ;G#0 (26.0 Hz)
              0913 0000  ld   $00
              0914 0073  ld   $73         ;A-0 (27.5 Hz)
              0915 0000  ld   $00
              0916 007a  ld   $7a         ;A#0 (29.1 Hz)
              0917 0000  ld   $00
              0918 0001  ld   $01         ;B-0 (30.9 Hz)
              0919 0001  ld   $01
              091a 0009  ld   $09         ;C-1 (32.7 Hz)
              091b 0001  ld   $01
              091c 0011  ld   $11         ;C#1 (34.6 Hz)
              091d 0001  ld   $01
              091e 001a  ld   $1a         ;D-1 (36.7 Hz)
              091f 0001  ld   $01
              0920 0023  ld   $23         ;D#1 (38.9 Hz)
              0921 0001  ld   $01
              0922 002d  ld   $2d         ;E-1 (41.2 Hz)
              0923 0001  ld   $01
              0924 0037  ld   $37         ;F-1 (43.7 Hz)
              0925 0001  ld   $01
              0926 0042  ld   $42         ;F#1 (46.2 Hz)
              0927 0001  ld   $01
              0928 004e  ld   $4e         ;G-1 (49.0 Hz)
              0929 0001  ld   $01
              092a 005a  ld   $5a         ;G#1 (51.9 Hz)
              092b 0001  ld   $01
              092c 0067  ld   $67         ;A-1 (55.0 Hz)
              092d 0001  ld   $01
              092e 0074  ld   $74         ;A#1 (58.3 Hz)
              092f 0001  ld   $01
              0930 0003  ld   $03         ;B-1 (61.7 Hz)
              0931 0002  ld   $02
              0932 0012  ld   $12         ;C-2 (65.4 Hz)
              0933 0002  ld   $02
              0934 0023  ld   $23         ;C#2 (69.3 Hz)
              0935 0002  ld   $02
              0936 0034  ld   $34         ;D-2 (73.4 Hz)
              0937 0002  ld   $02
              0938 0046  ld   $46         ;D#2 (77.8 Hz)
              0939 0002  ld   $02
              093a 005a  ld   $5a         ;E-2 (82.4 Hz)
              093b 0002  ld   $02
              093c 006e  ld   $6e         ;F-2 (87.3 Hz)
              093d 0002  ld   $02
              093e 0004  ld   $04         ;F#2 (92.5 Hz)
              093f 0003  ld   $03
              0940 001b  ld   $1b         ;G-2 (98.0 Hz)
              0941 0003  ld   $03
              0942 0033  ld   $33         ;G#2 (103.8 Hz)
              0943 0003  ld   $03
              0944 004d  ld   $4d         ;A-2 (110.0 Hz)
              0945 0003  ld   $03
              0946 0069  ld   $69         ;A#2 (116.5 Hz)
              0947 0003  ld   $03
              0948 0006  ld   $06         ;B-2 (123.5 Hz)
              0949 0004  ld   $04
              094a 0025  ld   $25         ;C-3 (130.8 Hz)
              094b 0004  ld   $04
              094c 0045  ld   $45         ;C#3 (138.6 Hz)
              094d 0004  ld   $04
              094e 0068  ld   $68         ;D-3 (146.8 Hz)
              094f 0004  ld   $04
              0950 000c  ld   $0c         ;D#3 (155.6 Hz)
              0951 0005  ld   $05
              0952 0033  ld   $33         ;E-3 (164.8 Hz)
              0953 0005  ld   $05
              0954 005c  ld   $5c         ;F-3 (174.6 Hz)
              0955 0005  ld   $05
              0956 0008  ld   $08         ;F#3 (185.0 Hz)
              0957 0006  ld   $06
              0958 0036  ld   $36         ;G-3 (196.0 Hz)
              0959 0006  ld   $06
              095a 0067  ld   $67         ;G#3 (207.7 Hz)
              095b 0006  ld   $06
              095c 001b  ld   $1b         ;A-3 (220.0 Hz)
              095d 0007  ld   $07
              095e 0052  ld   $52         ;A#3 (233.1 Hz)
              095f 0007  ld   $07
              0960 000c  ld   $0c         ;B-3 (246.9 Hz)
              0961 0008  ld   $08
              0962 0049  ld   $49         ;C-4 (261.6 Hz)
              0963 0008  ld   $08
              0964 000b  ld   $0b         ;C#4 (277.2 Hz)
              0965 0009  ld   $09
              0966 0050  ld   $50         ;D-4 (293.7 Hz)
              0967 0009  ld   $09
              0968 0019  ld   $19         ;D#4 (311.1 Hz)
              0969 000a  ld   $0a
              096a 0067  ld   $67         ;E-4 (329.6 Hz)
              096b 000a  ld   $0a
              096c 0039  ld   $39         ;F-4 (349.2 Hz)
              096d 000b  ld   $0b
              096e 0010  ld   $10         ;F#4 (370.0 Hz)
              096f 000c  ld   $0c
              0970 006c  ld   $6c         ;G-4 (392.0 Hz)
              0971 000c  ld   $0c
              0972 004e  ld   $4e         ;G#4 (415.3 Hz)
              0973 000d  ld   $0d
              0974 0035  ld   $35         ;A-4 (440.0 Hz)
              0975 000e  ld   $0e
              0976 0023  ld   $23         ;A#4 (466.2 Hz)
              0977 000f  ld   $0f
              0978 0017  ld   $17         ;B-4 (493.9 Hz)
              0979 0010  ld   $10
              097a 0013  ld   $13         ;C-5 (523.3 Hz)
              097b 0011  ld   $11
              097c 0015  ld   $15         ;C#5 (554.4 Hz)
              097d 0012  ld   $12
              097e 001f  ld   $1f         ;D-5 (587.3 Hz)
              097f 0013  ld   $13
              0980 0032  ld   $32         ;D#5 (622.3 Hz)
              0981 0014  ld   $14
              0982 004d  ld   $4d         ;E-5 (659.3 Hz)
              0983 0015  ld   $15
              0984 0072  ld   $72         ;F-5 (698.5 Hz)
              0985 0016  ld   $16
              0986 0020  ld   $20         ;F#5 (740.0 Hz)
              0987 0018  ld   $18
              0988 0058  ld   $58         ;G-5 (784.0 Hz)
              0989 0019  ld   $19
              098a 001c  ld   $1c         ;G#5 (830.6 Hz)
              098b 001b  ld   $1b
              098c 006b  ld   $6b         ;A-5 (880.0 Hz)
              098d 001c  ld   $1c
              098e 0046  ld   $46         ;A#5 (932.3 Hz)
              098f 001e  ld   $1e
              0990 002f  ld   $2f         ;B-5 (987.8 Hz)
              0991 0020  ld   $20
              0992 0025  ld   $25         ;C-6 (1046.5 Hz)
              0993 0022  ld   $22
              0994 002a  ld   $2a         ;C#6 (1108.7 Hz)
              0995 0024  ld   $24
              0996 003f  ld   $3f         ;D-6 (1174.7 Hz)
              0997 0026  ld   $26
              0998 0064  ld   $64         ;D#6 (1244.5 Hz)
              0999 0028  ld   $28
              099a 001a  ld   $1a         ;E-6 (1318.5 Hz)
              099b 002b  ld   $2b
              099c 0063  ld   $63         ;F-6 (1396.9 Hz)
              099d 002d  ld   $2d
              099e 003f  ld   $3f         ;F#6 (1480.0 Hz)
              099f 0030  ld   $30
              09a0 0031  ld   $31         ;G-6 (1568.0 Hz)
              09a1 0033  ld   $33
              09a2 0038  ld   $38         ;G#6 (1661.2 Hz)
              09a3 0036  ld   $36
              09a4 0056  ld   $56         ;A-6 (1760.0 Hz)
              09a5 0039  ld   $39
              09a6 000d  ld   $0d         ;A#6 (1864.7 Hz)
              09a7 003d  ld   $3d
              09a8 005e  ld   $5e         ;B-6 (1975.5 Hz)
              09a9 0040  ld   $40
              09aa 004b  ld   $4b         ;C-7 (2093.0 Hz)
              09ab 0044  ld   $44
              09ac 0055  ld   $55         ;C#7 (2217.5 Hz)
              09ad 0048  ld   $48
              09ae 007e  ld   $7e         ;D-7 (2349.3 Hz)
              09af 004c  ld   $4c
              09b0 0048  ld   $48         ;D#7 (2489.0 Hz)
              09b1 0051  ld   $51
              09b2 0034  ld   $34         ;E-7 (2637.0 Hz)
              09b3 0056  ld   $56
              09b4 0046  ld   $46         ;F-7 (2793.8 Hz)
              09b5 005b  ld   $5b
              09b6 007f  ld   $7f         ;F#7 (2960.0 Hz)
              09b7 0060  ld   $60
              09b8 0061  ld   $61         ;G-7 (3136.0 Hz)
              09b9 0066  ld   $66
              09ba 006f  ld   $6f         ;G#7 (3322.4 Hz)
              09bb 006c  ld   $6c
              09bc 002c  ld   $2c         ;A-7 (3520.0 Hz)
              09bd 0073  ld   $73
              09be 001a  ld   $1a         ;A#7 (3729.3 Hz)
              09bf 007a  ld   $7a
                                          2697
              09c0 0200  nop              2698  trampoline()
              09c1 0200  nop
              09c2 0200  nop
              * 59 times
              09fb fe00  bra  ac          ;+-----------------------------------+
              09fc fcfd  bra  $09fd       ;|                                   |
              09fd 1404  ld   $04,y       ;| Trampoline for page $0900 lookups |
              09fe e068  jmp  y,$68       ;|                                   |
              09ff c218  st   [$18]       ;+-----------------------------------+
                                          2699
                                          2700  #-----------------------------------------------------------------------
                                          2701  #
                                          2702  #  $0a00 ROM page 10: Inversion table
                                          2703  #
                                          2704  #-----------------------------------------------------------------------
                                          2705
                                          2706  align(0x100, size=0x100)
                                          2707  label('invTable')
                                          2708
                                          2709  # Unit 64, table offset 16 (=1/4), value offset 1: (x+16)*(y+1) == 64*64 - e
                                          2710  for i in range(251):
invTable:     0a00 00ff  ld   $ff         2711    ld(4096//(i+16)-1)
              0a01 00ef  ld   $ef
              0a02 00e2  ld   $e2
              0a03 00d6  ld   $d6
              0a04 00cb  ld   $cb
              0a05 00c2  ld   $c2
              0a06 00b9  ld   $b9
              0a07 00b1  ld   $b1
              0a08 00a9  ld   $a9
              0a09 00a2  ld   $a2
              0a0a 009c  ld   $9c
              0a0b 0096  ld   $96
              0a0c 0091  ld   $91
              0a0d 008c  ld   $8c
              0a0e 0087  ld   $87
              0a0f 0083  ld   $83
              0a10 007f  ld   $7f
              0a11 007b  ld   $7b
              0a12 0077  ld   $77
              0a13 0074  ld   $74
              0a14 0070  ld   $70
              0a15 006d  ld   $6d
              0a16 006a  ld   $6a
              0a17 0068  ld   $68
              0a18 0065  ld   $65
              0a19 0062  ld   $62
              0a1a 0060  ld   $60
              0a1b 005e  ld   $5e
              0a1c 005c  ld   $5c
              0a1d 005a  ld   $5a
              0a1e 0058  ld   $58
              0a1f 0056  ld   $56
              0a20 0054  ld   $54
              0a21 0052  ld   $52
              0a22 0050  ld   $50
              0a23 004f  ld   $4f
              0a24 004d  ld   $4d
              0a25 004c  ld   $4c
              0a26 004a  ld   $4a
              0a27 0049  ld   $49
              0a28 0048  ld   $48
              0a29 0046  ld   $46
              0a2a 0045  ld   $45
              0a2b 0044  ld   $44
              0a2c 0043  ld   $43
              0a2d 0042  ld   $42
              0a2e 0041  ld   $41
              0a2f 0040  ld   $40
              0a30 003f  ld   $3f
              0a31 003e  ld   $3e
              0a32 003d  ld   $3d
              0a33 003c  ld   $3c
              0a34 003b  ld   $3b
              0a35 003a  ld   $3a
              0a36 0039  ld   $39
              0a37 0038  ld   $38
              0a38 0037  ld   $37
              0a39 0037  ld   $37
              0a3a 0036  ld   $36
              0a3b 0035  ld   $35
              0a3c 0034  ld   $34
              0a3d 0034  ld   $34
              0a3e 0033  ld   $33
              0a3f 0032  ld   $32
              0a40 0032  ld   $32
              0a41 0031  ld   $31
              0a42 0030  ld   $30
              0a43 0030  ld   $30
              0a44 002f  ld   $2f
              0a45 002f  ld   $2f
              0a46 002e  ld   $2e
              0a47 002e  ld   $2e
              0a48 002d  ld   $2d
              0a49 002d  ld   $2d
              0a4a 002c  ld   $2c
              0a4b 002c  ld   $2c
              0a4c 002b  ld   $2b
              0a4d 002b  ld   $2b
              0a4e 002a  ld   $2a
              0a4f 002a  ld   $2a
              0a50 0029  ld   $29
              0a51 0029  ld   $29
              0a52 0028  ld   $28
              0a53 0028  ld   $28
              0a54 0027  ld   $27
              0a55 0027  ld   $27
              0a56 0027  ld   $27
              0a57 0026  ld   $26
              0a58 0026  ld   $26
              0a59 0026  ld   $26
              0a5a 0025  ld   $25
              0a5b 0025  ld   $25
              0a5c 0024  ld   $24
              0a5d 0024  ld   $24
              0a5e 0024  ld   $24
              0a5f 0023  ld   $23
              0a60 0023  ld   $23
              0a61 0023  ld   $23
              0a62 0022  ld   $22
              0a63 0022  ld   $22
              0a64 0022  ld   $22
              0a65 0022  ld   $22
              0a66 0021  ld   $21
              0a67 0021  ld   $21
              0a68 0021  ld   $21
              0a69 0020  ld   $20
              0a6a 0020  ld   $20
              0a6b 0020  ld   $20
              0a6c 0020  ld   $20
              0a6d 001f  ld   $1f
              0a6e 001f  ld   $1f
              0a6f 001f  ld   $1f
              0a70 001f  ld   $1f
              0a71 001e  ld   $1e
              0a72 001e  ld   $1e
              0a73 001e  ld   $1e
              0a74 001e  ld   $1e
              0a75 001d  ld   $1d
              0a76 001d  ld   $1d
              0a77 001d  ld   $1d
              0a78 001d  ld   $1d
              0a79 001c  ld   $1c
              0a7a 001c  ld   $1c
              0a7b 001c  ld   $1c
              * 5 times
              0a7e 001b  ld   $1b
              0a7f 001b  ld   $1b
              0a80 001b  ld   $1b
              * 5 times
              0a83 001a  ld   $1a
              0a84 001a  ld   $1a
              0a85 001a  ld   $1a
              * 5 times
              0a88 0019  ld   $19
              0a89 0019  ld   $19
              0a8a 0019  ld   $19
              * 6 times
              0a8e 0018  ld   $18
              0a8f 0018  ld   $18
              0a90 0018  ld   $18
              * 6 times
              0a94 0017  ld   $17
              0a95 0017  ld   $17
              0a96 0017  ld   $17
              * 7 times
              0a9b 0016  ld   $16
              0a9c 0016  ld   $16
              0a9d 0016  ld   $16
              * 8 times
              0aa3 0015  ld   $15
              0aa4 0015  ld   $15
              0aa5 0015  ld   $15
              * 8 times
              0aab 0014  ld   $14
              0aac 0014  ld   $14
              0aad 0014  ld   $14
              * 9 times
              0ab4 0013  ld   $13
              0ab5 0013  ld   $13
              0ab6 0013  ld   $13
              * 9 times
              0abd 0012  ld   $12
              0abe 0012  ld   $12
              0abf 0012  ld   $12
              * 11 times
              0ac8 0011  ld   $11
              0ac9 0011  ld   $11
              0aca 0011  ld   $11
              * 12 times
              0ad4 0010  ld   $10
              0ad5 0010  ld   $10
              0ad6 0010  ld   $10
              * 13 times
              0ae1 000f  ld   $0f
              0ae2 000f  ld   $0f
              0ae3 000f  ld   $0f
              * 16 times
              0af1 000e  ld   $0e
              0af2 000e  ld   $0e
              0af3 000e  ld   $0e
              * 10 times
                                          2712
                                          2713  trampoline()
              0afb fe00  bra  ac          ;+-----------------------------------+
              0afc fcfd  bra  $0afd       ;|                                   |
              0afd 1404  ld   $04,y       ;| Trampoline for page $0a00 lookups |
              0afe e068  jmp  y,$68       ;|                                   |
              0aff c218  st   [$18]       ;+-----------------------------------+
                                          2714
                                          2715  #-----------------------------------------------------------------------
                                          2716  #
                                          2717  #  $0d00 ROM page 11: More SYS functions
                                          2718  #
                                          2719  #-----------------------------------------------------------------------
                                          2720
                                          2721  align(0x100, size=0x100)
                                          2722
                                          2723  #-----------------------------------------------------------------------
                                          2724  # Extension SYS_SetMode_v2_80
                                          2725  #-----------------------------------------------------------------------
                                          2726
                                          2727  # Set video mode to 0 to 3 black scanlines per pixel line.
                                          2728  #
                                          2729  # Mainly for making the MODE command available in Tiny BASIC, so that
                                          2730  # the user can experiment. It's adviced to refrain from using
                                          2731  # SYS_SetMode_v2_80 in regular applications. Video mode is a deeply
                                          2732  # personal preference, and the programmer shouldn't overrule the user
                                          2733  # in that choice. The Gigatron philisophy is that the end user has
                                          2734  # the final say on what happens on the system, not the application,
                                          2735  # even if that implies a degraded performance. This doesn't mean that
                                          2736  # all applications must work well in all video modes: mode 1 is still
                                          2737  # the default. If an application really doesn't work at all in that
                                          2738  # mode, it's acceptable to change mode once after loading.
                                          2739  #
                                          2740  # There's no "SYS_GetMode" function.
                                          2741  #
                                          2742  # Variables:
                                          2743  #       vAC bit 0:1     Mode:
                                          2744  #                         0      "ABCD" -> Full mode (slowest)
                                          2745  #                         1      "ABC-" -> Default mode after reset
                                          2746  #                         2      "A-C-" -> at67's mode
                                          2747  #                         3      "A---" -> HGM's mode
                                          2748  #       vAC bit 2:15    Ignored bits and should be 0
                                          2749  #
                                          2750  # Special values (ROM v4):
                                          2751  #       vAC = 1975      Zombie mode (no video signals, no input,
                                          2752  #                        no blinkenlights).
                                          2753  #       vAC = -1        Leave zombie mode and restore previous mode.
                                          2754
                                          2755  # Actual duration is <80 cycles, but keep some room for future extensions
                                          2756  label('SYS_SetMode_v2_80')
SYS_SetMode_v2_80:
              0b00 140b  ld   $0b,y       2757  ld(hi('sys_SetMode'),Y)         #15
              0b01 e054  jmp  y,$54       2758  jmp(Y,'sys_SetMode')            #16
              0b02 011e  ld   [$1e]       2759  ld([vReturn])                   #17
                                          2760
                                          2761  #-----------------------------------------------------------------------
                                          2762  # Extension SYS_SetMemory_v2_54
                                          2763  #-----------------------------------------------------------------------
                                          2764
                                          2765  # SYS function for setting 1..256 bytes
                                          2766  #
                                          2767  # sysArgs[0]   Copy count (in, changed)
                                          2768  # sysArgs[1]   Copy value (in)
                                          2769  # sysArgs[2:3] Destination address (in, changed)
                                          2770  #
                                          2771  # Sets up to 8 bytes per invocation before restarting itself through vCPU.
                                          2772  # Doesn't wrap around page boundary. Can run 3 times per 148-cycle time slice.
                                          2773  # All combined that gives a 300% speedup over ROMv4 and before.
                                          2774
                                          2775  label('SYS_SetMemory_v2_54')
SYS_SetMemory_v2_54:
              0b03 0124  ld   [$24]       2776  ld([sysArgs+0])                 #15
                                          2777  bra('sys_SetMemory#18')         #16
              0b04 fc18  bra  sys_SetMemory#18
              0b05 1126  ld   [$26],x     2778  ld([sysArgs+2],X)               #17
                                          2779
                                          2780  #-----------------------------------------------------------------------
                                          2781  # Extension SYS_SendSerial1_v3_80
                                          2782  #-----------------------------------------------------------------------
                                          2783
                                          2784  # SYS function for sending data over serial controller port using
                                          2785  # pulse width modulation of the vertical sync signal.
                                          2786  #
                                          2787  # Variables:
                                          2788  #       sysArgs[0:1]    Source address               (in, changed)
                                          2789  #       sysArgs[2]      Start bit mask (typically 1) (in, changed)
                                          2790  #       sysArgs[3]      Number of send frames X      (in, changed)
                                          2791  #
                                          2792  # The sending will abort if input data is detected on the serial port.
                                          2793  # Returns 0 in case of all bits sent, or <>0 in case of abort
                                          2794  #
                                          2795  # This modulates the next upcoming X vertical pulses with the supplied
                                          2796  # data. A zero becomes a 7 line vPulse, a one will be 9 lines.
                                          2797  # After that, the vPulse width falls back to 8 lines (idle).
                                          2798
                                          2799  label('SYS_SendSerial1_v3_80')
SYS_SendSerial1_v3_80:
              0b06 0109  ld   [$09]       2800  ld([videoY])                    #15
                                          2801  bra('sys_SendSerial1')          #16
              0b07 fc83  bra  sys_SendSerial1
              0b08 60b3  xora $b3         2802  xora(videoYline0)               #17 First line of vertical blank
                                          2803
                                          2804  #-----------------------------------------------------------------------
                                          2805  # Extension SYS_ExpanderControl_v4_40
                                          2806  #-----------------------------------------------------------------------
                                          2807
                                          2808  # Sets the I/O and RAM expander's control register
                                          2809  #
                                          2810  # Variables:
                                          2811  #       vAC bit 2       Device enable /SS0
                                          2812  #           bit 3       Device enable /SS1
                                          2813  #           bit 4       Device enable /SS2
                                          2814  #           bit 5       Device enable /SS3
                                          2815  #           bit 6       Banking B0
                                          2816  #           bit 7       Banking B1
                                          2817  #           bit 15      Data out MOSI
                                          2818  #       sysArgs[7]      Cache for control state (written to)
                                          2819  #
                                          2820  # Intended for prototyping, and probably too low-level for most applications
                                          2821  # Still there's a safeguard: it's not possible to disable RAM using this
                                          2822
                                          2823  label('SYS_ExpanderControl_v4_40')
SYS_ExpanderControl_v4_40:
              0b09 140c  ld   $0c,y       2824  ld(hi('sys_ExpanderControl'),Y) #15
              0b0a e0fb  jmp  y,$fb       2825  jmp(Y,'sys_ExpanderControl')    #16
              0b0b 00fc  ld   $fc         2826  ld(0b11111100)                  #17 Safety (SCLK=0)
                                          2827  #    ^^^^^^^^
                                          2828  #    |||||||`-- SCLK
                                          2829  #    ||||||`--- Not connected
                                          2830  #    |||||`---- /SS0
                                          2831  #    ||||`----- /SS1
                                          2832  #    |||`------ /SS2
                                          2833  #    ||`------- /SS3
                                          2834  #    |`-------- B0
                                          2835  #    `--------- B1
                                          2836
                                          2837
                                          2838  label('SYS_SPARE0')
SYS_SPARE0:   0b0c 140b  ld   $0b,y       2839  ld(hi('SYS_SPARE0'),Y)           #15
              0b0d e00c  jmp  y,$0c       2840  jmp(Y,'SYS_SPARE0')              #16
              0b0e 0000  ld   $00         2841  ld(0)                            #17
                                          2842
                                          2843  #-----------------------------------------------------------------------
                                          2844  # Extension SYS_ResetWaveforms_v4_50
                                          2845  #-----------------------------------------------------------------------
                                          2846
                                          2847  # soundTable[4x+0] = sawtooth, to be modified into metallic/noise
                                          2848  # soundTable[4x+1] = pulse
                                          2849  # soundTable[4x+2] = triangle
                                          2850  # soundTable[4x+3] = sawtooth, also useful to right shift 2 bits
                                          2851
                                          2852  label('SYS_ResetWaveforms_v4_50')
SYS_ResetWaveforms_v4_50:
              0b0f 140e  ld   $0e,y       2853  ld(hi('sys_ResetWaveforms'),Y)  #15 Initial setup of waveforms. [vAC+0]=i
              0b10 e0ae  jmp  y,$ae       2854  jmp(Y,'sys_ResetWaveforms')     #16
              0b11 1407  ld   $07,y       2855  ld(soundTable>>8,Y)             #17
                                          2856
                                          2857  #-----------------------------------------------------------------------
                                          2858  # Extension SYS_ShuffleNoise_v4_46
                                          2859  #-----------------------------------------------------------------------
                                          2860
                                          2861  # Use simple 6-bits variation of RC4 to permutate waveform 0 in soundTable
                                          2862
                                          2863  label('SYS_ShuffleNoise_v4_46')
SYS_ShuffleNoise_v4_46:
              0b12 140e  ld   $0e,y       2864  ld(hi('sys_ShuffleNoise'),Y)    #15 Shuffle soundTable[4i+0]. [vAC+0]=4j, [vAC+1]=4i
              0b13 e0cf  jmp  y,$cf       2865  jmp(Y,'sys_ShuffleNoise')       #16
              0b14 1407  ld   $07,y       2866  ld(soundTable>>8,Y)             #17
                                          2867
                                          2868  #-----------------------------------------------------------------------
                                          2869  # Extension SYS_SpiExchangeBytes_v4_134
                                          2870  #-----------------------------------------------------------------------
                                          2871
                                          2872  # Send AND receive 1..256 bytes over SPI interface
                                          2873
                                          2874  # Variables:
                                          2875  #       sysArgs[0]      Page index start, for both send/receive (in, changed)
                                          2876  #       sysArgs[1]      Memory page for send data (in)
                                          2877  #       sysArgs[2]      Page index stop (in)
                                          2878  #       sysArgs[3]      Memory page for receive data (in)
                                          2879  #       sysArgs[4]      Scratch (changed)
                                          2880
                                          2881  label('SYS_SpiExchangeBytes_v4_134')
SYS_SpiExchangeBytes_v4_134:
              0b15 140d  ld   $0d,y       2882  ld(hi('sys_SpiExchangeBytes'),Y)#15
              0b16 e009  jmp  y,$09       2883  jmp(Y,'sys_SpiExchangeBytes')   #16
              0b17 1401  ld   $01,y       2884  ld(hi(ctrlBits),Y)              #17 Control state as saved by SYS_ExpanderControl
                                          2885
                                          2886  #-----------------------------------------------------------------------
                                          2887  #  Implementations
                                          2888  #-----------------------------------------------------------------------
                                          2889
                                          2890  # SYS_SetMemory_54 implementation
                                          2891  label('sys_SetMemory#18')
sys_SetMemory#18:
              0b18 1527  ld   [$27],y     2892  ld([sysArgs+3],Y)               #18
              0b19 f83c  ble  .sysSb#21   2893  ble('.sysSb#21')                #19 Enter fast lane if >=128 or at 0 (-> 256)
              0b1a a008  suba $08         2894  suba(8)                         #20
              0b1b f43e  bge  .sysSb#23   2895  bge('.sysSb#23')                #21 Or when >=8
              0b1c c224  st   [$24]       2896  st([sysArgs+0])                 #22
              0b1d 2004  anda $04         2897  anda(4)                         #23
              0b1e f025  beq  .sysSb#26   2898  beq('.sysSb#26')                #24
              0b1f 0125  ld   [$25]       2899  ld([sysArgs+1])                 #25 Set 4 pixels
              0b20 de00  st   [y,x++]     2900  st([Y,Xpp])                     #26
              0b21 de00  st   [y,x++]     2901  st([Y,Xpp])                     #27
              0b22 de00  st   [y,x++]     2902  st([Y,Xpp])                     #28
              0b23 fc28  bra  .sysSb#31   2903  bra('.sysSb#31')                #29
              0b24 de00  st   [y,x++]     2904  st([Y,Xpp])                     #30
                                          2905  label('.sysSb#26')
.sysSb#26:    0b25 0001  ld   $01         2906  wait(31-26)                     #26
              0b26 ec26  bne  $0b26
              0b27 a001  suba $01
                                          2907  label('.sysSb#31')
.sysSb#31:    0b28 0124  ld   [$24]       2908  ld([sysArgs+0])                 #31
              0b29 2002  anda $02         2909  anda(2)                         #32
              0b2a f02f  beq  .sysSb#35   2910  beq('.sysSb#35')                #33
              0b2b 0125  ld   [$25]       2911  ld([sysArgs+1])                 #34 Set 2 pixels
              0b2c de00  st   [y,x++]     2912  st([Y,Xpp])                     #35
              0b2d fc32  bra  .sysSb#38   2913  bra('.sysSb#38')                #36
              0b2e de00  st   [y,x++]     2914  st([Y,Xpp])                     #37
                                          2915  label('.sysSb#35')
.sysSb#35:    0b2f 0200  nop              2916  wait(38-35)                     #35
              0b30 0200  nop
              0b31 0200  nop
                                          2917  label('.sysSb#38')
.sysSb#38:    0b32 0124  ld   [$24]       2918  ld([sysArgs+0])                 #38
              0b33 2001  anda $01         2919  anda(1)                         #39
              0b34 f037  beq  $0b37       2920  beq(pc()+3)                     #40
              0b35 fc38  bra  $0b38       2921  bra(pc()+3)                     #41
              0b36 0125  ld   [$25]       2922  ld([sysArgs+1])                 #42 Set 1 pixel
              0b37 0d00  ld   [y,x]       2923  ld([Y,X])                       #42(!) No change
              0b38 ce00  st   [y,x]       2924  st([Y,X])                       #43
              0b39 1403  ld   $03,y       2925  ld(hi('NEXTY'),Y)               #44 Return
              0b3a e000  jmp  y,$00       2926  jmp(Y,'NEXTY')                  #45 All done
              0b3b 00e8  ld   $e8         2927  ld(-48/2)                       #46
                                          2928  label('.sysSb#21')
.sysSb#21:    0b3c 0200  nop              2929  nop()                           #21
              0b3d c224  st   [$24]       2930  st([sysArgs+0])                 #22
                                          2931  label('.sysSb#23')
.sysSb#23:    0b3e 0125  ld   [$25]       2932  ld([sysArgs+1])                 #23 Set 8 pixels
              0b3f de00  st   [y,x++]     2933  st([Y,Xpp])                     #24
              0b40 de00  st   [y,x++]     2934  st([Y,Xpp])                     #25
              0b41 de00  st   [y,x++]     2935  st([Y,Xpp])                     #26
              0b42 de00  st   [y,x++]     2936  st([Y,Xpp])                     #27
              0b43 de00  st   [y,x++]     2937  st([Y,Xpp])                     #28
              0b44 de00  st   [y,x++]     2938  st([Y,Xpp])                     #29
              0b45 de00  st   [y,x++]     2939  st([Y,Xpp])                     #30
              0b46 de00  st   [y,x++]     2940  st([Y,Xpp])                     #31
              0b47 0126  ld   [$26]       2941  ld([sysArgs+2])                 #32 Advance write pointer
              0b48 8008  adda $08         2942  adda(8)                         #33
              0b49 c226  st   [$26]       2943  st([sysArgs+2])                 #34
              0b4a 0124  ld   [$24]       2944  ld([sysArgs+0])                 #35
              0b4b f04e  beq  $0b4e       2945  beq(pc()+3)                     #36
              0b4c fc4f  bra  $0b4f       2946  bra(pc()+3)                     #37
              0b4d 00fe  ld   $fe         2947  ld(-2)                          #38 Self-restart when more to do
              0b4e 0000  ld   $00         2948  ld(0)                           #38(!)
              0b4f 8116  adda [$16]       2949  adda([vPC])                     #39
              0b50 c216  st   [$16]       2950  st([vPC])                       #40
              0b51 1403  ld   $03,y       2951  ld(hi('REENTER'),Y)             #41
              0b52 e0cb  jmp  y,$cb       2952  jmp(Y,'REENTER')                #42
              0b53 00e9  ld   $e9         2953  ld(-46/2)                       #43
                                          2954
                                          2955  # SYS_SetMode_80 implementation
                                          2956  label('sys_SetMode')
sys_SetMode:  0b54 ec57  bne  $0b57       2957  bne(pc()+3)                     #18
              0b55 fc57  bra  $0b57       2958  bra(pc()+2)                     #19
              0b56 0003  ld   $03         2959  ld('startVideo')                #20 First enable video if disabled
              0b57 c21e  st   [$1e]       2960  st([vReturn])                   #20,21
              0b58 0119  ld   [$19]       2961  ld([vAC+1])                     #22
              0b59 f063  beq  .sysSm#25   2962  beq('.sysSm#25')                #23
              0b5a 1403  ld   $03,y       2963  ld(hi('REENTER'),Y)             #24
              0b5b 6118  xora [$18]       2964  xora([vAC])                     #25
              0b5c 60b0  xora $b0         2965  xora((1975>>8)^(1975&255))      #26 Poor man\'s 1975 detection
              0b5d ec60  bne  $0b60       2966  bne(pc()+3)                     #27
              0b5e fc61  bra  $0b61       2967  bra(pc()+3)                     #28
                                          2968  assert videoZ == 0x0100
              0b5f c21e  st   [$1e]       2969  st([vReturn])                   #29 DISABLE video/audio/serial/etc
              0b60 0200  nop              2970  nop()                           #29(!) Ignore and return
              0b61 e0cb  jmp  y,$cb       2971  jmp(Y,'REENTER')                #30
              0b62 00ef  ld   $ef         2972  ld(-34/2)                       #31
                                          2973  label('.sysSm#25')
.sysSm#25:    0b63 0118  ld   [$18]       2974  ld([vAC])                       #25 Mode 0,1,2,3
              0b64 2003  anda $03         2975  anda(3)                         #26
              0b65 8068  adda $68         2976  adda('.sysSm#30')               #27
              0b66 fe00  bra  ac          2977  bra(AC)                         #28
              0b67 fc6c  bra  .sysSm#31   2978  bra('.sysSm#31')                #29
                                          2979  label('.sysSm#30')
.sysSm#30:    0b68 000a  ld   $0a         2980  ld('pixels')                    #30 videoB lines
              0b69 000a  ld   $0a         2981  ld('pixels')                    #30
              0b6a 00f6  ld   $f6         2982  ld('nopixels')                  #30
              0b6b 00f6  ld   $f6         2983  ld('nopixels')                  #30
                                          2984  label('.sysSm#31')
.sysSm#31:    0b6c c20a  st   [$0a]       2985  st([videoModeB])                #31
              0b6d 0118  ld   [$18]       2986  ld([vAC])                       #32
              0b6e 2003  anda $03         2987  anda(3)                         #33
              0b6f 8072  adda $72         2988  adda('.sysSm#37')               #34
              0b70 fe00  bra  ac          2989  bra(AC)                         #35
              0b71 fc76  bra  .sysSm#38   2990  bra('.sysSm#38')                #36
                                          2991  label('.sysSm#37')
.sysSm#37:    0b72 000a  ld   $0a         2992  ld('pixels')                    #37 videoC lines
              0b73 000a  ld   $0a         2993  ld('pixels')                    #37
              0b74 000a  ld   $0a         2994  ld('pixels')                    #37
              0b75 00f6  ld   $f6         2995  ld('nopixels')                  #37
                                          2996  label('.sysSm#38')
.sysSm#38:    0b76 c20b  st   [$0b]       2997  st([videoModeC])                #38
              0b77 0118  ld   [$18]       2998  ld([vAC])                       #39
              0b78 2003  anda $03         2999  anda(3)                         #40
              0b79 807c  adda $7c         3000  adda('.sysSm#44')               #41
              0b7a fe00  bra  ac          3001  bra(AC)                         #42
              0b7b fc80  bra  .sysSm#45   3002  bra('.sysSm#45')                #43
                                          3003  label('.sysSm#44')
.sysSm#44:    0b7c 000a  ld   $0a         3004  ld('pixels')                    #44 videoD lines
              0b7d 00f6  ld   $f6         3005  ld('nopixels')                  #44
              0b7e 00f6  ld   $f6         3006  ld('nopixels')                  #44
              0b7f 00f6  ld   $f6         3007  ld('nopixels')                  #44
                                          3008  label('.sysSm#45')
.sysSm#45:    0b80 c20c  st   [$0c]       3009  st([videoModeD])                #45
              0b81 e0cb  jmp  y,$cb       3010  jmp(Y,'REENTER')                #46
              0b82 00e7  ld   $e7         3011  ld(-50/2)                       #47
                                          3012
                                          3013  # SYS_SendSerial1_v3_80 implementation
                                          3014  label('sys_SendSerial1')
sys_SendSerial1:
              0b83 f08a  beq  .sysSs#20   3015  beq('.sysSs#20')                #18
              0b84 1124  ld   [$24],x     3016  ld([sysArgs+0],X)               #19
              0b85 0116  ld   [$16]       3017  ld([vPC])                       #20 Wait for vBlank
              0b86 a002  suba $02         3018  suba(2)                         #21
              0b87 1403  ld   $03,y       3019  ld(hi('REENTER_28'),Y)          #22
              0b88 e0ca  jmp  y,$ca       3020  jmp(Y,'REENTER_28')             #23
              0b89 c216  st   [$16]       3021  st([vPC])                       #24
                                          3022  label('.sysSs#20')
.sysSs#20:    0b8a 1525  ld   [$25],y     3023  ld([sysArgs+1],Y)               #20 Synchronized with vBlank
              0b8b 0d00  ld   [y,x]       3024  ld([Y,X])                       #21 Copy next bit
              0b8c 2126  anda [$26]       3025  anda([sysArgs+2])               #22
              0b8d ec90  bne  $0b90       3026  bne(pc()+3)                     #23
              0b8e fc91  bra  $0b91       3027  bra(pc()+3)                     #24
              0b8f 000e  ld   $0e         3028  ld(7*2)                         #25
              0b90 0012  ld   $12         3029  ld(9*2)                         #25
              0b91 c20d  st   [$0d]       3030  st([videoPulse])                #26
              0b92 0126  ld   [$26]       3031  ld([sysArgs+2])                 #27 Rotate input bit
              0b93 8200  adda ac          3032  adda(AC)                        #28
              0b94 ec97  bne  $0b97       3033  bne(pc()+3)                     #29
              0b95 fc97  bra  $0b97       3034  bra(pc()+2)                     #30
              0b96 0001  ld   $01         3035  ld(1)                           #31
              0b97 c226  st   [$26]       3036  st([sysArgs+2])                 #31,32 (must be idempotent)
              0b98 2001  anda $01         3037  anda(1)                         #33 Optionally increment pointer
              0b99 8124  adda [$24]       3038  adda([sysArgs+0])               #34
              0b9a d224  st   [$24],x     3039  st([sysArgs+0],X)               #35
              0b9b 0127  ld   [$27]       3040  ld([sysArgs+3])                 #36 Frame counter
              0b9c a001  suba $01         3041  suba(1)                         #37
              0b9d f0ac  beq  .sysSs#40   3042  beq('.sysSs#40')                #38
              0b9e 1403  ld   $03,y       3043  ld(hi('REENTER'),Y)             #39
              0b9f c227  st   [$27]       3044  st([sysArgs+3])                 #40
              0ba0 010f  ld   [$0f]       3045  ld([serialRaw])                 #41 Test for anything being sent back
              0ba1 60ff  xora $ff         3046  xora(255)                       #42
              0ba2 f0a7  beq  .sysSs#45   3047  beq('.sysSs#45')                #43
              0ba3 c218  st   [$18]       3048  st([vAC])                       #44 Abort after key press with non-zero error
              0ba4 c219  st   [$19]       3049  st([vAC+1])                     #45
              0ba5 e0cb  jmp  y,$cb       3050  jmp(Y,'REENTER')                #46
              0ba6 00e7  ld   $e7         3051  ld(-50/2)                       #47
                                          3052  label('.sysSs#45')
.sysSs#45:    0ba7 0116  ld   [$16]       3053  ld([vPC])                       #45 Continue sending bits
              0ba8 a002  suba $02         3054  suba(2)                         #46
              0ba9 c216  st   [$16]       3055  st([vPC])                       #47
              0baa e0cb  jmp  y,$cb       3056  jmp(Y,'REENTER')                #48
              0bab 00e6  ld   $e6         3057  ld(-52/2)                       #49
                                          3058  label('.sysSs#40')
.sysSs#40:    0bac c218  st   [$18]       3059  st([vAC])                       #40 Stop sending bits, no error
              0bad c219  st   [$19]       3060  st([vAC+1])                     #41
              0bae e0cb  jmp  y,$cb       3061  jmp(Y,'REENTER')                #42
              0baf 00e9  ld   $e9         3062  ld(-46/2)                       #43
                                          3063
                                          3064  # CALLI implementation (vCPU instruction)
                                          3065  label('calli#13')
calli#13:     0bb0 8003  adda $03         3066  adda(3)                         #13,43
              0bb1 c21a  st   [$1a]       3067  st([vLR])                       #14
              0bb2 0117  ld   [$17]       3068  ld([vPC+1])                     #15
              0bb3 d61b  st   [$1b],y     3069  st([vLR+1],Y)                   #16
              0bb4 0d00  ld   [y,x]       3070  ld([Y,X])                       #17
              0bb5 de00  st   [y,x++]     3071  st([Y,Xpp])                     #18 Just X++
              0bb6 a002  suba $02         3072  suba(2)                         #19
              0bb7 c216  st   [$16]       3073  st([vPC])                       #20
              0bb8 0d00  ld   [y,x]       3074  ld([Y,X])                       #21
              0bb9 1403  ld   $03,y       3075  ld(hi('REENTER_28'),Y)          #22
              0bba e0ca  jmp  y,$ca       3076  jmp(Y,'REENTER_28')             #23
              0bbb c217  st   [$17]       3077  st([vPC+1])                     #24
                                          3078
                                          3079  # -------------------------------------------------------------
                                          3080  # vCPU instructions for comparisons between two 16-bit operands
                                          3081  # -------------------------------------------------------------
                                          3082  #
                                          3083  # vCPU's conditional branching (BCC) always compares vAC against 0,
                                          3084  # treating vAC as a two's complement 16-bit number. When we need to
                                          3085  # compare two arbitrary numnbers we normally first take their difference
                                          3086  # with SUBW.  However, when this difference is too large, the subtraction
                                          3087  # overflows and we get the wrong outcome. To get it right over the
                                          3088  # entire range, an elaborate sequence is needed. TinyBASIC uses this
                                          3089  # blurp for its relational operators. (It compares stack variable $02
                                          3090  # with zero page variable $3a.)
                                          3091  #
                                          3092  #       0461  ee 02            LDLW  $02
                                          3093  #       0463  fc 3a            XORW  $3a
                                          3094  #       0465  35 53 6a         BGE   $046c
                                          3095  #       0468  ee 02            LDLW  $02
                                          3096  #       046a  90 6e            BRA   $0470
                                          3097  #       046c  ee 02            LDLW  $02
                                          3098  #       046e  b8 3a            SUBW  $3a
                                          3099  #       0470  35 56 73         BLE   $0475
                                          3100  #
                                          3101  # The CMPHS and CMPHU instructions were introduced to simplify this.
                                          3102  # They inspect both operands to see if there is an overflow risk. If
                                          3103  # so, they modify vAC such that their difference gets smaller, while
                                          3104  # preserving the relation between the two operands. After that, the
                                          3105  # SUBW instruction can't overflow and we achieve a correct comparison.
                                          3106  # Use CMPHS for signed comparisons and CMPHU for unsigned. With these,
                                          3107  # the sequence above becomes:
                                          3108  #
                                          3109  #       0461  ee 02            LDLW  $02
                                          3110  #       0463  1f 3b            CMPHS $3b        Note: high byte of operand
                                          3111  #       0465  b8 3a            SUBW  $3a
                                          3112  #       0467  35 56 73         BLE   $0475
                                          3113  #
                                          3114  # CMPHS/CMPHU don't make much sense other than in combination with
                                          3115  # SUBW. These modify vACH, if needed, as given in the following table:
                                          3116  #
                                          3117  #       vACH  varH  |     vACH
                                          3118  #       bit7  bit7  | CMPHS  CMPHU
                                          3119  #       ---------------------------
                                          3120  #         0     0   |  vACH   vACH      no change needed
                                          3121  #         0     1   | varH+1 varH-1     narrowing the range
                                          3122  #         1     0   | varH-1 varH+1     narrowing the range
                                          3123  #         1     1   |  vACH   vACH      no change needed
                                          3124  #       ---------------------------
                                          3125
                                          3126  # CMPHS implementation (vCPU instruction)
                                          3127  label('cmphs#13')
cmphs#13:     0bbc 1403  ld   $03,y       3128  ld(hi('REENTER'),Y)             #13
              0bbd 0500  ld   [x]         3129  ld([X])                         #14
              0bbe 6119  xora [$19]       3130  xora([vAC+1])                   #15
              0bbf f4d0  bge  .cmphu#18   3131  bpl('.cmphu#18')                #16 Skip if same sign
              0bc0 0119  ld   [$19]       3132  ld([vAC+1])                     #17
              0bc1 e8c4  blt  $0bc4       3133  bmi(pc()+3)                     #18
              0bc2 fcc5  bra  .cmphs#21   3134  bra(pc()+3)                     #19
                                          3135  label('.cmphs#20')
.cmphs#20:    0bc3 0001  ld   $01         3136  ld(+1)                          #20    vAC < variable
              0bc4 00ff  ld   $ff         3137  ld(-1)                          #20(!) vAC > variable
                                          3138  label('.cmphs#21')
.cmphs#21:    0bc5 8500  adda [x]         3139  adda([X])                       #21
              0bc6 c219  st   [$19]       3140  st([vAC+1])                     #22
              0bc7 e0ca  jmp  y,$ca       3141  jmp(Y,'REENTER_28')             #23
                                          3142  #dummy()                        #24 Overlap
                                          3143  #
                                          3144  # CMPHS implementation (vCPU instruction)
                                          3145  label('cmphu#13')
cmphu#13:     0bc8 1403  ld   $03,y       3146  ld(hi('REENTER'),Y)             #13,24
              0bc9 0500  ld   [x]         3147  ld([X])                         #14
              0bca 6119  xora [$19]       3148  xora([vAC+1])                   #15
              0bcb f4d0  bge  .cmphu#18   3149  bpl('.cmphu#18')                #16 Skip if same sign
              0bcc 0119  ld   [$19]       3150  ld([vAC+1])                     #17
              0bcd e8c3  blt  .cmphs#20   3151  bmi('.cmphs#20')                #18
              0bce fcc5  bra  .cmphs#21   3152  bra('.cmphs#21')                #19
              0bcf 00ff  ld   $ff         3153  ld(-1)                          #20    vAC > variable
                                          3154
                                          3155  # No-operation for CMPHS/CMPHU when high bits are equal
                                          3156  label('.cmphu#18')
.cmphu#18:    0bd0 e0cb  jmp  y,$cb       3157  jmp(Y,'REENTER')                #18
              0bd1 00f5  ld   $f5         3158  ld(-22/2)                       #19
                                          3159
                                          3160  #-----------------------------------------------------------------------
                                          3161  #
                                          3162  #  $0c00 ROM page 12: More SYS functions (sprites)
                                          3163  #
                                          3164  #       Page 1: vertical blank interval
                                          3165  #       Page 2: visible scanlines
                                          3166  #
                                          3167  #-----------------------------------------------------------------------
                                          3168
              0bd2 0200  nop              3169  align(0x100, size=0x100)
              0bd3 0200  nop
              0bd4 0200  nop
              * 46 times
                                          3170
                                          3171  #-----------------------------------------------------------------------
                                          3172  # Extension SYS_Sprite6_v3_64
                                          3173  # Extension SYS_Sprite6x_v3_64
                                          3174  # Extension SYS_Sprite6y_v3_64
                                          3175  # Extension SYS_Sprite6xy_v3_64
                                          3176  #-----------------------------------------------------------------------
                                          3177
                                          3178  # Blit sprite in screen memory
                                          3179  #
                                          3180  # Variables
                                          3181  #       vAC             Destination address in screen
                                          3182  #       sysArgs[0:1]    Source address of 6xY pixels (colors 0..63) terminated
                                          3183  #                       by negative byte value N (typically N = -Y)
                                          3184  #       sysArgs[2:7]    Scratch (user as copy buffer)
                                          3185  #
                                          3186  # This SYS function draws a sprite of 6 pixels wide and Y pixels high.
                                          3187  # The pixel data is read sequentually from RAM, in horizontal chunks
                                          3188  # of 6 pixels at a time, and then written to the screen through the
                                          3189  # destination pointer (each chunk underneath the previous), thus
                                          3190  # drawing a 6xY stripe. Pixel values should be non-negative. The first
                                          3191  # negative byte N after a chunk signals the end of the sprite data.
                                          3192  # So the sprite's height Y is determined by the source data and is
                                          3193  # therefore flexible. This negative byte value, typically N == -Y,
                                          3194  # is then used to adjust the destination pointer's high byte, to make
                                          3195  # it easier to draw sprites wider than 6 pixels: just repeat the SYS
                                          3196  # call for as many 6-pixel wide stripes you need. All arguments are
                                          3197  # already left in place to facilitate this. After one call, the source
                                          3198  # pointer will point past that source data, effectively:
                                          3199  #       src += Y * 6 + 1
                                          3200  # The destination pointer will have been adjusted as:
                                          3201  #       dst += (Y + N) * 256 + 6
                                          3202  # (With arithmetic wrapping around on the same memory page)
                                          3203  #
                                          3204  # Y is only limited by source memory, not by CPU cycles. The
                                          3205  # implementation is such that the SYS function self-repeats, each
                                          3206  # time drawing the next 6-pixel chunk. It can typically draw 12
                                          3207  # pixels per scanline this way.
                                          3208
                                          3209  label('SYS_Sprite6_v3_64')
                                          3210
SYS_Sprite6_v3_64:
              0c00 1124  ld   [$24],x     3211  ld([sysArgs+0],X)               #15 Pixel data source address
              0c01 1525  ld   [$25],y     3212  ld([sysArgs+1],Y)               #16
              0c02 0d00  ld   [y,x]       3213  ld([Y,X])                       #17 Next pixel or stop
              0c03 f411  bge  .sysDpx0    3214  bpl('.sysDpx0')                 #18
              0c04 de00  st   [y,x++]     3215  st([Y,Xpp])                     #19 Just X++
                                          3216
              0c05 8119  adda [$19]       3217  adda([vAC+1])                   #20 Adjust dst for convenience
              0c06 c219  st   [$19]       3218  st([vAC+1])                     #21
              0c07 0118  ld   [$18]       3219  ld([vAC])                       #22
              0c08 8006  adda $06         3220  adda(6)                         #23
              0c09 c218  st   [$18]       3221  st([vAC])                       #24
              0c0a 0124  ld   [$24]       3222  ld([sysArgs+0])                 #25 Adjust src for convenience
              0c0b 8001  adda $01         3223  adda(1)                         #26
              0c0c c224  st   [$24]       3224  st([sysArgs+0])                 #27
              0c0d 0200  nop              3225  nop()                           #28
              0c0e 1403  ld   $03,y       3226  ld(hi('REENTER'),Y)             #29 Normal exit (no self-repeat)
              0c0f e0cb  jmp  y,$cb       3227  jmp(Y,'REENTER')                #30
              0c10 00ef  ld   $ef         3228  ld(-34/2)                       #31
                                          3229
                                          3230  label('.sysDpx0')
.sysDpx0:     0c11 c226  st   [$26]       3231  st([sysArgs+2])                 #20 Gobble 6 pixels into buffer
              0c12 0d00  ld   [y,x]       3232  ld([Y,X])                       #21
              0c13 de00  st   [y,x++]     3233  st([Y,Xpp])                     #22 Just X++
              0c14 c227  st   [$27]       3234  st([sysArgs+3])                 #23
              0c15 0d00  ld   [y,x]       3235  ld([Y,X])                       #24
              0c16 de00  st   [y,x++]     3236  st([Y,Xpp])                     #25 Just X++
              0c17 c228  st   [$28]       3237  st([sysArgs+4])                 #26
              0c18 0d00  ld   [y,x]       3238  ld([Y,X])                       #27
              0c19 de00  st   [y,x++]     3239  st([Y,Xpp])                     #28 Just X++
              0c1a c229  st   [$29]       3240  st([sysArgs+5])                 #29
              0c1b 0d00  ld   [y,x]       3241  ld([Y,X])                       #30
              0c1c de00  st   [y,x++]     3242  st([Y,Xpp])                     #31 Just X++
              0c1d c22a  st   [$2a]       3243  st([sysArgs+6])                 #32
              0c1e 0d00  ld   [y,x]       3244  ld([Y,X])                       #33
              0c1f de00  st   [y,x++]     3245  st([Y,Xpp])                     #34 Just X++
              0c20 c22b  st   [$2b]       3246  st([sysArgs+7])                 #35
                                          3247
              0c21 1118  ld   [$18],x     3248  ld([vAC],X)                     #36 Screen memory destination address
              0c22 1519  ld   [$19],y     3249  ld([vAC+1],Y)                   #37
              0c23 0126  ld   [$26]       3250  ld([sysArgs+2])                 #38 Write 6 pixels
              0c24 de00  st   [y,x++]     3251  st([Y,Xpp])                     #39
              0c25 0127  ld   [$27]       3252  ld([sysArgs+3])                 #40
              0c26 de00  st   [y,x++]     3253  st([Y,Xpp])                     #41
              0c27 0128  ld   [$28]       3254  ld([sysArgs+4])                 #42
              0c28 de00  st   [y,x++]     3255  st([Y,Xpp])                     #43
              0c29 0129  ld   [$29]       3256  ld([sysArgs+5])                 #44
              0c2a de00  st   [y,x++]     3257  st([Y,Xpp])                     #45
              0c2b 012a  ld   [$2a]       3258  ld([sysArgs+6])                 #46
              0c2c de00  st   [y,x++]     3259  st([Y,Xpp])                     #47
              0c2d 012b  ld   [$2b]       3260  ld([sysArgs+7])                 #48
              0c2e de00  st   [y,x++]     3261  st([Y,Xpp])                     #49
                                          3262
              0c2f 0124  ld   [$24]       3263  ld([sysArgs+0])                 #50 src += 6
              0c30 8006  adda $06         3264  adda(6)                         #51
              0c31 c224  st   [$24]       3265  st([sysArgs+0])                 #52
              0c32 0119  ld   [$19]       3266  ld([vAC+1])                     #53 dst += 256
              0c33 8001  adda $01         3267  adda(1)                         #54
              0c34 c219  st   [$19]       3268  st([vAC+1])                     #55
                                          3269
              0c35 0116  ld   [$16]       3270  ld([vPC])                       #56 Self-repeating SYS call
              0c36 a002  suba $02         3271  suba(2)                         #57
              0c37 c216  st   [$16]       3272  st([vPC])                       #58
              0c38 1403  ld   $03,y       3273  ld(hi('REENTER'),Y)             #59
              0c39 e0cb  jmp  y,$cb       3274  jmp(Y,'REENTER')                #60
              0c3a 00e0  ld   $e0         3275  ld(-64/2)                       #61
                                          3276
              0c3b 0200  nop              3277  align(64)
              0c3c 0200  nop
              0c3d 0200  nop
              * 5 times
                                          3278  label('SYS_Sprite6x_v3_64')
                                          3279
SYS_Sprite6x_v3_64:
              0c40 1124  ld   [$24],x     3280  ld([sysArgs+0],X)               #15 Pixel data source address
              0c41 1525  ld   [$25],y     3281  ld([sysArgs+1],Y)               #16
              0c42 0d00  ld   [y,x]       3282  ld([Y,X])                       #17 Next pixel or stop
              0c43 f451  bge  .sysDpx1    3283  bpl('.sysDpx1')                 #18
              0c44 de00  st   [y,x++]     3284  st([Y,Xpp])                     #19 Just X++
                                          3285
              0c45 8119  adda [$19]       3286  adda([vAC+1])                   #20 Adjust dst for convenience
              0c46 c219  st   [$19]       3287  st([vAC+1])                     #21
              0c47 0118  ld   [$18]       3288  ld([vAC])                       #22
              0c48 a006  suba $06         3289  suba(6)                         #23
              0c49 c218  st   [$18]       3290  st([vAC])                       #24
              0c4a 0124  ld   [$24]       3291  ld([sysArgs+0])                 #25 Adjust src for convenience
              0c4b 8001  adda $01         3292  adda(1)                         #26
              0c4c c224  st   [$24]       3293  st([sysArgs+0])                 #27
              0c4d 0200  nop              3294  nop()                           #28
              0c4e 1403  ld   $03,y       3295  ld(hi('REENTER'),Y)             #29 Normal exit (no self-repeat)
              0c4f e0cb  jmp  y,$cb       3296  jmp(Y,'REENTER')                #30
              0c50 00ef  ld   $ef         3297  ld(-34/2)                       #31
                                          3298
                                          3299  label('.sysDpx1')
.sysDpx1:     0c51 c22b  st   [$2b]       3300  st([sysArgs+7])                 #20 Gobble 6 pixels into buffer (backwards)
              0c52 0d00  ld   [y,x]       3301  ld([Y,X])                       #21
              0c53 de00  st   [y,x++]     3302  st([Y,Xpp])                     #22 Just X++
              0c54 c22a  st   [$2a]       3303  st([sysArgs+6])                 #23
              0c55 0d00  ld   [y,x]       3304  ld([Y,X])                       #24
              0c56 de00  st   [y,x++]     3305  st([Y,Xpp])                     #25 Just X++
              0c57 c229  st   [$29]       3306  st([sysArgs+5])                 #26
              0c58 0d00  ld   [y,x]       3307  ld([Y,X])                       #27
              0c59 de00  st   [y,x++]     3308  st([Y,Xpp])                     #28 Just X++
              0c5a c228  st   [$28]       3309  st([sysArgs+4])                 #29
              0c5b 0d00  ld   [y,x]       3310  ld([Y,X])                       #30
              0c5c de00  st   [y,x++]     3311  st([Y,Xpp])                     #31 Just X++
              0c5d c227  st   [$27]       3312  st([sysArgs+3])                 #32
              0c5e 0d00  ld   [y,x]       3313  ld([Y,X])                       #33
              0c5f de00  st   [y,x++]     3314  st([Y,Xpp])                     #34 Just X++
                                          3315
              0c60 1118  ld   [$18],x     3316  ld([vAC],X)                     #35 Screen memory destination address
              0c61 1519  ld   [$19],y     3317  ld([vAC+1],Y)                   #36
              0c62 de00  st   [y,x++]     3318  st([Y,Xpp])                     #37 Write 6 pixels
              0c63 0127  ld   [$27]       3319  ld([sysArgs+3])                 #38
              0c64 de00  st   [y,x++]     3320  st([Y,Xpp])                     #39
              0c65 0128  ld   [$28]       3321  ld([sysArgs+4])                 #40
              0c66 de00  st   [y,x++]     3322  st([Y,Xpp])                     #41
              0c67 0129  ld   [$29]       3323  ld([sysArgs+5])                 #42
              0c68 de00  st   [y,x++]     3324  st([Y,Xpp])                     #43
              0c69 012a  ld   [$2a]       3325  ld([sysArgs+6])                 #44
              0c6a de00  st   [y,x++]     3326  st([Y,Xpp])                     #45
              0c6b 012b  ld   [$2b]       3327  ld([sysArgs+7])                 #46
              0c6c de00  st   [y,x++]     3328  st([Y,Xpp])                     #47
                                          3329
              0c6d 0124  ld   [$24]       3330  ld([sysArgs+0])                 #48 src += 6
              0c6e 8006  adda $06         3331  adda(6)                         #49
              0c6f c224  st   [$24]       3332  st([sysArgs+0])                 #50
              0c70 0119  ld   [$19]       3333  ld([vAC+1])                     #51 dst += 256
              0c71 8001  adda $01         3334  adda(1)                         #52
              0c72 c219  st   [$19]       3335  st([vAC+1])                     #53
                                          3336
              0c73 0116  ld   [$16]       3337  ld([vPC])                       #54 Self-repeating SYS call
              0c74 a002  suba $02         3338  suba(2)                         #55
              0c75 c216  st   [$16]       3339  st([vPC])                       #56
              0c76 1403  ld   $03,y       3340  ld(hi('REENTER'),Y)             #57
              0c77 e0cb  jmp  y,$cb       3341  jmp(Y,'REENTER')                #58
              0c78 00e1  ld   $e1         3342  ld(-62/2)                       #59
                                          3343
              0c79 0200  nop              3344  align(64)
              0c7a 0200  nop
              0c7b 0200  nop
              * 7 times
                                          3345  label('SYS_Sprite6y_v3_64')
                                          3346
SYS_Sprite6y_v3_64:
              0c80 1124  ld   [$24],x     3347  ld([sysArgs+0],X)               #15 Pixel data source address
              0c81 1525  ld   [$25],y     3348  ld([sysArgs+1],Y)               #16
              0c82 0d00  ld   [y,x]       3349  ld([Y,X])                       #17 Next pixel or stop
              0c83 f493  bge  .sysDpx2    3350  bpl('.sysDpx2')                 #18
              0c84 de00  st   [y,x++]     3351  st([Y,Xpp])                     #19 Just X++
                                          3352
              0c85 60ff  xora $ff         3353  xora(255)                       #20 Adjust dst for convenience
              0c86 8001  adda $01         3354  adda(1)                         #21
              0c87 8119  adda [$19]       3355  adda([vAC+1])                   #22
              0c88 c219  st   [$19]       3356  st([vAC+1])                     #23
              0c89 0118  ld   [$18]       3357  ld([vAC])                       #24
              0c8a 8006  adda $06         3358  adda(6)                         #25
              0c8b c218  st   [$18]       3359  st([vAC])                       #26
              0c8c 0124  ld   [$24]       3360  ld([sysArgs+0])                 #27 Adjust src for convenience
              0c8d 8001  adda $01         3361  adda(1)                         #28
              0c8e c224  st   [$24]       3362  st([sysArgs+0])                 #29
              0c8f 0200  nop              3363  nop()                           #30
              0c90 1403  ld   $03,y       3364  ld(hi('REENTER'),Y)             #31 Normal exit (no self-repeat)
              0c91 e0cb  jmp  y,$cb       3365  jmp(Y,'REENTER')                #32
              0c92 00ee  ld   $ee         3366  ld(-36/2)                       #33
                                          3367
                                          3368  label('.sysDpx2')
.sysDpx2:     0c93 c226  st   [$26]       3369  st([sysArgs+2])                 #20 Gobble 6 pixels into buffer
              0c94 0d00  ld   [y,x]       3370  ld([Y,X])                       #21
              0c95 de00  st   [y,x++]     3371  st([Y,Xpp])                     #22 Just X++
              0c96 c227  st   [$27]       3372  st([sysArgs+3])                 #23
              0c97 0d00  ld   [y,x]       3373  ld([Y,X])                       #24
              0c98 de00  st   [y,x++]     3374  st([Y,Xpp])                     #25 Just X++
              0c99 c228  st   [$28]       3375  st([sysArgs+4])                 #26
              0c9a 0d00  ld   [y,x]       3376  ld([Y,X])                       #27
              0c9b de00  st   [y,x++]     3377  st([Y,Xpp])                     #28 Just X++
              0c9c c229  st   [$29]       3378  st([sysArgs+5])                 #29
              0c9d 0d00  ld   [y,x]       3379  ld([Y,X])                       #30
              0c9e de00  st   [y,x++]     3380  st([Y,Xpp])                     #31 Just X++
              0c9f c22a  st   [$2a]       3381  st([sysArgs+6])                 #32
              0ca0 0d00  ld   [y,x]       3382  ld([Y,X])                       #33
              0ca1 de00  st   [y,x++]     3383  st([Y,Xpp])                     #34 Just X++
              0ca2 c22b  st   [$2b]       3384  st([sysArgs+7])                 #35
                                          3385
              0ca3 1118  ld   [$18],x     3386  ld([vAC],X)                     #36 Screen memory destination address
              0ca4 1519  ld   [$19],y     3387  ld([vAC+1],Y)                   #37
              0ca5 0126  ld   [$26]       3388  ld([sysArgs+2])                 #38 Write 6 pixels
              0ca6 de00  st   [y,x++]     3389  st([Y,Xpp])                     #39
              0ca7 0127  ld   [$27]       3390  ld([sysArgs+3])                 #40
              0ca8 de00  st   [y,x++]     3391  st([Y,Xpp])                     #41
              0ca9 0128  ld   [$28]       3392  ld([sysArgs+4])                 #42
              0caa de00  st   [y,x++]     3393  st([Y,Xpp])                     #43
              0cab 0129  ld   [$29]       3394  ld([sysArgs+5])                 #44
              0cac de00  st   [y,x++]     3395  st([Y,Xpp])                     #45
              0cad 012a  ld   [$2a]       3396  ld([sysArgs+6])                 #46
              0cae de00  st   [y,x++]     3397  st([Y,Xpp])                     #47
              0caf 012b  ld   [$2b]       3398  ld([sysArgs+7])                 #48
              0cb0 de00  st   [y,x++]     3399  st([Y,Xpp])                     #49
                                          3400
              0cb1 0124  ld   [$24]       3401  ld([sysArgs+0])                 #50 src += 6
              0cb2 8006  adda $06         3402  adda(6)                         #51
              0cb3 c224  st   [$24]       3403  st([sysArgs+0])                 #52
              0cb4 0119  ld   [$19]       3404  ld([vAC+1])                     #53 dst -= 256
              0cb5 a001  suba $01         3405  suba(1)                         #54
              0cb6 c219  st   [$19]       3406  st([vAC+1])                     #55
                                          3407
              0cb7 0116  ld   [$16]       3408  ld([vPC])                       #56 Self-repeating SYS call
              0cb8 a002  suba $02         3409  suba(2)                         #57
              0cb9 c216  st   [$16]       3410  st([vPC])                       #58
              0cba 1403  ld   $03,y       3411  ld(hi('REENTER'),Y)             #59
              0cbb e0cb  jmp  y,$cb       3412  jmp(Y,'REENTER')                #60
              0cbc 00e0  ld   $e0         3413  ld(-64/2)                       #61
                                          3414
              0cbd 0200  nop              3415  align(64)
              0cbe 0200  nop
              0cbf 0200  nop
                                          3416  label('SYS_Sprite6xy_v3_64')
                                          3417
SYS_Sprite6xy_v3_64:
              0cc0 1124  ld   [$24],x     3418  ld([sysArgs+0],X)               #15 Pixel data source address
              0cc1 1525  ld   [$25],y     3419  ld([sysArgs+1],Y)               #16
              0cc2 0d00  ld   [y,x]       3420  ld([Y,X])                       #17 Next pixel or stop
              0cc3 f4d3  bge  .sysDpx3    3421  bpl('.sysDpx3')                 #18
              0cc4 de00  st   [y,x++]     3422  st([Y,Xpp])                     #19 Just X++
                                          3423
              0cc5 60ff  xora $ff         3424  xora(255)                       #20 Adjust dst for convenience
              0cc6 8001  adda $01         3425  adda(1)                         #21
              0cc7 8119  adda [$19]       3426  adda([vAC+1])                   #22
              0cc8 c219  st   [$19]       3427  st([vAC+1])                     #23
              0cc9 0118  ld   [$18]       3428  ld([vAC])                       #24
              0cca a006  suba $06         3429  suba(6)                         #25
              0ccb c218  st   [$18]       3430  st([vAC])                       #26
              0ccc 0124  ld   [$24]       3431  ld([sysArgs+0])                 #27 Adjust src for convenience
              0ccd 8001  adda $01         3432  adda(1)                         #28
              0cce c224  st   [$24]       3433  st([sysArgs+0])                 #29
              0ccf 0200  nop              3434  nop()                           #30
              0cd0 1403  ld   $03,y       3435  ld(hi('REENTER'),Y)             #31 Normal exit (no self-repeat)
              0cd1 e0cb  jmp  y,$cb       3436  jmp(Y,'REENTER')                #32
              0cd2 00ee  ld   $ee         3437  ld(-36/2)                       #33
                                          3438
                                          3439  label('.sysDpx3')
.sysDpx3:     0cd3 c22b  st   [$2b]       3440  st([sysArgs+7])                 #20 Gobble 6 pixels into buffer (backwards)
              0cd4 0d00  ld   [y,x]       3441  ld([Y,X])                       #21
              0cd5 de00  st   [y,x++]     3442  st([Y,Xpp])                     #22 Just X++
              0cd6 c22a  st   [$2a]       3443  st([sysArgs+6])                 #23
              0cd7 0d00  ld   [y,x]       3444  ld([Y,X])                       #24
              0cd8 de00  st   [y,x++]     3445  st([Y,Xpp])                     #25 Just X++
              0cd9 c229  st   [$29]       3446  st([sysArgs+5])                 #26
              0cda 0d00  ld   [y,x]       3447  ld([Y,X])                       #27
              0cdb de00  st   [y,x++]     3448  st([Y,Xpp])                     #28 Just X++
              0cdc c228  st   [$28]       3449  st([sysArgs+4])                 #29
              0cdd 0d00  ld   [y,x]       3450  ld([Y,X])                       #30
              0cde de00  st   [y,x++]     3451  st([Y,Xpp])                     #31 Just X++
              0cdf c227  st   [$27]       3452  st([sysArgs+3])                 #32
              0ce0 0d00  ld   [y,x]       3453  ld([Y,X])                       #33
              0ce1 de00  st   [y,x++]     3454  st([Y,Xpp])                     #34 Just X++
                                          3455
              0ce2 1118  ld   [$18],x     3456  ld([vAC],X)                     #35 Screen memory destination address
              0ce3 1519  ld   [$19],y     3457  ld([vAC+1],Y)                   #36
              0ce4 de00  st   [y,x++]     3458  st([Y,Xpp])                     #37 Write 6 pixels
              0ce5 0127  ld   [$27]       3459  ld([sysArgs+3])                 #38
              0ce6 de00  st   [y,x++]     3460  st([Y,Xpp])                     #39
              0ce7 0128  ld   [$28]       3461  ld([sysArgs+4])                 #40
              0ce8 de00  st   [y,x++]     3462  st([Y,Xpp])                     #41
              0ce9 0129  ld   [$29]       3463  ld([sysArgs+5])                 #42
              0cea de00  st   [y,x++]     3464  st([Y,Xpp])                     #43
              0ceb 012a  ld   [$2a]       3465  ld([sysArgs+6])                 #44
              0cec de00  st   [y,x++]     3466  st([Y,Xpp])                     #45
              0ced 012b  ld   [$2b]       3467  ld([sysArgs+7])                 #46
              0cee de00  st   [y,x++]     3468  st([Y,Xpp])                     #47
                                          3469
              0cef 0124  ld   [$24]       3470  ld([sysArgs+0])                 #48 src += 6
              0cf0 8006  adda $06         3471  adda(6)                         #49
              0cf1 c224  st   [$24]       3472  st([sysArgs+0])                 #50
              0cf2 0119  ld   [$19]       3473  ld([vAC+1])                     #51 dst -= 256
              0cf3 a001  suba $01         3474  suba(1)                         #52
              0cf4 c219  st   [$19]       3475  st([vAC+1])                     #53
                                          3476
              0cf5 0116  ld   [$16]       3477  ld([vPC])                       #54 Self-repeating SYS call
              0cf6 a002  suba $02         3478  suba(2)                         #55
              0cf7 c216  st   [$16]       3479  st([vPC])                       #56
              0cf8 1403  ld   $03,y       3480  ld(hi('REENTER'),Y)             #57
              0cf9 e0cb  jmp  y,$cb       3481  jmp(Y,'REENTER')                #58
              0cfa 00e1  ld   $e1         3482  ld(-62/2)                       #59
                                          3483
                                          3484  #-----------------------------------------------------------------------
                                          3485
                                          3486  label('sys_ExpanderControl')
                                          3487
sys_ExpanderControl:
              0cfb 2118  anda [$18]       3488  anda([vAC])                     #18
              0cfc d218  st   [$18],x     3489  st([vAC],X)                     #19
              0cfd 1401  ld   $01,y       3490  ld(hi(ctrlBits),Y)              #20
              0cfe caf8  st   [y,$f8]     3491  st([Y,ctrlBits])                #21 Set control variable
              0cff 1519  ld   [$19],y     3492  ld([vAC+1],Y)                   #22 MOSI (A15)
              0d00 cd00  ctrl y,x         3493  ctrl(Y,X)                       #23 Try set the expander control register
                                          3494
              0d01 0127  ld   [$27]       3495  ld([sysArgs+3])                 #24 Prepare for SYS_SpiExchangeBytes
                                          3496  assert pc()&255 < 255-3         # Beware of page crossing: asm.py won't warn
              0d02 ec05  bne  $0d05       3497  bne(pc()+3)                     #25
              0d03 fc05  bra  $0d05       3498  bra(pc()+2)                     #26
              0d04 0125  ld   [$25]       3499  ld([sysArgs+1])                 #27
              0d05 c227  st   [$27]       3500  st([sysArgs+3])                 #27,28 (must be idempotent)
                                          3501
              0d06 1403  ld   $03,y       3502  ld(hi('REENTER'),Y)             #29
              0d07 e0cb  jmp  y,$cb       3503  jmp(Y,'REENTER')                #30
              0d08 00ef  ld   $ef         3504  ld(-34/2)                       #31
                                          3505
                                          3506  #-----------------------------------------------------------------------
                                          3507
                                          3508  label('sys_SpiExchangeBytes')
                                          3509
sys_SpiExchangeBytes:
              0d09 09f8  ld   [y,$f8]     3510  ld([Y,ctrlBits])                #18
              0d0a c228  st   [$28]       3511  st([sysArgs+4])                 #19
                                          3512
              0d0b 1124  ld   [$24],x     3513  ld([sysArgs+0],X)               #20 Fetch byte to send
              0d0c 1525  ld   [$25],y     3514  ld([sysArgs+1],Y)               #21
              0d0d 0d00  ld   [y,x]       3515  ld([Y,X])                       #22
                                          3516
                                          3517  for i in range(8):
                                          3518    st([vTmp],Y);C('Bit %d'%(7-i))#23+i*12
              0d0e d61d  st   [$1d],y     ;Bit 7
              0d0f 1128  ld   [$28],x     3519    ld([sysArgs+4],X)             #24+i*12
              0d10 dd00  ctrl y,x++       3520    ctrl(Y,Xpp)                   #25+i*12 Set MOSI
              0d11 dd00  ctrl y,x++       3521    ctrl(Y,Xpp)                   #26+i*12 Raise SCLK, disable RAM!
              0d12 0100  ld   [$00]       3522    ld([0])                       #27+i*12 Get MISO
              0d13 200f  anda $0f         3523    anda(0b00001111)              #28+i*12 This is why R1 as pull-DOWN is simpler
              0d14 f017  beq  $0d17       3524    beq(pc()+3)                   #29+i*12
              0d15 fc17  bra  $0d17       3525    bra(pc()+2)                   #30+i*12
              0d16 0001  ld   $01         3526    ld(1)                         #31+i*12
              0d17 cd00  ctrl y,x         3527    ctrl(Y,X)                     #32+i*12,29+i*12 (Must be idempotent) Lower SCLK
              0d18 811d  adda [$1d]       3528    adda([vTmp])                  #33+i*12 Shift
              0d19 811d  adda [$1d]       3529    adda([vTmp])                  #34+i*12
              0d1a d61d  st   [$1d],y     ;Bit 6
              0d1b 1128  ld   [$28],x
              0d1c dd00  ctrl y,x++
              0d1d dd00  ctrl y,x++
              0d1e 0100  ld   [$00]
              0d1f 200f  anda $0f
              0d20 f023  beq  $0d23
              0d21 fc23  bra  $0d23
              0d22 0001  ld   $01
              0d23 cd00  ctrl y,x
              0d24 811d  adda [$1d]
              0d25 811d  adda [$1d]
              0d26 d61d  st   [$1d],y     ;Bit 5
              0d27 1128  ld   [$28],x
              0d28 dd00  ctrl y,x++
              0d29 dd00  ctrl y,x++
              0d2a 0100  ld   [$00]
              0d2b 200f  anda $0f
              0d2c f02f  beq  $0d2f
              0d2d fc2f  bra  $0d2f
              0d2e 0001  ld   $01
              0d2f cd00  ctrl y,x
              0d30 811d  adda [$1d]
              0d31 811d  adda [$1d]
              0d32 d61d  st   [$1d],y     ;Bit 4
              0d33 1128  ld   [$28],x
              0d34 dd00  ctrl y,x++
              0d35 dd00  ctrl y,x++
              0d36 0100  ld   [$00]
              0d37 200f  anda $0f
              0d38 f03b  beq  $0d3b
              0d39 fc3b  bra  $0d3b
              0d3a 0001  ld   $01
              0d3b cd00  ctrl y,x
              0d3c 811d  adda [$1d]
              0d3d 811d  adda [$1d]
              0d3e d61d  st   [$1d],y     ;Bit 3
              0d3f 1128  ld   [$28],x
              0d40 dd00  ctrl y,x++
              0d41 dd00  ctrl y,x++
              0d42 0100  ld   [$00]
              0d43 200f  anda $0f
              0d44 f047  beq  $0d47
              0d45 fc47  bra  $0d47
              0d46 0001  ld   $01
              0d47 cd00  ctrl y,x
              0d48 811d  adda [$1d]
              0d49 811d  adda [$1d]
              0d4a d61d  st   [$1d],y     ;Bit 2
              0d4b 1128  ld   [$28],x
              0d4c dd00  ctrl y,x++
              0d4d dd00  ctrl y,x++
              0d4e 0100  ld   [$00]
              0d4f 200f  anda $0f
              0d50 f053  beq  $0d53
              0d51 fc53  bra  $0d53
              0d52 0001  ld   $01
              0d53 cd00  ctrl y,x
              0d54 811d  adda [$1d]
              0d55 811d  adda [$1d]
              0d56 d61d  st   [$1d],y     ;Bit 1
              0d57 1128  ld   [$28],x
              0d58 dd00  ctrl y,x++
              0d59 dd00  ctrl y,x++
              0d5a 0100  ld   [$00]
              0d5b 200f  anda $0f
              0d5c f05f  beq  $0d5f
              0d5d fc5f  bra  $0d5f
              0d5e 0001  ld   $01
              0d5f cd00  ctrl y,x
              0d60 811d  adda [$1d]
              0d61 811d  adda [$1d]
              0d62 d61d  st   [$1d],y     ;Bit 0
              0d63 1128  ld   [$28],x
              0d64 dd00  ctrl y,x++
              0d65 dd00  ctrl y,x++
              0d66 0100  ld   [$00]
              0d67 200f  anda $0f
              0d68 f06b  beq  $0d6b
              0d69 fc6b  bra  $0d6b
              0d6a 0001  ld   $01
              0d6b cd00  ctrl y,x
              0d6c 811d  adda [$1d]
              0d6d 811d  adda [$1d]
                                          3530
              0d6e 1124  ld   [$24],x     3531  ld([sysArgs+0],X)               #119 Store received byte
              0d6f 1527  ld   [$27],y     3532  ld([sysArgs+3],Y)               #120
              0d70 ce00  st   [y,x]       3533  st([Y,X])                       #121
                                          3534
              0d71 0124  ld   [$24]       3535  ld([sysArgs+0])                 #122 Advance pointer
              0d72 8001  adda $01         3536  adda(1)                         #123
              0d73 c224  st   [$24]       3537  st([sysArgs+0])                 #124
                                          3538
              0d74 6126  xora [$26]       3539  xora([sysArgs+2])               #125 Reached end?
              0d75 f07c  beq  .sysSpi#128 3540  beq('.sysSpi#128')              #126
                                          3541
              0d76 0116  ld   [$16]       3542  ld([vPC])                       #127 Self-repeating SYS call
              0d77 a002  suba $02         3543  suba(2)                         #128
              0d78 c216  st   [$16]       3544  st([vPC])                       #129
              0d79 1403  ld   $03,y       3545  ld(hi('NEXTY'),Y)               #130
              0d7a e000  jmp  y,$00       3546  jmp(Y,'NEXTY')                  #131
              0d7b 00bd  ld   $bd         3547  ld(-134/2)                      #132
                                          3548
                                          3549  label('.sysSpi#128')
.sysSpi#128:  0d7c 1403  ld   $03,y       3550  ld(hi('NEXTY'),Y)               #128 Continue program
              0d7d e000  jmp  y,$00       3551  jmp(Y,'NEXTY')                  #129
              0d7e 00be  ld   $be         3552  ld(-132/2)                      #130
                                          3553
                                          3554  #-----------------------------------------------------------------------
                                          3555  while pc()&255 < 255:
              0d7f 0200  nop              3556    nop()
              0d80 0200  nop
              0d81 0200  nop
              * 128 times
                                          3557
              0dff 0200  nop              3558  align(0x100,size=0x200)
                                          3559
                                          3560  #-----------------------------------------------------------------------
                                          3561  #       Extended vertical blank logic: interrupts
                                          3562  #-----------------------------------------------------------------------
                                          3563  align(0x100)
                                          3564
                                          3565  # Check if an IRQ handler is defined
                                          3566  label('vBlankFirst#78')
vBlankFirst#78:
              0e00 09f6  ld   [y,$f6]     3567  ld([Y,vIRQ_v5])                 #78
              0e01 49f7  ora  [y,$f7]     3568  ora([Y,vIRQ_v5+1])              #79
                                          3569  bne('vBlankFirst#82')           #80
              0e02 ec09  bne  vBlankFirst#82
              0e03 0116  ld   [$16]       3570  ld([vPC])                       #81
              0e04 0055  ld   $55         3571  runVcpu(186-82-extra,           #82 Application cycles (scan line 0)
              0e05 c21e  st   [$1e]
              0e06 1505  ld   [$05],y
              0e07 e0ff  jmp  y,$ff
              0e08 001f  ld   $1f
                                          3572      '---D line 0 timeout but no irq',
                                          3573      returnTo='vBlankFirst#186')
                                          3574
                                          3575  label('vBlankFirst#82')
vBlankFirst#82:
              0e09 c230  st   [$30]       3576  st([0x30])                      #82 Save vPC
              0e0a 0117  ld   [$17]       3577  ld([vPC+1])                     #83
              0e0b c231  st   [$31]       3578  st([0x31])                      #84
              0e0c 0118  ld   [$18]       3579  ld([vAC])                       #85 Save vAC
              0e0d c232  st   [$32]       3580  st([0x32])                      #86
              0e0e 0119  ld   [$19]       3581  ld([vAC+1])                     #87
              0e0f c233  st   [$33]       3582  st([0x33])                      #88
              0e10 09f6  ld   [y,$f6]     3583  ld([Y,vIRQ_v5])                 #89 Set vPC to vIRQ
              0e11 a002  suba $02         3584  suba(2)                         #90
              0e12 c216  st   [$16]       3585  st([vPC])                       #91
              0e13 09f7  ld   [y,$f7]     3586  ld([Y,vIRQ_v5+1])               #92
              0e14 c217  st   [$17]       3587  st([vPC+1])                     #93
              0e15 0105  ld   [$05]       3588  ld([vCpuSelect])                #94 Handler must save this if needed
              0e16 c219  st   [$19]       3589  st([vAC+1])                     #95
              0e17 0000  ld   $00         3590  ld(0)                           #96
              0e18 c218  st   [$18]       3591  st([vAC])                       #97
              0e19 0002  ld   $02         3592  ld(hi('ENTER'))                 #98 Set vCpuSelect to ENTER (=regular vCPU)
              0e1a c205  st   [$05]       3593  st([vCpuSelect])                #99
              0e1b 0055  ld   $55         3594  runVcpu(186-100-extra,          #100 Application cycles (scan line 0)
              0e1c c21e  st   [$1e]
              0e1d 1505  ld   [$05],y
              0e1e e0ff  jmp  y,$ff
              0e1f 0016  ld   $16
                                          3595      '---D line 0 timeout with irq',
                                          3596      returnTo='vBlankFirst#186')
                                          3597
                                          3598  # vIRQ sequence WITH interpreter switch
                                          3599  label('vRTI#18')
vRTI#18:      0e20 0500  ld   [x]         3600  ld([X])                         #18
              0e21 c205  st   [$05]       3601  st([vCpuSelect])                #19
              0e22 0130  ld   [$30]       3602  ld([0x30])                      #20
              0e23 c216  st   [$16]       3603  st([vPC])                       #21
              0e24 0131  ld   [$31]       3604  ld([0x31])                      #22
              0e25 c217  st   [$17]       3605  st([vPC+1])                     #23
              0e26 0132  ld   [$32]       3606  ld([0x32])                      #24
              0e27 c218  st   [$18]       3607  st([vAC])                       #25
              0e28 0133  ld   [$33]       3608  ld([0x33])                      #26
              0e29 c219  st   [$19]       3609  st([vAC+1])                     #27
              0e2a 0200  nop              3610  nop()                           #0
              0e2b 1403  ld   $03,y       3611  ld(hi('RESYNC'),Y)              #1
              0e2c e00c  jmp  y,$0c       3612  jmp(Y,'RESYNC')                 #2
              0e2d 0115  ld   [$15]       3613  ld([vTicks])                    #3
                                          3614
                                          3615  # Entered last line of vertical blank (line 40)
                                          3616  label('vBlankLast#34')
                                          3617
                                          3618  #-----------------------------------------------------------------------
                                          3619  #       Extended vertical blank logic: game controller decoding
                                          3620  #-----------------------------------------------------------------------
                                          3621
                                          3622  # Game controller types
                                          3623  # TypeA: Based on 74LS165 shift register (not supported)
                                          3624  # TypeB: Based on CD4021B shift register (standard)
                                          3625  # TypeC: Based on priority encoder
                                          3626  #
                                          3627  # Notes:
                                          3628  # - TypeA was only used during development and first beta test, before ROM v1
                                          3629  # - TypeB appears as type A with negative logic levels
                                          3630  # - TypeB is the game controller type that comes with the original kit and ROM v1
                                          3631  # - TypeB is mimicked by BabelFish / Pluggy McPlugface
                                          3632  # - TypeB requires a prolonged /SER_LATCH, therefore vPulse is 8 scanlines, not 2
                                          3633  # - TypeB and TypeC can be sampled in the same scanline
                                          3634  # - TypeA is 1 scanline shifted as it looks at a different edge (XXX up or down?)
                                          3635  # - TypeC gives incomplete information: lower buttons overshadow higher ones
                                          3636  #
                                          3637  #       TypeC    Alias    Button TypeB
                                          3638  #       00000000  ^@   -> Right  11111110
                                          3639  #       00000001  ^A   -> Left   11111101
                                          3640  #       00000011  ^C   -> Down   11111011
                                          3641  #       00000111  ^G   -> Up     11110111
                                          3642  #       00001111  ^O   -> Start  11101111
                                          3643  #       00011111  ^_   -> Select 11011111
                                          3644  #       00111111  ?    -> B      10111111
                                          3645  #       01111111  DEL  -> A      01111111
                                          3646  #       11111111       -> (None) 11111111
                                          3647  #
                                          3648  #       Conversion formula:
                                          3649  #               f(x) := 254 - x
                                          3650
                                          3651  # Detect controller TypeC codes
vBlankLast#34:
              0e2e 010f  ld   [$0f]       3652  ld([serialRaw])                 #34 if serialRaw in [0,1,3,7,15,31,63,127,255]
              0e2f 8001  adda $01         3653  adda(1)                         #35
              0e30 210f  anda [$0f]       3654  anda([serialRaw])               #36
              0e31 ec42  bne  .buttons#39 3655  bne('.buttons#39')              #37
                                          3656
                                          3657  # TypeC
              0e32 010f  ld   [$0f]       3658  ld([serialRaw])                 #38 [TypeC] if serialRaw < serialLast
              0e33 8001  adda $01         3659  adda(1)                         #39
              0e34 2110  anda [$10]       3660  anda([serialLast])              #40
              0e35 ec39  bne  .buttons#43 3661  bne('.buttons#43')              #41
              0e36 00fe  ld   $fe         3662  ld(254)                         #42 then clear the selected bit
              0e37 0200  nop              3663  nop()                           #43
              0e38 fc3c  bra  .buttons#46 3664  bra('.buttons#46')              #44
                                          3665  label('.buttons#43')
.buttons#43:  0e39 a10f  suba [$0f]       3666  suba([serialRaw])               #43,45
              0e3a 2111  anda [$11]       3667  anda([buttonState])             #44
              0e3b c211  st   [$11]       3668  st([buttonState])               #45
                                          3669  label('.buttons#46')
.buttons#46:  0e3c 010f  ld   [$0f]       3670  ld([serialRaw])                 #46 Set the lower bits
              0e3d 4111  ora  [$11]       3671  ora([buttonState])              #47
                                          3672  label('.buttons#48')
.buttons#48:  0e3e c211  st   [$11]       3673  st([buttonState])               #48
              0e3f 010f  ld   [$0f]       3674  ld([serialRaw])                 #49 Update serialLast for next pass
              0e40 e0b3  jmp  y,$b3       3675  jmp(Y,'vBlankLast#52')          #50
              0e41 c210  st   [$10]       3676  st([serialLast])                #51
                                          3677
                                          3678  # TypeB
                                          3679  # pChange = pNew & ~pOld
                                          3680  # nChange = nNew | ~nOld {DeMorgan}
                                          3681  label('.buttons#39')
.buttons#39:  0e42 00ff  ld   $ff         3682  ld(255)                         #39 [TypeB] Bitwise edge-filter to detect button presses
              0e43 6110  xora [$10]       3683  xora([serialLast])              #40
              0e44 410f  ora  [$0f]       3684  ora([serialRaw])                #41 Catch button-press events
              0e45 2111  anda [$11]       3685  anda([buttonState])             #42 Keep active button presses
              0e46 410f  ora  [$0f]       3686  ora([serialRaw])                #43
              0e47 0200  nop              3687  nop()                           #44
              0e48 0200  nop              3688  nop()                           #45
              0e49 fc3e  bra  .buttons#48 3689  bra('.buttons#48')              #46
              0e4a 0200  nop              3690  nop()                           #47
                                          3691
                                          3692
                                          3693  #-----------------------------------------------------------------------
                                          3694  #       More SYS functions
                                          3695  #-----------------------------------------------------------------------
                                          3696
                                          3697  # SYS_Exec_88 implementation
                                          3698  label('sys_Exec')
sys_Exec:     0e4b d617  st   [$17],y     3699  st([vPC+1],Y)                   #18 Clear vPCH and Y
              0e4c 011c  ld   [$1c]       3700  ld([vSP])                       #19 Place ROM loader below current stack pointer
              0e4d a037  suba $37         3701  suba(53+2)                      #20 (AC -> *+0) One extra word for PUSH
              0e4e d21d  st   [$1d],x     3702  st([vTmp],X)                    #21
              0e4f 80fe  adda $fe         3703  adda(-2)                        #22 (AC -> *-2)
              0e50 c216  st   [$16]       3704  st([vPC])                       #23
                                          3705  # Start of manually compiled vCPU section
              0e51 dc75  st   $75,[y,x++] 3706  st('PUSH',    [Y,Xpp])          #24 *+0
              0e52 dccf  st   $cf,[y,x++] 3707  st('CALL',    [Y,Xpp])          #25 *+26 Fetch first byte
              0e53 8023  adda $23         3708  adda(33-(-2))                   #26 (AC -> *+33)
              0e54 de00  st   [y,x++]     3709  st(           [Y,Xpp])          #27 *+27
              0e55 dc5e  st   $5e,[y,x++] 3710  st('ST',      [Y,Xpp])          #28 *+3 Chunk copy loop
              0e56 dc27  st   $27,[y,x++] 3711  st(sysArgs+3, [Y,Xpp])          #29 *+4 High-address comes first
              0e57 dccf  st   $cf,[y,x++] 3712  st('CALL',    [Y,Xpp])          #30 *+5
              0e58 de00  st   [y,x++]     3713  st(           [Y,Xpp])          #31 *+6
              0e59 dc5e  st   $5e,[y,x++] 3714  st('ST',      [Y,Xpp])          #32 *+7
              0e5a dc26  st   $26,[y,x++] 3715  st(sysArgs+2, [Y,Xpp])          #33 *+8 Then the low address
              0e5b dccf  st   $cf,[y,x++] 3716  st('CALL',    [Y,Xpp])          #34 *+9
              0e5c de00  st   [y,x++]     3717  st(           [Y,Xpp])          #35 *+10
              0e5d dc5e  st   $5e,[y,x++] 3718  st('ST',      [Y,Xpp])          #36 *+11 Byte copy loop
              0e5e dc28  st   $28,[y,x++] 3719  st(sysArgs+4, [Y,Xpp])          #37 *+12 Byte count (0 means 256)
              0e5f dccf  st   $cf,[y,x++] 3720  st('CALL',    [Y,Xpp])          #38 *+13
              0e60 de00  st   [y,x++]     3721  st(           [Y,Xpp])          #39 *+14
              0e61 dcf0  st   $f0,[y,x++] 3722  st('POKE',    [Y,Xpp])          #40 *+15
              0e62 dc26  st   $26,[y,x++] 3723  st(sysArgs+2, [Y,Xpp])          #41 *+16
              0e63 dc93  st   $93,[y,x++] 3724  st('INC',     [Y,Xpp])          #42 *+17
              0e64 dc26  st   $26,[y,x++] 3725  st(sysArgs+2, [Y,Xpp])          #43 *+18
              0e65 dc1a  st   $1a,[y,x++] 3726  st('LD',      [Y,Xpp])          #44 *+19
              0e66 dc28  st   $28,[y,x++] 3727  st(sysArgs+4, [Y,Xpp])          #45 *+20
              0e67 dce6  st   $e6,[y,x++] 3728  st('SUBI',    [Y,Xpp])          #46 *+21
              0e68 dc01  st   $01,[y,x++] 3729  st(1,         [Y,Xpp])          #47 *+22
              0e69 dc35  st   $35,[y,x++] 3730  st('BCC',     [Y,Xpp])          #48 *+23
              0e6a dc72  st   $72,[y,x++] 3731  st('NE',      [Y,Xpp])          #49 *+24
              0e6b 80e8  adda $e8         3732  adda(11-2-33)                   #50 (AC -> *+9)
              0e6c de00  st   [y,x++]     3733  st(           [Y,Xpp])          #51 *+25
              0e6d dccf  st   $cf,[y,x++] 3734  st('CALL',    [Y,Xpp])          #52 *+26 Go to next block
              0e6e 8018  adda $18         3735  adda(33-9)                      #53 (AC -> *+33)
              0e6f de00  st   [y,x++]     3736  st(           [Y,Xpp])          #54 *+27
              0e70 dc35  st   $35,[y,x++] 3737  st('BCC',     [Y,Xpp])          #55 *+28
              0e71 dc72  st   $72,[y,x++] 3738  st('NE',      [Y,Xpp])          #56 *+29
              0e72 80e0  adda $e0         3739  adda(3-2-33)                    #57 (AC -> *+1)
              0e73 de00  st   [y,x++]     3740  st(           [Y,Xpp])          #58 *+30
              0e74 dc63  st   $63,[y,x++] 3741  st('POP',     [Y,Xpp])          #59 *+31 End
              0e75 dcff  st   $ff,[y,x++] 3742  st('RET',     [Y,Xpp])          #60 *+32
                                          3743  # Pointer constant pointing to the routine below (for use by CALL)
              0e76 8022  adda $22         3744  adda(35-1)                      #61 (AC -> *+35)
              0e77 de00  st   [y,x++]     3745  st(           [Y,Xpp])          #62 *+33
              0e78 dc00  st   $00,[y,x++] 3746  st(0,         [Y,Xpp])          #63 *+34
                                          3747  # Routine to read next byte from ROM and advance read pointer
              0e79 dc1a  st   $1a,[y,x++] 3748  st('LD',      [Y,Xpp])          #64 *+35 Test for end of ROM table
              0e7a dc24  st   $24,[y,x++] 3749  st(sysArgs+0, [Y,Xpp])          #65 *+36
              0e7b dc8c  st   $8c,[y,x++] 3750  st('XORI',    [Y,Xpp])          #66 *+37
              0e7c dcfb  st   $fb,[y,x++] 3751  st(251,       [Y,Xpp])          #67 *+38
              0e7d dc35  st   $35,[y,x++] 3752  st('BCC',     [Y,Xpp])          #68 *+39
              0e7e dc72  st   $72,[y,x++] 3753  st('NE',      [Y,Xpp])          #69 *+40
              0e7f 8009  adda $09         3754  adda(46-2-35)                   #70 (AC -> *+44)
              0e80 de00  st   [y,x++]     3755  st(           [Y,Xpp])          #71 *+41
              0e81 dc5e  st   $5e,[y,x++] 3756  st('ST',      [Y,Xpp])          #72 *+42 Wrap to next ROM page
              0e82 dc24  st   $24,[y,x++] 3757  st(sysArgs+0, [Y,Xpp])          #73 *+43
              0e83 dc93  st   $93,[y,x++] 3758  st('INC',     [Y,Xpp])          #74 *+44
              0e84 dc25  st   $25,[y,x++] 3759  st(sysArgs+1, [Y,Xpp])          #75 *+45
              0e85 dc21  st   $21,[y,x++] 3760  st('LDW',     [Y,Xpp])          #76 *+46 Read next byte from ROM table
              0e86 dc24  st   $24,[y,x++] 3761  st(sysArgs+0, [Y,Xpp])          #77 *+47
              0e87 dc7f  st   $7f,[y,x++] 3762  st('LUP',     [Y,Xpp])          #78 *+48
              0e88 dc00  st   $00,[y,x++] 3763  st(0,         [Y,Xpp])          #79 *+49
              0e89 dc93  st   $93,[y,x++] 3764  st('INC',     [Y,Xpp])          #80 *+50 Increment read pointer
              0e8a dc24  st   $24,[y,x++] 3765  st(sysArgs+0, [Y,Xpp])          #81 *+51
              0e8b dcff  st   $ff,[y,x++] 3766  st('RET',     [Y,Xpp])          #82 *+52 Return
                                          3767  # Return to interpreter
              0e8c 1403  ld   $03,y       3768  ld(hi('REENTER'),Y)             #83
              0e8d e0cb  jmp  y,$cb       3769  jmp(Y,'REENTER')                #84
              0e8e 00d4  ld   $d4         3770  ld(-88/2)                       #85
                                          3771
                                          3772  # SYS_VDrawBits_134 implementation
                                          3773  label('sys_VDrawBits')
sys_VDrawBits:
              0e8f 0000  ld   $00         3774  ld(0)                           #18
                                          3775  label('.sysVdb0')
.sysVdb0:     0e90 c21d  st   [$1d]       3776  st([vTmp])                      #19+i*25
              0e91 9529  adda [$29],y     3777  adda([sysArgs+5],Y)             #20+i*25 Y=[sysPos+1]+[vTmp]
              0e92 0126  ld   [$26]       3778  ld([sysArgs+2])                 #21+i*25 Select color
              0e93 e896  blt  $0e96       3779  bmi(pc()+3)                     #22+i*25
              0e94 fc97  bra  $0e97       3780  bra(pc()+3)                     #23+i*25
              0e95 0124  ld   [$24]       3781  ld([sysArgs+0])                 #24+i*25
              0e96 0125  ld   [$25]       3782  ld([sysArgs+1])                 #24+i*25(!)
              0e97 ce00  st   [y,x]       3783  st([Y,X])                       #25+i*25 Draw pixel
              0e98 0126  ld   [$26]       3784  ld([sysArgs+2])                 #26+i*25 Shift byte left
              0e99 8200  adda ac          3785  adda(AC)                        #27+i*25
              0e9a c226  st   [$26]       3786  st([sysArgs+2])                 #28+i*25
              0e9b 011d  ld   [$1d]       3787  ld([vTmp])                      #29+i*25 Unrolled loop (once)
              0e9c 8129  adda [$29]       3788  adda([sysArgs+5])               #31+i*25
              0e9d 9401  adda $01,y       3789  adda(1,Y)                       #30+i*25 Y=[sysPos+1]+[vTmp]+1
              0e9e 0126  ld   [$26]       3790  ld([sysArgs+2])                 #32+i*25 Select color
              0e9f e8a2  blt  $0ea2       3791  bmi(pc()+3)                     #33+i*25
              0ea0 fca3  bra  $0ea3       3792  bra(pc()+3)                     #34+i*25
              0ea1 0124  ld   [$24]       3793  ld([sysArgs+0])                 #35+i*25
              0ea2 0125  ld   [$25]       3794  ld([sysArgs+1])                 #35+i*25(!)
              0ea3 ce00  st   [y,x]       3795  st([Y,X])                       #36+i*25 Draw pixel
              0ea4 0126  ld   [$26]       3796  ld([sysArgs+2])                 #37+i*25 Shift byte left
              0ea5 8200  adda ac          3797  adda(AC)                        #38+i*25
              0ea6 c226  st   [$26]       3798  st([sysArgs+2])                 #39+i*25
              0ea7 011d  ld   [$1d]       3799  ld([vTmp])                      #40+i*25 Loop counter
              0ea8 a006  suba $06         3800  suba(6)                         #41+i*25
              0ea9 ec90  bne  .sysVdb0    3801  bne('.sysVdb0')                 #42+i*25
              0eaa 8008  adda $08         3802  adda(8)                         #43+i*25 Steps of 2
              0eab 1403  ld   $03,y       3803  ld(hi('REENTER'),Y)             #119
              0eac e0cb  jmp  y,$cb       3804  jmp(Y,'REENTER')                #120
              0ead 00c2  ld   $c2         3805  ld(-124/2)                      #121
                                          3806
                                          3807  # SYS_ResetWaveforms_v4_50 implementation
                                          3808  label('sys_ResetWaveforms')
sys_ResetWaveforms:
              0eae 0118  ld   [$18]       3809  ld([vAC+0])                     #18 X=4i
              0eaf 8200  adda ac          3810  adda(AC)                        #19
              0eb0 9200  adda ac,x        3811  adda(AC,X)                      #20
              0eb1 0118  ld   [$18]       3812  ld([vAC+0])                     #21
              0eb2 de00  st   [y,x++]     3813  st([Y,Xpp])                     #22 Sawtooth: T[4i+0] = i
              0eb3 2020  anda $20         3814  anda(0x20)                      #23 Triangle: T[4i+1] = 2i if i<32 else 127-2i
              0eb4 ecb7  bne  $0eb7       3815  bne(pc()+3)                     #24
              0eb5 0118  ld   [$18]       3816  ld([vAC+0])                     #25
              0eb6 fcb9  bra  $0eb9       3817  bra(pc()+3)                     #26
              0eb7 8118  adda [$18]       3818  adda([vAC+0])                   #26,27
              0eb8 607f  xora $7f         3819  xora(127)                       #27
              0eb9 de00  st   [y,x++]     3820  st([Y,Xpp])                     #28
              0eba 0118  ld   [$18]       3821  ld([vAC+0])                     #29 Pulse: T[4i+2] = 0 if i<32 else 63
              0ebb 2020  anda $20         3822  anda(0x20)                      #30
              0ebc ecbf  bne  $0ebf       3823  bne(pc()+3)                     #31
              0ebd fcc0  bra  $0ec0       3824  bra(pc()+3)                     #32
              0ebe 0000  ld   $00         3825  ld(0)                           #33
              0ebf 003f  ld   $3f         3826  ld(63)                          #33(!)
              0ec0 de00  st   [y,x++]     3827  st([Y,Xpp])                     #34
              0ec1 0118  ld   [$18]       3828  ld([vAC+0])                     #35 Sawtooth: T[4i+3] = i
              0ec2 ce00  st   [y,x]       3829  st([Y,X])                       #36
              0ec3 8001  adda $01         3830  adda(1)                         #37 i += 1
              0ec4 c218  st   [$18]       3831  st([vAC+0])                     #38
              0ec5 6040  xora $40         3832  xora(64)                        #39 For 64 iterations
              0ec6 f0c9  beq  $0ec9       3833  beq(pc()+3)                     #40
              0ec7 fcca  bra  $0eca       3834  bra(pc()+3)                     #41
              0ec8 00fe  ld   $fe         3835  ld(-2)                          #42
              0ec9 0000  ld   $00         3836  ld(0)                           #42(!)
              0eca 8116  adda [$16]       3837  adda([vPC])                     #43
              0ecb c216  st   [$16]       3838  st([vPC])                       #44
              0ecc 1403  ld   $03,y       3839  ld(hi('REENTER'),Y)             #45
              0ecd e0cb  jmp  y,$cb       3840  jmp(Y,'REENTER')                #46
              0ece 00e7  ld   $e7         3841  ld(-50/2)                       #47
                                          3842
                                          3843  # SYS_ShuffleNoise_v4_46 implementation
                                          3844  label('sys_ShuffleNoise')
sys_ShuffleNoise:
              0ecf 1118  ld   [$18],x     3845  ld([vAC+0],X)                   #18 tmp = T[4j]
              0ed0 0d00  ld   [y,x]       3846  ld([Y,X])                       #19
              0ed1 c21d  st   [$1d]       3847  st([vTmp])                      #20
              0ed2 1119  ld   [$19],x     3848  ld([vAC+1],X)                   #21 T[4j] = T[4i]
              0ed3 0d00  ld   [y,x]       3849  ld([Y,X])                       #22
              0ed4 1118  ld   [$18],x     3850  ld([vAC+0],X)                   #23
              0ed5 ce00  st   [y,x]       3851  st([Y,X])                       #24
              0ed6 8200  adda ac          3852  adda(AC)                        #25 j += T[4i]
              0ed7 8200  adda ac          3853  adda(AC,)                       #26
              0ed8 8118  adda [$18]       3854  adda([vAC+0])                   #27
              0ed9 c218  st   [$18]       3855  st([vAC+0])                     #28
              0eda 1119  ld   [$19],x     3856  ld([vAC+1],X)                   #29 T[4i] = tmp
              0edb 011d  ld   [$1d]       3857  ld([vTmp])                      #30
              0edc ce00  st   [y,x]       3858  st([Y,X])                       #31
              0edd 0119  ld   [$19]       3859  ld([vAC+1])                     #32 i += 1
              0ede 8004  adda $04         3860  adda(4)                         #33
              0edf c219  st   [$19]       3861  st([vAC+1])                     #34
              0ee0 f0e3  beq  $0ee3       3862  beq(pc()+3)                     #35 For 64 iterations
              0ee1 fce4  bra  $0ee4       3863  bra(pc()+3)                     #36
              0ee2 00fe  ld   $fe         3864  ld(-2)                          #37
              0ee3 0000  ld   $00         3865  ld(0)                           #37(!)
              0ee4 8116  adda [$16]       3866  adda([vPC])                     #38
              0ee5 c216  st   [$16]       3867  st([vPC])                       #39
              0ee6 1403  ld   $03,y       3868  ld(hi('NEXTY'),Y)               #40
              0ee7 e000  jmp  y,$00       3869  jmp(Y,'NEXTY')                  #41
              0ee8 00ea  ld   $ea         3870  ld(-44/2)                       #42
                                          3871
                                          3872  # SYS_LoadBytes_DEVROM_XXX implementation
                                          3873  label('sys_LoadBytes')
sys_LoadBytes:
              0ee9 0030  ld   $30         3874  ld(0x30)                        # Target address
              0eea c225  st   [$25]       3875  st([sysArgs+1])                 #
              0eeb 011a  ld   [$1a]       3876  ld([vLR+0])                     # Source address
              0eec d224  st   [$24],x     3877  st([sysArgs+0],X)               #
              0eed 0d00  ld   [y,x]       3878  ld([Y,X])                       # Byte count
                                          3879  label('.slb1')                  #
.slb1:        0eee c226  st   [$26]       3880  st([sysArgs+2])                 #
                                          3881
              0eef 0124  ld   [$24]       3882  ld([sysArgs+0])                 # Advance source address
              0ef0 8001  adda $01         3883  adda(1)                         #
              0ef1 d224  st   [$24],x     3884  st([sysArgs+0],X)               #
                                          3885
              0ef2 0d00  ld   [y,x]       3886  ld([Y,X])                       # Copy byte
              0ef3 1125  ld   [$25],x     3887  ld([sysArgs+1],X)               #
              0ef4 c600  st   [x]         3888  st([X])                         #
                                          3889
              0ef5 0125  ld   [$25]       3890  ld([sysArgs+1])                 # Advance target address
              0ef6 8001  adda $01         3891  adda(1)                         #
              0ef7 c225  st   [$25]       3892  st([sysArgs+1])                 #
                                          3893
              0ef8 0126  ld   [$26]       3894  ld([sysArgs+2])                 # Decrement byte count and loop
              0ef9 ecee  bne  .slb1       3895  bne('.slb1')                    #
              0efa a001  suba $01         3896  suba(1)                         #
                                          3897
                                          3898  # XXX Unfinished
                                          3899
                                          3900  #-----------------------------------------------------------------------
                                          3901  #
                                          3902  #  End of core
                                          3903  #
                                          3904  #-----------------------------------------------------------------------
                                          3905  disableListing()
              0efb 0200  nop              ;5 fillers
              0efc 0200  nop
              0efd 0200  nop
              0efe 0200  nop
              0eff 0200  nop              ;+-----------------------------------+
                                          ;| Core/Reset_NO_CARDBOOT.gcl        |
                                          ;+-----------------------------------+
              0f00 dc00  st   $00,[y,x++] ;'\x00'
              0f01 dc00  st   $00,[y,x++] ;'\x00'
              0f02 dc00  st   $00,[y,x++] ;'\x00'
              0f03 dc00  st   $00,[y,x++] ;'\x00'
              0f04 dc00  st   $00,[y,x++] ;'\x00'
              0f05 dc00  st   $00,[y,x++] ;'\x00'
              0f06 dc00  st   $00,[y,x++] ;'\x00'
              0f07 dc00  st   $00,[y,x++] ;'\x00'
              0f08 0000  ld   $00
              0f09 c218  st   [$18]
              0f0a 0000  ld   $00
              0f0b 1424  ld   $24,y
              0f0c e019  jmp  y,$19
              0f0d c219  st   [$19]
Reset:        0f0e 0002  ld   $02         ;| RAM segment address (high byte first)
              0f0f 0000  ld   $00         ;|
              0f10 0045  ld   $45         ;| Length (1..256)
              0f11 0011  ld   $11         ;0200 LDWI
              0f12 0000  ld   $00
              0f13 0001  ld   $01
              0f14 002b  ld   $2b         ;0203 STW
              0f15 0030  ld   $30         ;0203 'p'
              0f16 0011  ld   $11         ;0205 LDWI
              0f17 0000  ld   $00
              0f18 0008  ld   $08
              0f19 002b  ld   $2b         ;0208 STW
              0f1a 0032  ld   $32         ;0208 'q'
              0f1b 001a  ld   $1a         ;020a LD
              0f1c 0033  ld   $33         ;020a 'q'+1
              0f1d 00f0  ld   $f0         ;020c POKE
              0f1e 0030  ld   $30         ;020c 'p'
              0f1f 0093  ld   $93         ;020e INC
              0f20 0030  ld   $30         ;020e 'p'
              0f21 0059  ld   $59         ;0210 LDI
              0f22 0000  ld   $00
              0f23 00f0  ld   $f0         ;0212 POKE
              0f24 0030  ld   $30         ;0212 'p'
              0f25 0093  ld   $93         ;0214 INC
              0f26 0030  ld   $30         ;0214 'p'
              0f27 0093  ld   $93         ;0216 INC
              0f28 0033  ld   $33         ;0216 'q'+1
              0f29 0021  ld   $21         ;0218 LDW
              0f2a 0032  ld   $32         ;0218 'q'
              0f2b 0035  ld   $35         ;021a BCC
              0f2c 004d  ld   $4d         ;021b GT
              0f2d 0008  ld   $08
              0f2e 0011  ld   $11         ;021d LDWI
              0f2f 000f  ld   $0f
              0f30 000b  ld   $0b
              0f31 002b  ld   $2b         ;0220 STW
              0f32 0022  ld   $22
              0f33 0059  ld   $59         ;0222 LDI
              0f34 0000  ld   $00
              0f35 00b4  ld   $b4         ;0224 SYS
              0f36 00f5  ld   $f5
              0f37 0011  ld   $11         ;0226 LDWI
              0f38 0012  ld   $12
              0f39 000b  ld   $0b
              0f3a 002b  ld   $2b         ;0229 STW
              0f3b 0022  ld   $22
              0f3c 0059  ld   $59         ;022b LDI
              0f3d 0000  ld   $00
              0f3e 00b4  ld   $b4         ;022d SYS
              0f3f 00f7  ld   $f7
              0f40 00b4  ld   $b4         ;022f SYS
              0f41 00f7  ld   $f7
              0f42 00b4  ld   $b4         ;0231 SYS
              0f43 00f7  ld   $f7
              0f44 00b4  ld   $b4         ;0233 SYS
              0f45 00f7  ld   $f7
              0f46 0011  ld   $11         ;0235 LDWI
              0f47 00c4  ld   $c4
              0f48 0018  ld   $18
              0f49 002b  ld   $2b         ;0238 STW
              0f4a 0024  ld   $24         ;0238 '_sysArgs0'
              0f4b 0011  ld   $11         ;023a LDWI
              0f4c 0000  ld   $00
              0f4d 0002  ld   $02
              0f4e 002b  ld   $2b         ;023d STW
              0f4f 001a  ld   $1a         ;023d '_vLR'
              0f50 0059  ld   $59         ;023f LDI
              0f51 00ad  ld   $ad
              0f52 002b  ld   $2b         ;0241 STW
              0f53 0022  ld   $22         ;0241 '_sysFn'
              0f54 00b4  ld   $b4         ;0243 SYS
              0f55 00e2  ld   $e2
              0f56 0000  ld   $00         ;End of Core/Reset_NO_CARDBOOT.gcl, size 73
                                          ;+-----------------------------------+
                                          ;| audio/at67/Piano.gt1              |
                                          ;+-----------------------------------+
              0f57 dc52  st   $52,[y,x++] ;'R'
              0f58 dc65  st   $65,[y,x++] ;'e'
              0f59 dc73  st   $73,[y,x++] ;'s'
              0f5a dc65  st   $65,[y,x++] ;'e'
              0f5b dc74  st   $74,[y,x++] ;'t'
              0f5c dc00  st   $00,[y,x++] ;'\x00'
              0f5d dc00  st   $00,[y,x++] ;'\x00'
              0f5e dc00  st   $00,[y,x++] ;'\x00'
              0f5f 000e  ld   $0e
              0f60 c218  st   [$18]
              0f61 000f  ld   $0f
              0f62 1424  ld   $24,y
              0f63 e019  jmp  y,$19
              0f64 c219  st   [$19]
Piano:        0f65 0000  ld   $00
              0f66 007e  ld   $7e
              0f67 0002  ld   $02
              0f68 0001  ld   $01
              0f69 0001  ld   $01
              0f6a 0002  ld   $02
              0f6b 0000  ld   $00
              0f6c 00f9  ld   $f9
              0f6d 0059  ld   $59
              0f6e 0040  ld   $40
              0f6f 002b  ld   $2b
              0f70 0082  ld   $82
              0f71 0011  ld   $11
              0f72 00d6  ld   $d6
              0f73 0075  ld   $75
              0f74 00cf  ld   $cf
              0f75 0018  ld   $18
              0f76 0011  ld   $11
              0f77 0020  ld   $20
              0f78 000f  ld   $0f
              0f79 002b  ld   $2b
              0f7a 00a2  ld   $a2
              0f7b 001a  ld   $1a
              0f7c 0021  ld   $21
              0f7d 0088  ld   $88
              0f7e 0003  ld   $03
              0f7f 005e  ld   $5e
              0f80 0021  ld   $21
              0f81 0059  ld   $59
              0f82 0002  ld   $02
              0f83 002b  ld   $2b
              0f84 00aa  ld   $aa
              0f85 0059  ld   $59
              0f86 0000  ld   $00
              0f87 002b  ld   $2b
              0f88 00a6  ld   $a6
              0f89 001a  ld   $1a
              0f8a 000e  ld   $0e
              0f8b 002b  ld   $2b
              0f8c 00d6  ld   $d6
              0f8d 0085  ld   $85
              0f8e 00a0  ld   $a0
              0f8f 007d  ld   $7d
              0f90 0011  ld   $11
              0f91 00f9  ld   $f9
              0f92 0001  ld   $01
              0f93 002b  ld   $2b
              0f94 0082  ld   $82
              0f95 0059  ld   $59
              0f96 00ee  ld   $ee
              0f97 00f0  ld   $f0
              0f98 0082  ld   $82
              0f99 0059  ld   $59
              0f9a 0002  ld   $02
              0f9b 002b  ld   $2b
              0f9c 0082  ld   $82
              0f9d 0085  ld   $85
              0f9e 00a2  ld   $a2
              0f9f 0079  ld   $79
              0fa0 0085  ld   $85
              0fa1 00cd  ld   $cd
              0fa2 0076  ld   $76
              0fa3 0011  ld   $11
              0fa4 00f9  ld   $f9
              0fa5 0001  ld   $01
              0fa6 002b  ld   $2b
              0fa7 0082  ld   $82
              0fa8 0059  ld   $59
              0fa9 0000  ld   $00
              0faa 00f0  ld   $f0
              0fab 0082  ld   $82
              0fac 0059  ld   $59
              0fad 0000  ld   $00
              0fae 002b  ld   $2b
              0faf 0030  ld   $30
              0fb0 002b  ld   $2b
              0fb1 0032  ld   $32
              0fb2 002b  ld   $2b
              0fb3 0034  ld   $34
              0fb4 002b  ld   $2b
              0fb5 0036  ld   $36
              0fb6 002b  ld   $2b
              0fb7 0038  ld   $38
              0fb8 001a  ld   $1a
              0fb9 00a3  ld   $a3
              0fba 002b  ld   $2b
              0fbb 003a  ld   $3a
              0fbc 001a  ld   $1a
              0fbd 00a2  ld   $a2
              0fbe 002b  ld   $2b
              0fbf 003c  ld   $3c
              0fc0 0059  ld   $59
              0fc1 00fc  ld   $fc
              0fc2 002b  ld   $2b
              0fc3 003e  ld   $3e
              0fc4 0059  ld   $59
              0fc5 0002  ld   $02
              0fc6 002b  ld   $2b
              0fc7 0040  ld   $40
              0fc8 0011  ld   $11
              0fc9 00f9  ld   $f9
              0fca 0001  ld   $01
              0fcb 002b  ld   $2b
              0fcc 0082  ld   $82
              0fcd 0059  ld   $59
              0fce 00ee  ld   $ee
              0fcf 00f0  ld   $f0
              0fd0 0082  ld   $82
              0fd1 0085  ld   $85
              0fd2 0088  ld   $88
              0fd3 0005  ld   $05
              0fd4 0085  ld   $85
              0fd5 007a  ld   $7a
              0fd6 0004  ld   $04
              0fd7 0011  ld   $11
              0fd8 00f9  ld   $f9
              0fd9 0001  ld   $01
              0fda 002b  ld   $2b
              0fdb 0082  ld   $82
              0fdc 0059  ld   $59
              0fdd 0000  ld   $00
              0fde 00f0  ld   $f0
              0fdf 0082  ld   $82
              0fe0 0085  ld   $85
              0fe1 00a3  ld   $a3
              0fe2 0078  ld   $78
              0fe3 0059  ld   $59
              0fe4 0002  ld   $02
              0fe5 005e  ld   $5e
              0fe6 002c  ld   $2c
              0fe7 001a  ld   $1a
              0fe8 000f  ld   $0f
              0fe9 002b  ld   $2b
              0fea 0042  ld   $42
              0feb 0085  ld   $85
              0fec 001c  ld   $1c
              0fed 0004  ld   $04
              0fee 0021  ld   $21
              0fef 0042  ld   $42
              0ff0 00fc  ld   $fc
              0ff1 0034  ld   $34
              0ff2 0035  ld   $35
              0ff3 003f  ld   $3f
              0ff4 0089  ld   $89
              0ff5 0085  ld   $85
              0ff6 0034  ld   $34
              0ff7 0005  ld   $05
              0ff8 0021  ld   $21
              0ff9 0042  ld   $42
              0ffa 002b  ld   $2b
              0ffb fe00  bra  ac          ;+-----------------------------------+
              0ffc fcfd  bra  $0ffd       ;|                                   |
              0ffd 1404  ld   $04,y       ;| Trampoline for page $0f00 lookups |
              0ffe e068  jmp  y,$68       ;|                                   |
              0fff c218  st   [$18]       ;+-----------------------------------+
              1000 0082  ld   $82
              1001 0059  ld   $59
              1002 0000  ld   $00
              1003 002b  ld   $2b
              1004 0084  ld   $84
              1005 0085  ld   $85
              1006 00a2  ld   $a2
              1007 007b  ld   $7b
              1008 0021  ld   $21
              1009 0042  ld   $42
              100a 002b  ld   $2b
              100b 0034  ld   $34
              100c 0090  ld   $90
              100d 0071  ld   $71
              100e 0075  ld   $75
              100f 0011  ld   $11
              1010 0049  ld   $49
              1011 0008  ld   $08
              1012 002b  ld   $2b
              1013 0030  ld   $30
              1014 0059  ld   $59
              1015 0051  ld   $51
              1016 002b  ld   $2b
              1017 0036  ld   $36
              1018 0011  ld   $11
              1019 0018  ld   $18
              101a 005b  ld   $5b
              101b 002b  ld   $2b
              101c 0038  ld   $38
              101d 0085  ld   $85
              101e 00b9  ld   $b9
              101f 0004  ld   $04
              1020 0063  ld   $63
              1021 00ff  ld   $ff
              1022 0075  ld   $75
              1023 0011  ld   $11
              1024 000b  ld   $0b
              1025 0009  ld   $09
              1026 002b  ld   $2b
              1027 0030  ld   $30
              1028 0059  ld   $59
              1029 0032  ld   $32
              102a 002b  ld   $2b
              102b 0036  ld   $36
              102c 0011  ld   $11
              102d 001e  ld   $1e
              102e 0016  ld   $16
              102f 002b  ld   $2b
              1030 0038  ld   $38
              1031 0085  ld   $85
              1032 00b9  ld   $b9
              1033 0004  ld   $04
              1034 0063  ld   $63
              1035 00ff  ld   $ff
              1036 0075  ld   $75
              1037 0011  ld   $11
              1038 0050  ld   $50
              1039 0009  ld   $09
              103a 002b  ld   $2b
              103b 0030  ld   $30
              103c 0059  ld   $59
              103d 0057  ld   $57
              103e 002b  ld   $2b
              103f 0036  ld   $36
              1040 0011  ld   $11
              1041 0024  ld   $24
              1042 005b  ld   $5b
              1043 002b  ld   $2b
              1044 0038  ld   $38
              1045 0085  ld   $85
              1046 00b9  ld   $b9
              1047 0004  ld   $04
              1048 0063  ld   $63
              1049 00ff  ld   $ff
              104a 0075  ld   $75
              104b 0011  ld   $11
              104c 0019  ld   $19
              104d 000a  ld   $0a
              104e 002b  ld   $2b
              104f 0030  ld   $30
              1050 0059  ld   $59
              1051 0033  ld   $33
              1052 002b  ld   $2b
              1053 0036  ld   $36
              1054 0011  ld   $11
              1055 002a  ld   $2a
              1056 0016  ld   $16
              1057 002b  ld   $2b
              1058 0038  ld   $38
              1059 0085  ld   $85
              105a 00b9  ld   $b9
              105b 0004  ld   $04
              105c 0063  ld   $63
              105d 00ff  ld   $ff
              105e 0075  ld   $75
              105f 0011  ld   $11
              1060 0067  ld   $67
              1061 000a  ld   $0a
              1062 002b  ld   $2b
              1063 0030  ld   $30
              1064 0059  ld   $59
              1065 0045  ld   $45
              1066 002b  ld   $2b
              1067 0036  ld   $36
              1068 0085  ld   $85
              1069 0000  ld   $00
              106a 0003  ld   $03
              106b 0003  ld   $03
              106c 0000  ld   $00
              106d 00f8  ld   $f8
              106e 0011  ld   $11
              106f 0030  ld   $30
              1070 005b  ld   $5b
              1071 002b  ld   $2b
              1072 0038  ld   $38
              1073 0085  ld   $85
              1074 00b9  ld   $b9
              1075 0004  ld   $04
              1076 0063  ld   $63
              1077 00ff  ld   $ff
              1078 0075  ld   $75
              1079 0011  ld   $11
              107a 0039  ld   $39
              107b 000b  ld   $0b
              107c 002b  ld   $2b
              107d 0030  ld   $30
              107e 0059  ld   $59
              107f 0052  ld   $52
              1080 002b  ld   $2b
              1081 0036  ld   $36
              1082 0011  ld   $11
              1083 003c  ld   $3c
              1084 005b  ld   $5b
              1085 002b  ld   $2b
              1086 0038  ld   $38
              1087 0085  ld   $85
              1088 00b9  ld   $b9
              1089 0004  ld   $04
              108a 0063  ld   $63
              108b 00ff  ld   $ff
              108c 0075  ld   $75
              108d 0011  ld   $11
              108e 0010  ld   $10
              108f 000c  ld   $0c
              1090 002b  ld   $2b
              1091 0030  ld   $30
              1092 0059  ld   $59
              1093 0035  ld   $35
              1094 002b  ld   $2b
              1095 0036  ld   $36
              1096 0011  ld   $11
              1097 0042  ld   $42
              1098 0016  ld   $16
              1099 002b  ld   $2b
              109a 0038  ld   $38
              109b 0085  ld   $85
              109c 00b9  ld   $b9
              109d 0004  ld   $04
              109e 0063  ld   $63
              109f 00ff  ld   $ff
              10a0 0075  ld   $75
              10a1 0011  ld   $11
              10a2 006c  ld   $6c
              10a3 000c  ld   $0c
              10a4 002b  ld   $2b
              10a5 0030  ld   $30
              10a6 0059  ld   $59
              10a7 0054  ld   $54
              10a8 002b  ld   $2b
              10a9 0036  ld   $36
              10aa 0011  ld   $11
              10ab 0048  ld   $48
              10ac 005b  ld   $5b
              10ad 002b  ld   $2b
              10ae 0038  ld   $38
              10af 0085  ld   $85
              10b0 00b9  ld   $b9
              10b1 0004  ld   $04
              10b2 0063  ld   $63
              10b3 00ff  ld   $ff
              10b4 0075  ld   $75
              10b5 0011  ld   $11
              10b6 004e  ld   $4e
              10b7 000d  ld   $0d
              10b8 002b  ld   $2b
              10b9 0030  ld   $30
              10ba 0059  ld   $59
              10bb 0036  ld   $36
              10bc 002b  ld   $2b
              10bd 0036  ld   $36
              10be 0011  ld   $11
              10bf 004e  ld   $4e
              10c0 0016  ld   $16
              10c1 002b  ld   $2b
              10c2 0038  ld   $38
              10c3 0085  ld   $85
              10c4 00b9  ld   $b9
              10c5 0004  ld   $04
              10c6 0063  ld   $63
              10c7 00ff  ld   $ff
              10c8 0075  ld   $75
              10c9 0011  ld   $11
              10ca 0035  ld   $35
              10cb 000e  ld   $0e
              10cc 002b  ld   $2b
              10cd 0030  ld   $30
              10ce 0059  ld   $59
              10cf 0059  ld   $59
              10d0 002b  ld   $2b
              10d1 0036  ld   $36
              10d2 0011  ld   $11
              10d3 0054  ld   $54
              10d4 005b  ld   $5b
              10d5 002b  ld   $2b
              10d6 0038  ld   $38
              10d7 0085  ld   $85
              10d8 00b9  ld   $b9
              10d9 0004  ld   $04
              10da 0063  ld   $63
              10db 00ff  ld   $ff
              10dc 0075  ld   $75
              10dd 0011  ld   $11
              10de 0023  ld   $23
              10df 000f  ld   $0f
              10e0 002b  ld   $2b
              10e1 0030  ld   $30
              10e2 0059  ld   $59
              10e3 0037  ld   $37
              10e4 002b  ld   $2b
              10e5 0036  ld   $36
              10e6 0011  ld   $11
              10e7 005a  ld   $5a
              10e8 0016  ld   $16
              10e9 002b  ld   $2b
              10ea 0038  ld   $38
              10eb 0085  ld   $85
              10ec 00b9  ld   $b9
              10ed 0004  ld   $04
              10ee 0063  ld   $63
              10ef 00ff  ld   $ff
              10f0 0075  ld   $75
              10f1 0011  ld   $11
              10f2 0017  ld   $17
              10f3 0010  ld   $10
              10f4 002b  ld   $2b
              10f5 0030  ld   $30
              10f6 0059  ld   $59
              10f7 0055  ld   $55
              10f8 002b  ld   $2b
              10f9 0036  ld   $36
              10fa 0011  ld   $11
              10fb fe00  bra  ac          ;+-----------------------------------+
              10fc fcfd  bra  $10fd       ;|                                   |
              10fd 1404  ld   $04,y       ;| Trampoline for page $1000 lookups |
              10fe e068  jmp  y,$68       ;|                                   |
              10ff c218  st   [$18]       ;+-----------------------------------+
              1100 0060  ld   $60
              1101 005b  ld   $5b
              1102 002b  ld   $2b
              1103 0038  ld   $38
              1104 0085  ld   $85
              1105 00b9  ld   $b9
              1106 0004  ld   $04
              1107 0063  ld   $63
              1108 00ff  ld   $ff
              1109 0075  ld   $75
              110a 0011  ld   $11
              110b 0013  ld   $13
              110c 0011  ld   $11
              110d 002b  ld   $2b
              110e 0030  ld   $30
              110f 0059  ld   $59
              1110 0049  ld   $49
              1111 002b  ld   $2b
              1112 0036  ld   $36
              1113 0011  ld   $11
              1114 006c  ld   $6c
              1115 005b  ld   $5b
              1116 002b  ld   $2b
              1117 0038  ld   $38
              1118 0085  ld   $85
              1119 00b9  ld   $b9
              111a 0004  ld   $04
              111b 0063  ld   $63
              111c 00ff  ld   $ff
              111d 0075  ld   $75
              111e 0011  ld   $11
              111f 0015  ld   $15
              1120 0012  ld   $12
              1121 002b  ld   $2b
              1122 0030  ld   $30
              1123 0059  ld   $59
              1124 0039  ld   $39
              1125 002b  ld   $2b
              1126 0036  ld   $36
              1127 0011  ld   $11
              1128 0072  ld   $72
              1129 0016  ld   $16
              112a 002b  ld   $2b
              112b 0038  ld   $38
              112c 0085  ld   $85
              112d 00b9  ld   $b9
              112e 0004  ld   $04
              112f 0063  ld   $63
              1130 00ff  ld   $ff
              1131 0075  ld   $75
              1132 0011  ld   $11
              1133 001f  ld   $1f
              1134 0013  ld   $13
              1135 002b  ld   $2b
              1136 0030  ld   $30
              1137 0059  ld   $59
              1138 004f  ld   $4f
              1139 002b  ld   $2b
              113a 0036  ld   $36
              113b 0011  ld   $11
              113c 0078  ld   $78
              113d 005b  ld   $5b
              113e 002b  ld   $2b
              113f 0038  ld   $38
              1140 0085  ld   $85
              1141 00b9  ld   $b9
              1142 0004  ld   $04
              1143 0063  ld   $63
              1144 00ff  ld   $ff
              1145 0075  ld   $75
              1146 0011  ld   $11
              1147 0032  ld   $32
              1148 0014  ld   $14
              1149 002b  ld   $2b
              114a 0030  ld   $30
              114b 0059  ld   $59
              114c 0030  ld   $30
              114d 002b  ld   $2b
              114e 0036  ld   $36
              114f 0011  ld   $11
              1150 007e  ld   $7e
              1151 0016  ld   $16
              1152 002b  ld   $2b
              1153 0038  ld   $38
              1154 0085  ld   $85
              1155 00b9  ld   $b9
              1156 0004  ld   $04
              1157 0063  ld   $63
              1158 00ff  ld   $ff
              1159 0075  ld   $75
              115a 0011  ld   $11
              115b 004d  ld   $4d
              115c 0015  ld   $15
              115d 002b  ld   $2b
              115e 0030  ld   $30
              115f 0059  ld   $59
              1160 0050  ld   $50
              1161 002b  ld   $2b
              1162 0036  ld   $36
              1163 0011  ld   $11
              1164 0084  ld   $84
              1165 005b  ld   $5b
              1166 002b  ld   $2b
              1167 0038  ld   $38
              1168 0085  ld   $85
              1169 0000  ld   $00
              116a 0004  ld   $04
              116b 0004  ld   $04
              116c 0000  ld   $00
              116d 00fa  ld   $fa
              116e 0085  ld   $85
              116f 00b9  ld   $b9
              1170 0004  ld   $04
              1171 0063  ld   $63
              1172 00ff  ld   $ff
              1173 0075  ld   $75
              1174 0021  ld   $21
              1175 0034  ld   $34
              1176 00fc  ld   $fc
              1177 0042  ld   $42
              1178 0035  ld   $35
              1179 003f  ld   $3f
              117a 0018  ld   $18
              117b 0021  ld   $21
              117c 0040  ld   $40
              117d 00e3  ld   $e3
              117e 0001  ld   $01
              117f 0082  ld   $82
              1180 0003  ld   $03
              1181 002b  ld   $2b
              1182 0040  ld   $40
              1183 0085  ld   $85
              1184 007a  ld   $7a
              1185 0004  ld   $04
              1186 0063  ld   $63
              1187 00ff  ld   $ff
              1188 0063  ld   $63
              1189 00ff  ld   $ff
              118a 0075  ld   $75
              118b 0059  ld   $59
              118c 0001  ld   $01
              118d 002b  ld   $2b
              118e 0032  ld   $32
              118f 0011  ld   $11
              1190 00f6  ld   $f6
              1191 007d  ld   $7d
              1192 0099  ld   $99
              1193 0032  ld   $32
              1194 0099  ld   $99
              1195 0032  ld   $32
              1196 00f6  ld   $f6
              1197 0035  ld   $35
              1198 0056  ld   $56
              1199 0043  ld   $43
              119a 0011  ld   $11
              119b 00f6  ld   $f6
              119c 007d  ld   $7d
              119d 0099  ld   $99
              119e 0032  ld   $32
              119f 0099  ld   $99
              11a0 0032  ld   $32
              11a1 00f6  ld   $f6
              11a2 00e6  ld   $e6
              11a3 0001  ld   $01
              11a4 002b  ld   $2b
              11a5 009c  ld   $9c
              11a6 0011  ld   $11
              11a7 00f6  ld   $f6
              11a8 007d  ld   $7d
              11a9 0099  ld   $99
              11aa 0032  ld   $32
              11ab 0099  ld   $99
              11ac 0032  ld   $32
              11ad 002b  ld   $2b
              11ae 009e  ld   $9e
              11af 0021  ld   $21
              11b0 009c  ld   $9c
              11b1 00f3  ld   $f3
              11b2 009e  ld   $9e
              11b3 0011  ld   $11
              11b4 00f6  ld   $f6
              11b5 007d  ld   $7d
              11b6 0099  ld   $99
              11b7 0032  ld   $32
              11b8 0099  ld   $99
              11b9 0032  ld   $32
              11ba 00f6  ld   $f6
              11bb 0035  ld   $35
              11bc 0072  ld   $72
              11bd 0062  ld   $62
              11be 0011  ld   $11
              11bf 00ec  ld   $ec
              11c0 007d  ld   $7d
              11c1 0099  ld   $99
              11c2 0032  ld   $32
              11c3 0099  ld   $99
              11c4 0032  ld   $32
              11c5 002b  ld   $2b
              11c6 009e  ld   $9e
              11c7 0059  ld   $59
              11c8 0000  ld   $00
              11c9 00f3  ld   $f3
              11ca 009e  ld   $9e
              11cb 0059  ld   $59
              11cc 0000  ld   $00
              11cd 002b  ld   $2b
              11ce 0030  ld   $30
              11cf 0085  ld   $85
              11d0 006f  ld   $6f
              11d1 0004  ld   $04
              11d2 0093  ld   $93
              11d3 0032  ld   $32
              11d4 001a  ld   $1a
              11d5 0032  ld   $32
              11d6 00e6  ld   $e6
              11d7 0004  ld   $04
              11d8 0035  ld   $35
              11d9 0056  ld   $56
              11da 001f  ld   $1f
              11db 0063  ld   $63
              11dc 00ff  ld   $ff
              11dd 0075  ld   $75
              11de 0021  ld   $21
              11df 0032  ld   $32
              11e0 005e  ld   $5e
              11e1 003f  ld   $3f
              11e2 0021  ld   $21
              11e3 0030  ld   $30
              11e4 00f3  ld   $f3
              11e5 003e  ld   $3e
              11e6 0063  ld   $63
              11e7 00ff  ld   $ff
              11e8 0075  ld   $75
              11e9 0059  ld   $59
              11ea 0030  ld   $30
              11eb 005e  ld   $5e
              11ec 00a4  ld   $a4
              11ed 0059  ld   $59
              11ee 0067  ld   $67
              11ef 005e  ld   $5e
              11f0 00a5  ld   $a5
              11f1 0085  ld   $85
              11f2 00a4  ld   $a4
              11f3 0077  ld   $77
              11f4 0011  ld   $11
              11f5 00e7  ld   $e7
              11f6 007d  ld   $7d
              11f7 0085  ld   $85
              11f8 00b2  ld   $b2
              11f9 0074  ld   $74
              11fa 0059  ld   $59
              11fb fe00  bra  ac          ;+-----------------------------------+
              11fc fcfd  bra  $11fd       ;|                                   |
              11fd 1404  ld   $04,y       ;| Trampoline for page $1100 lookups |
              11fe e068  jmp  y,$68       ;|                                   |
              11ff c218  st   [$18]       ;+-----------------------------------+
              1200 00ce  ld   $ce
              1201 0099  ld   $99
              1202 0040  ld   $40
              1203 002b  ld   $2b
              1204 0082  ld   $82
              1205 0059  ld   $59
              1206 0000  ld   $00
              1207 002b  ld   $2b
              1208 0084  ld   $84
              1209 0085  ld   $85
              120a 00a2  ld   $a2
              120b 007b  ld   $7b
              120c 0059  ld   $59
              120d 0001  ld   $01
              120e 002b  ld   $2b
              120f 0032  ld   $32
              1210 0021  ld   $21
              1211 0032  ld   $32
              1212 005e  ld   $5e
              1213 003f  ld   $3f
              1214 0021  ld   $21
              1215 003e  ld   $3e
              1216 00e6  ld   $e6
              1217 0001  ld   $01
              1218 002b  ld   $2b
              1219 00e8  ld   $e8
              121a 0021  ld   $21
              121b 0040  ld   $40
              121c 00f0  ld   $f0
              121d 00e8  ld   $e8
              121e 0093  ld   $93
              121f 0032  ld   $32
              1220 001a  ld   $1a
              1221 0032  ld   $32
              1222 00e6  ld   $e6
              1223 0004  ld   $04
              1224 0035  ld   $35
              1225 004d  ld   $4d
              1226 00b5  ld   $b5
              1227 0085  ld   $85
              1228 009d  ld   $9d
              1229 0004  ld   $04
              122a 0063  ld   $63
              122b 00ff  ld   $ff
              122c 0075  ld   $75
              122d 0059  ld   $59
              122e 0001  ld   $01
              122f 002b  ld   $2b
              1230 0032  ld   $32
              1231 0011  ld   $11
              1232 00ec  ld   $ec
              1233 007d  ld   $7d
              1234 0099  ld   $99
              1235 0032  ld   $32
              1236 0099  ld   $99
              1237 0032  ld   $32
              1238 00f6  ld   $f6
              1239 00fc  ld   $fc
              123a 0042  ld   $42
              123b 0035  ld   $35
              123c 003f  ld   $3f
              123d 00cc  ld   $cc
              123e 0085  ld   $85
              123f 00de  ld   $de
              1240 0004  ld   $04
              1241 0011  ld   $11
              1242 00f6  ld   $f6
              1243 007d  ld   $7d
              1244 0099  ld   $99
              1245 0032  ld   $32
              1246 0099  ld   $99
              1247 0032  ld   $32
              1248 002b  ld   $2b
              1249 009e  ld   $9e
              124a 0059  ld   $59
              124b 0014  ld   $14
              124c 00f3  ld   $f3
              124d 009e  ld   $9e
              124e 0085  ld   $85
              124f 0021  ld   $21
              1250 0005  ld   $05
              1251 0011  ld   $11
              1252 00f6  ld   $f6
              1253 007d  ld   $7d
              1254 0099  ld   $99
              1255 0032  ld   $32
              1256 0099  ld   $99
              1257 0032  ld   $32
              1258 00f6  ld   $f6
              1259 0035  ld   $35
              125a 003f  ld   $3f
              125b 00ea  ld   $ea
              125c 0085  ld   $85
              125d 0015  ld   $15
              125e 0005  ld   $05
              125f 0011  ld   $11
              1260 00f6  ld   $f6
              1261 007d  ld   $7d
              1262 0099  ld   $99
              1263 0032  ld   $32
              1264 0099  ld   $99
              1265 0032  ld   $32
              1266 002b  ld   $2b
              1267 009e  ld   $9e
              1268 0059  ld   $59
              1269 0014  ld   $14
              126a 0085  ld   $85
              126b 0000  ld   $00
              126c 0005  ld   $05
              126d 0005  ld   $05
              126e 0000  ld   $00
              126f 00ff  ld   $ff
              1270 00f3  ld   $f3
              1271 009e  ld   $9e
              1272 0011  ld   $11
              1273 00ec  ld   $ec
              1274 007d  ld   $7d
              1275 0099  ld   $99
              1276 0032  ld   $32
              1277 0099  ld   $99
              1278 0032  ld   $32
              1279 002b  ld   $2b
              127a 009e  ld   $9e
              127b 0021  ld   $21
              127c 0042  ld   $42
              127d 00f3  ld   $f3
              127e 009e  ld   $9e
              127f 0085  ld   $85
              1280 006f  ld   $6f
              1281 0004  ld   $04
              1282 0085  ld   $85
              1283 0021  ld   $21
              1284 0005  ld   $05
              1285 0093  ld   $93
              1286 0032  ld   $32
              1287 001a  ld   $1a
              1288 0032  ld   $32
              1289 00e6  ld   $e6
              128a 0004  ld   $04
              128b 0035  ld   $35
              128c 004d  ld   $4d
              128d 001f  ld   $1f
              128e 0085  ld   $85
              128f 00be  ld   $be
              1290 0004  ld   $04
              1291 0085  ld   $85
              1292 0026  ld   $26
              1293 0005  ld   $05
              1294 0063  ld   $63
              1295 00ff  ld   $ff
              1296 0075  ld   $75
              1297 0021  ld   $21
              1298 003c  ld   $3c
              1299 005e  ld   $5e
              129a 00a3  ld   $a3
              129b 0021  ld   $21
              129c 003a  ld   $3a
              129d 005e  ld   $5e
              129e 00a2  ld   $a2
              129f 0085  ld   $85
              12a0 0042  ld   $42
              12a1 0005  ld   $05
              12a2 0063  ld   $63
              12a3 00ff  ld   $ff
              12a4 0075  ld   $75
              12a5 0021  ld   $21
              12a6 003a  ld   $3a
              12a7 005e  ld   $5e
              12a8 00a3  ld   $a3
              12a9 0021  ld   $21
              12aa 003c  ld   $3c
              12ab 005e  ld   $5e
              12ac 00a2  ld   $a2
              12ad 0085  ld   $85
              12ae 0042  ld   $42
              12af 0005  ld   $05
              12b0 0063  ld   $63
              12b1 00ff  ld   $ff
              12b2 0075  ld   $75
              12b3 001a  ld   $1a
              12b4 0038  ld   $38
              12b5 005e  ld   $5e
              12b6 00a4  ld   $a4
              12b7 001a  ld   $1a
              12b8 0039  ld   $39
              12b9 005e  ld   $5e
              12ba 00a5  ld   $a5
              12bb 0085  ld   $85
              12bc 00a4  ld   $a4
              12bd 0077  ld   $77
              12be 0021  ld   $21
              12bf 0036  ld   $36
              12c0 0085  ld   $85
              12c1 00a0  ld   $a0
              12c2 0075  ld   $75
              12c3 0085  ld   $85
              12c4 00ac  ld   $ac
              12c5 0079  ld   $79
              12c6 0063  ld   $63
              12c7 00ff  ld   $ff
              12c8 0075  ld   $75
              12c9 0011  ld   $11
              12ca 00dd  ld   $dd
              12cb 007d  ld   $7d
              12cc 0085  ld   $85
              12cd 00b2  ld   $b2
              12ce 0074  ld   $74
              12cf 0085  ld   $85
              12d0 00ac  ld   $ac
              12d1 0079  ld   $79
              12d2 0063  ld   $63
              12d3 00ff  ld   $ff
              12d4 0075  ld   $75
              12d5 0011  ld   $11
              12d6 00d3  ld   $d3
              12d7 007d  ld   $7d
              12d8 0085  ld   $85
              12d9 00b2  ld   $b2
              12da 0074  ld   $74
              12db 0085  ld   $85
              12dc 00ac  ld   $ac
              12dd 0079  ld   $79
              12de 0063  ld   $63
              12df 00ff  ld   $ff
              12e0 0075  ld   $75
              12e1 0011  ld   $11
              12e2 00c9  ld   $c9
              12e3 007d  ld   $7d
              12e4 0085  ld   $85
              12e5 00b2  ld   $b2
              12e6 0074  ld   $74
              12e7 0085  ld   $85
              12e8 00ac  ld   $ac
              12e9 0079  ld   $79
              12ea 0063  ld   $63
              12eb 00ff  ld   $ff
              12ec 0075  ld   $75
              12ed 0011  ld   $11
              12ee 00bf  ld   $bf
              12ef 007d  ld   $7d
              12f0 0085  ld   $85
              12f1 00b2  ld   $b2
              12f2 0074  ld   $74
              12f3 0085  ld   $85
              12f4 00ac  ld   $ac
              12f5 0079  ld   $79
              12f6 0063  ld   $63
              12f7 00ff  ld   $ff
              12f8 0075  ld   $75
              12f9 0059  ld   $59
              12fa 0000  ld   $00
              12fb fe00  bra  ac          ;+-----------------------------------+
              12fc fcfd  bra  $12fd       ;|                                   |
              12fd 1404  ld   $04,y       ;| Trampoline for page $1200 lookups |
              12fe e068  jmp  y,$68       ;|                                   |
              12ff c218  st   [$18]       ;+-----------------------------------+
              1300 002b  ld   $2b
              1301 0044  ld   $44
              1302 0021  ld   $21
              1303 0044  ld   $44
              1304 00e9  ld   $e9
              1305 00e9  ld   $e9
              1306 00e9  ld   $e9
              1307 002b  ld   $2b
              1308 00ea  ld   $ea
              1309 0021  ld   $21
              130a 0044  ld   $44
              130b 00e9  ld   $e9
              130c 00e9  ld   $e9
              130d 0099  ld   $99
              130e 00ea  ld   $ea
              130f 00e3  ld   $e3
              1310 0014  ld   $14
              1311 002b  ld   $2b
              1312 0046  ld   $46
              1313 0059  ld   $59
              1314 0000  ld   $00
              1315 005e  ld   $5e
              1316 00a3  ld   $a3
              1317 0021  ld   $21
              1318 0046  ld   $46
              1319 002b  ld   $2b
              131a 0090  ld   $90
              131b 0059  ld   $59
              131c 001e  ld   $1e
              131d 002b  ld   $2b
              131e 0096  ld   $96
              131f 0021  ld   $21
              1320 0046  ld   $46
              1321 00e3  ld   $e3
              1322 000c  ld   $0c
              1323 002b  ld   $2b
              1324 0098  ld   $98
              1325 0059  ld   $59
              1326 0059  ld   $59
              1327 002b  ld   $2b
              1328 00ac  ld   $ac
              1329 0085  ld   $85
              132a 00c8  ld   $c8
              132b 0077  ld   $77
              132c 0059  ld   $59
              132d 00ff  ld   $ff
              132e 005e  ld   $5e
              132f 00a3  ld   $a3
              1330 0021  ld   $21
              1331 0046  ld   $46
              1332 00e3  ld   $e3
              1333 0001  ld   $01
              1334 002b  ld   $2b
              1335 0082  ld   $82
              1336 0059  ld   $59
              1337 001f  ld   $1f
              1338 002b  ld   $2b
              1339 0084  ld   $84
              133a 0021  ld   $21
              133b 0046  ld   $46
              133c 00e3  ld   $e3
              133d 000b  ld   $0b
              133e 002b  ld   $2b
              133f 0086  ld   $86
              1340 0059  ld   $59
              1341 0058  ld   $58
              1342 002b  ld   $2b
              1343 0092  ld   $92
              1344 0085  ld   $85
              1345 00dd  ld   $dd
              1346 0074  ld   $74
              1347 0093  ld   $93
              1348 0044  ld   $44
              1349 001a  ld   $1a
              134a 0044  ld   $44
              134b 00e6  ld   $e6
              134c 0009  ld   $09
              134d 0035  ld   $35
              134e 004d  ld   $4d
              134f 00dc  ld   $dc
              1350 0085  ld   $85
              1351 008d  ld   $8d
              1352 0005  ld   $05
              1353 0059  ld   $59
              1354 0000  ld   $00
              1355 002b  ld   $2b
              1356 0044  ld   $44
              1357 0021  ld   $21
              1358 0044  ld   $44
              1359 008c  ld   $8c
              135a 0002  ld   $02
              135b 0035  ld   $35
              135c 003f  ld   $3f
              135d 00ea  ld   $ea
              135e 0085  ld   $85
              135f 00ef  ld   $ef
              1360 0005  ld   $05
              1361 0085  ld   $85
              1362 002a  ld   $2a
              1363 0006  ld   $06
              1364 0021  ld   $21
              1365 0044  ld   $44
              1366 008c  ld   $8c
              1367 0006  ld   $06
              1368 0035  ld   $35
              1369 003f  ld   $3f
              136a 00f7  ld   $f7
              136b 0085  ld   $85
              136c 0000  ld   $00
              136d 0006  ld   $06
              136e 0085  ld   $85
              136f 002a  ld   $2a
              1370 0006  ld   $06
              1371 0085  ld   $85
              1372 0000  ld   $00
              1373 0006  ld   $06
              1374 0006  ld   $06
              1375 0000  ld   $00
              1376 0067  ld   $67
              1377 0021  ld   $21
              1378 0044  ld   $44
              1379 00e9  ld   $e9
              137a 00e9  ld   $e9
              137b 00e9  ld   $e9
              137c 002b  ld   $2b
              137d 00ea  ld   $ea
              137e 0021  ld   $21
              137f 0044  ld   $44
              1380 00e9  ld   $e9
              1381 00e9  ld   $e9
              1382 0099  ld   $99
              1383 00ea  ld   $ea
              1384 00e3  ld   $e3
              1385 001c  ld   $1c
              1386 002b  ld   $2b
              1387 0046  ld   $46
              1388 0059  ld   $59
              1389 0000  ld   $00
              138a 005e  ld   $5e
              138b 00a3  ld   $a3
              138c 0021  ld   $21
              138d 0046  ld   $46
              138e 002b  ld   $2b
              138f 0082  ld   $82
              1390 0059  ld   $59
              1391 001e  ld   $1e
              1392 002b  ld   $2b
              1393 0084  ld   $84
              1394 0021  ld   $21
              1395 0046  ld   $46
              1396 00e3  ld   $e3
              1397 0008  ld   $08
              1398 002b  ld   $2b
              1399 0086  ld   $86
              139a 0059  ld   $59
              139b 0046  ld   $46
              139c 002b  ld   $2b
              139d 0092  ld   $92
              139e 0085  ld   $85
              139f 00dd  ld   $dd
              13a0 0074  ld   $74
              13a1 0093  ld   $93
              13a2 0044  ld   $44
              13a3 001a  ld   $1a
              13a4 0044  ld   $44
              13a5 00e6  ld   $e6
              13a6 0008  ld   $08
              13a7 0035  ld   $35
              13a8 004d  ld   $4d
              13a9 0034  ld   $34
              13aa 0085  ld   $85
              13ab 00e2  ld   $e2
              13ac 0005  ld   $05
              13ad 0011  ld   $11
              13ae 0020  ld   $20
              13af 000f  ld   $0f
              13b0 002b  ld   $2b
              13b1 00a2  ld   $a2
              13b2 0059  ld   $59
              13b3 0018  ld   $18
              13b4 005e  ld   $5e
              13b5 00a4  ld   $a4
              13b6 0059  ld   $59
              13b7 0016  ld   $16
              13b8 005e  ld   $5e
              13b9 00a5  ld   $a5
              13ba 0085  ld   $85
              13bb 00a4  ld   $a4
              13bc 0077  ld   $77
              13bd 0011  ld   $11
              13be 00ab  ld   $ab
              13bf 007d  ld   $7d
              13c0 0085  ld   $85
              13c1 00b2  ld   $b2
              13c2 0074  ld   $74
              13c3 0085  ld   $85
              13c4 00ac  ld   $ac
              13c5 0079  ld   $79
              13c6 0059  ld   $59
              13c7 0018  ld   $18
              13c8 005e  ld   $5e
              13c9 00a4  ld   $a4
              13ca 0059  ld   $59
              13cb 005b  ld   $5b
              13cc 005e  ld   $5e
              13cd 00a5  ld   $a5
              13ce 0085  ld   $85
              13cf 00a4  ld   $a4
              13d0 0077  ld   $77
              13d1 0011  ld   $11
              13d2 00eb  ld   $eb
              13d3 007c  ld   $7c
              13d4 0085  ld   $85
              13d5 00b2  ld   $b2
              13d6 0074  ld   $74
              13d7 0085  ld   $85
              13d8 00ac  ld   $ac
              13d9 0079  ld   $79
              13da 0063  ld   $63
              13db 00ff  ld   $ff
              13dc 00b4  ld   $b4
              13dd 0080  ld   $80
              13de 0007  ld   $07
              13df 0000  ld   $00
              13e0 0001  ld   $01
              13e1 0020  ld   $20
              13e2 0007  ld   $07
              13e3 0004  ld   $04
              13e4 0001  ld   $01
              13e5 0023  ld   $23
              13e6 0007  ld   $07
              13e7 0008  ld   $08
              13e8 0001  ld   $01
              13e9 0026  ld   $26
              13ea 0007  ld   $07
              13eb 000c  ld   $0c
              13ec 0001  ld   $01
              13ed 0029  ld   $29
              13ee 0007  ld   $07
              13ef 0010  ld   $10
              13f0 0001  ld   $01
              13f1 002c  ld   $2c
              13f2 0007  ld   $07
              13f3 0014  ld   $14
              13f4 0001  ld   $01
              13f5 002e  ld   $2e
              13f6 0007  ld   $07
              13f7 0018  ld   $18
              13f8 0001  ld   $01
              13f9 0031  ld   $31
              13fa 0007  ld   $07
              13fb fe00  bra  ac          ;+-----------------------------------+
              13fc fcfd  bra  $13fd       ;|                                   |
              13fd 1404  ld   $04,y       ;| Trampoline for page $1300 lookups |
              13fe e068  jmp  y,$68       ;|                                   |
              13ff c218  st   [$18]       ;+-----------------------------------+
              1400 001c  ld   $1c
              1401 0001  ld   $01
              1402 0033  ld   $33
              1403 0007  ld   $07
              1404 0020  ld   $20
              1405 0001  ld   $01
              1406 0036  ld   $36
              1407 0007  ld   $07
              1408 0024  ld   $24
              1409 0001  ld   $01
              140a 0038  ld   $38
              140b 0007  ld   $07
              140c 0028  ld   $28
              140d 0001  ld   $01
              140e 003a  ld   $3a
              140f 0007  ld   $07
              1410 002c  ld   $2c
              1411 0001  ld   $01
              1412 003b  ld   $3b
              1413 0007  ld   $07
              1414 0030  ld   $30
              1415 0001  ld   $01
              1416 003d  ld   $3d
              1417 0007  ld   $07
              1418 0034  ld   $34
              1419 0001  ld   $01
              141a 003e  ld   $3e
              141b 0007  ld   $07
              141c 0038  ld   $38
              141d 0001  ld   $01
              141e 003e  ld   $3e
              141f 0007  ld   $07
              1420 003c  ld   $3c
              1421 0001  ld   $01
              1422 003f  ld   $3f
              1423 0007  ld   $07
              1424 0040  ld   $40
              1425 0001  ld   $01
              1426 003f  ld   $3f
              1427 0007  ld   $07
              1428 0044  ld   $44
              1429 0001  ld   $01
              142a 003f  ld   $3f
              142b 0007  ld   $07
              142c 0048  ld   $48
              142d 0001  ld   $01
              142e 003e  ld   $3e
              142f 0007  ld   $07
              1430 004c  ld   $4c
              1431 0001  ld   $01
              1432 003e  ld   $3e
              1433 0007  ld   $07
              1434 0050  ld   $50
              1435 0001  ld   $01
              1436 003d  ld   $3d
              1437 0007  ld   $07
              1438 0054  ld   $54
              1439 0001  ld   $01
              143a 003b  ld   $3b
              143b 0007  ld   $07
              143c 0058  ld   $58
              143d 0001  ld   $01
              143e 003a  ld   $3a
              143f 0007  ld   $07
              1440 005c  ld   $5c
              1441 0001  ld   $01
              1442 0038  ld   $38
              1443 0007  ld   $07
              1444 0060  ld   $60
              1445 0001  ld   $01
              1446 0036  ld   $36
              1447 0007  ld   $07
              1448 0064  ld   $64
              1449 0001  ld   $01
              144a 0033  ld   $33
              144b 0007  ld   $07
              144c 0068  ld   $68
              144d 0001  ld   $01
              144e 0031  ld   $31
              144f 0007  ld   $07
              1450 006c  ld   $6c
              1451 0001  ld   $01
              1452 002e  ld   $2e
              1453 0007  ld   $07
              1454 0070  ld   $70
              1455 0001  ld   $01
              1456 002c  ld   $2c
              1457 0007  ld   $07
              1458 0074  ld   $74
              1459 0001  ld   $01
              145a 0029  ld   $29
              145b 0007  ld   $07
              145c 0078  ld   $78
              145d 0001  ld   $01
              145e 0026  ld   $26
              145f 0007  ld   $07
              1460 007c  ld   $7c
              1461 0001  ld   $01
              1462 0023  ld   $23
              1463 0007  ld   $07
              1464 0080  ld   $80
              1465 0001  ld   $01
              1466 0020  ld   $20
              1467 0007  ld   $07
              1468 0084  ld   $84
              1469 0001  ld   $01
              146a 001c  ld   $1c
              146b 0007  ld   $07
              146c 0088  ld   $88
              146d 0001  ld   $01
              146e 0019  ld   $19
              146f 0007  ld   $07
              1470 008c  ld   $8c
              1471 0001  ld   $01
              1472 0016  ld   $16
              1473 0007  ld   $07
              1474 0090  ld   $90
              1475 0001  ld   $01
              1476 0013  ld   $13
              1477 0007  ld   $07
              1478 0094  ld   $94
              1479 0001  ld   $01
              147a 0011  ld   $11
              147b 0007  ld   $07
              147c 0098  ld   $98
              147d 0001  ld   $01
              147e 000e  ld   $0e
              147f 0007  ld   $07
              1480 009c  ld   $9c
              1481 0001  ld   $01
              1482 000c  ld   $0c
              1483 0007  ld   $07
              1484 00a0  ld   $a0
              1485 0001  ld   $01
              1486 0009  ld   $09
              1487 0007  ld   $07
              1488 00a4  ld   $a4
              1489 0001  ld   $01
              148a 0007  ld   $07
              148b 0007  ld   $07
              148c 00a8  ld   $a8
              148d 0001  ld   $01
              148e 0005  ld   $05
              148f 0007  ld   $07
              1490 00ac  ld   $ac
              1491 0001  ld   $01
              1492 0004  ld   $04
              1493 0007  ld   $07
              1494 00b0  ld   $b0
              1495 0001  ld   $01
              1496 0002  ld   $02
              1497 0007  ld   $07
              1498 00b4  ld   $b4
              1499 0001  ld   $01
              149a 0001  ld   $01
              149b 0007  ld   $07
              149c 00b8  ld   $b8
              149d 0001  ld   $01
              149e 0001  ld   $01
              149f 0007  ld   $07
              14a0 00bc  ld   $bc
              14a1 0001  ld   $01
              14a2 0000  ld   $00
              14a3 0007  ld   $07
              14a4 00c0  ld   $c0
              14a5 0001  ld   $01
              14a6 0000  ld   $00
              14a7 0007  ld   $07
              14a8 00c4  ld   $c4
              14a9 0001  ld   $01
              14aa 0000  ld   $00
              14ab 0007  ld   $07
              14ac 00c8  ld   $c8
              14ad 0001  ld   $01
              14ae 0001  ld   $01
              14af 0007  ld   $07
              14b0 00cc  ld   $cc
              14b1 0001  ld   $01
              14b2 0001  ld   $01
              14b3 0007  ld   $07
              14b4 00d0  ld   $d0
              14b5 0001  ld   $01
              14b6 0002  ld   $02
              14b7 0007  ld   $07
              14b8 00d4  ld   $d4
              14b9 0001  ld   $01
              14ba 0004  ld   $04
              14bb 0007  ld   $07
              14bc 00d8  ld   $d8
              14bd 0001  ld   $01
              14be 0005  ld   $05
              14bf 0007  ld   $07
              14c0 00dc  ld   $dc
              14c1 0001  ld   $01
              14c2 0007  ld   $07
              14c3 0007  ld   $07
              14c4 00e0  ld   $e0
              14c5 0001  ld   $01
              14c6 0009  ld   $09
              14c7 0007  ld   $07
              14c8 00e4  ld   $e4
              14c9 0001  ld   $01
              14ca 000c  ld   $0c
              14cb 0007  ld   $07
              14cc 00e8  ld   $e8
              14cd 0001  ld   $01
              14ce 000e  ld   $0e
              14cf 0007  ld   $07
              14d0 00ec  ld   $ec
              14d1 0001  ld   $01
              14d2 0011  ld   $11
              14d3 0007  ld   $07
              14d4 00f0  ld   $f0
              14d5 0001  ld   $01
              14d6 0013  ld   $13
              14d7 0007  ld   $07
              14d8 00f4  ld   $f4
              14d9 0001  ld   $01
              14da 0016  ld   $16
              14db 0007  ld   $07
              14dc 00f8  ld   $f8
              14dd 0001  ld   $01
              14de 0019  ld   $19
              14df 0007  ld   $07
              14e0 00fc  ld   $fc
              14e1 0001  ld   $01
              14e2 001c  ld   $1c
              14e3 0074  ld   $74
              14e4 00a3  ld   $a3
              14e5 005c  ld   $5c
              14e6 0075  ld   $75
              14e7 0085  ld   $85
              14e8 00a0  ld   $a0
              14e9 007d  ld   $7d
              14ea 0011  ld   $11
              14eb 0003  ld   $03
              14ec 000b  ld   $0b
              14ed 002b  ld   $2b
              14ee 0022  ld   $22
              14ef 001a  ld   $1a
              14f0 00a2  ld   $a2
              14f1 005e  ld   $5e
              14f2 0025  ld   $25
              14f3 0063  ld   $63
              14f4 00ff  ld   $ff
              14f5 0075  ld   $75
              14f6 002b  ld   $2b
              14f7 0082  ld   $82
              14f8 0085  ld   $85
              14f9 00c7  ld   $c7
              14fa 0074  ld   $74
              14fb fe00  bra  ac          ;+-----------------------------------+
              14fc fcfd  bra  $14fd       ;|                                   |
              14fd 1404  ld   $04,y       ;| Trampoline for page $1400 lookups |
              14fe e068  jmp  y,$68       ;|                                   |
              14ff c218  st   [$18]       ;+-----------------------------------+
              1500 0093  ld   $93
              1501 0082  ld   $82
              1502 0021  ld   $21
              1503 0082  ld   $82
              1504 00ad  ld   $ad
              1505 0035  ld   $35
              1506 003f  ld   $3f
              1507 00c3  ld   $c3
              1508 0085  ld   $85
              1509 00b3  ld   $b3
              150a 0078  ld   $78
              150b 0090  ld   $90
              150c 00b6  ld   $b6
              150d 0063  ld   $63
              150e 00ff  ld   $ff
              150f 0011  ld   $11
              1510 00e1  ld   $e1
              1511 0004  ld   $04
              1512 002b  ld   $2b
              1513 0022  ld   $22
              1514 0021  ld   $21
              1515 00a2  ld   $a2
              1516 002b  ld   $2b
              1517 0024  ld   $24
              1518 001a  ld   $1a
              1519 00a5  ld   $a5
              151a 00e9  ld   $e9
              151b 0093  ld   $93
              151c 0019  ld   $19
              151d 00ad  ld   $ad
              151e 005e  ld   $5e
              151f 0029  ld   $29
              1520 001a  ld   $1a
              1521 00a4  ld   $a4
              1522 005e  ld   $5e
              1523 0028  ld   $28
              1524 00ff  ld   $ff
              1525 0075  ld   $75
              1526 0021  ld   $21
              1527 0092  ld   $92
              1528 00b8  ld   $b8
              1529 0084  ld   $84
              152a 0035  ld   $35
              152b 0053  ld   $53
              152c 00ef  ld   $ef
              152d 0021  ld   $21
              152e 0092  ld   $92
              152f 002b  ld   $2b
              1530 00a0  ld   $a0
              1531 0021  ld   $21
              1532 0084  ld   $84
              1533 002b  ld   $2b
              1534 0092  ld   $92
              1535 0021  ld   $21
              1536 00a0  ld   $a0
              1537 002b  ld   $2b
              1538 0084  ld   $84
              1539 0085  ld   $85
              153a 00ad  ld   $ad
              153b 0075  ld   $75
              153c 0093  ld   $93
              153d 0084  ld   $84
              153e 0021  ld   $21
              153f 0084  ld   $84
              1540 00b8  ld   $b8
              1541 0092  ld   $92
              1542 0035  ld   $35
              1543 0056  ld   $56
              1544 00ef  ld   $ef
              1545 0063  ld   $63
              1546 00ff  ld   $ff
              1547 0075  ld   $75
              1548 00a0  ld   $a0
              1549 005f  ld   $5f
              154a 0075  ld   $75
              154b 005e  ld   $5e
              154c 0092  ld   $92
              154d 0085  ld   $85
              154e 00c7  ld   $c7
              154f 0074  ld   $74
              1550 001a  ld   $1a
              1551 0092  ld   $92
              1552 0085  ld   $85
              1553 00b3  ld   $b3
              1554 0078  ld   $78
              1555 0063  ld   $63
              1556 00ff  ld   $ff
              1557 001a  ld   $1a
              1558 0082  ld   $82
              1559 005e  ld   $5e
              155a 0026  ld   $26
              155b 001a  ld   $1a
              155c 0086  ld   $86
              155d 00b8  ld   $b8
              155e 0082  ld   $82
              155f 0035  ld   $35
              1560 0053  ld   $53
              1561 00be  ld   $be
              1562 001a  ld   $1a
              1563 0086  ld   $86
              1564 005e  ld   $5e
              1565 0026  ld   $26
              1566 001a  ld   $1a
              1567 0082  ld   $82
              1568 00b8  ld   $b8
              1569 0086  ld   $86
              156a 00e3  ld   $e3
              156b 0001  ld   $01
              156c 005e  ld   $5e
              156d 0024  ld   $24
              156e 001a  ld   $1a
              156f 00a3  ld   $a3
              1570 005e  ld   $5e
              1571 0025  ld   $25
              1572 001a  ld   $1a
              1573 0084  ld   $84
              1574 00e3  ld   $e3
              1575 0008  ld   $08
              1576 005e  ld   $5e
              1577 0027  ld   $27
              1578 0011  ld   $11
              1579 0003  ld   $03
              157a 000b  ld   $0b
              157b 002b  ld   $2b
              157c 0022  ld   $22
              157d 00b4  ld   $b4
              157e 00f3  ld   $f3
              157f 00ff  ld   $ff
              1580 001a  ld   $1a
              1581 0021  ld   $21
              1582 0082  ld   $82
              1583 00fc  ld   $fc
              1584 002b  ld   $2b
              1585 0084  ld   $84
              1586 00b8  ld   $b8
              1587 0082  ld   $82
              1588 0035  ld   $35
              1589 003f  ld   $3f
              158a 00fc  ld   $fc
              158b 0021  ld   $21
              158c 0082  ld   $82
              158d 00e6  ld   $e6
              158e 0080  ld   $80
              158f 0035  ld   $35
              1590 0072  ld   $72
              1591 00ef  ld   $ef
              1592 0021  ld   $21
              1593 0084  ld   $84
              1594 00b8  ld   $b8
              1595 0082  ld   $82
              1596 0035  ld   $35
              1597 003f  ld   $3f
              1598 00fc  ld   $fc
              1599 0090  ld   $90
              159a 00f6  ld   $f6
              159b 0021  ld   $21
              159c 0084  ld   $84
              159d 00b8  ld   $b8
              159e 0082  ld   $82
              159f 0035  ld   $35
              15a0 004d  ld   $4d
              15a1 00fc  ld   $fc
              15a2 001a  ld   $1a
              15a3 0006  ld   $06
              15a4 00f0  ld   $f0
              15a5 007e  ld   $7e
              15a6 0090  ld   $90
              15a7 00f6  ld   $f6
              15a8 00ff  ld   $ff
              15a9 0076  ld   $76
              15aa 00a1  ld   $a1
              15ab 005e  ld   $5e
              15ac 0075  ld   $75
              15ad 0011  ld   $11
              15ae 0003  ld   $03
              15af 000b  ld   $0b
              15b0 002b  ld   $2b
              15b1 0022  ld   $22
              15b2 001a  ld   $1a
              15b3 00a2  ld   $a2
              15b4 005e  ld   $5e
              15b5 0025  ld   $25
              15b6 0011  ld   $11
              15b7 0000  ld   $00
              15b8 0001  ld   $01
              15b9 00ad  ld   $ad
              15ba 005e  ld   $5e
              15bb 0027  ld   $27
              15bc 0059  ld   $59
              15bd 0008  ld   $08
              15be 005e  ld   $5e
              15bf 009e  ld   $9e
              15c0 0059  ld   $59
              15c1 00a0  ld   $a0
              15c2 005e  ld   $5e
              15c3 0024  ld   $24
              15c4 0059  ld   $59
              15c5 0000  ld   $00
              15c6 005e  ld   $5e
              15c7 0026  ld   $26
              15c8 00b4  ld   $b4
              15c9 00f3  ld   $f3
              15ca 0093  ld   $93
              15cb 0027  ld   $27
              15cc 001a  ld   $1a
              15cd 009e  ld   $9e
              15ce 00e6  ld   $e6
              15cf 0001  ld   $01
              15d0 0035  ld   $35
              15d1 0072  ld   $72
              15d2 00b1  ld   $b1
              15d3 0085  ld   $85
              15d4 00c7  ld   $c7
              15d5 0074  ld   $74
              15d6 0063  ld   $63
              15d7 00ff  ld   $ff
              15d8 0075  ld   $75
              15d9 0085  ld   $85
              15da 00a3  ld   $a3
              15db 0074  ld   $74
              15dc 0059  ld   $59
              15dd 0008  ld   $08
              15de 002b  ld   $2b
              15df 0094  ld   $94
              15e0 0059  ld   $59
              15e1 00a0  ld   $a0
              15e2 005e  ld   $5e
              15e3 0024  ld   $24
              15e4 0059  ld   $59
              15e5 0000  ld   $00
              15e6 005e  ld   $5e
              15e7 0026  ld   $26
              15e8 001a  ld   $1a
              15e9 0094  ld   $94
              15ea 005e  ld   $5e
              15eb 0027  ld   $27
              15ec 00b4  ld   $b4
              15ed 00f3  ld   $f3
              15ee 0059  ld   $59
              15ef 00a0  ld   $a0
              15f0 005e  ld   $5e
              15f1 0024  ld   $24
              15f2 0059  ld   $59
              15f3 0000  ld   $00
              15f4 005e  ld   $5e
              15f5 0026  ld   $26
              15f6 0011  ld   $11
              15f7 0087  ld   $87
              15f8 0000  ld   $00
              15f9 00b8  ld   $b8
              15fa 0094  ld   $94
              15fb fe00  bra  ac          ;+-----------------------------------+
              15fc fcfd  bra  $15fd       ;|                                   |
              15fd 1404  ld   $04,y       ;| Trampoline for page $1500 lookups |
              15fe e068  jmp  y,$68       ;|                                   |
              15ff c218  st   [$18]       ;+-----------------------------------+
              1600 005e  ld   $5e
              1601 0027  ld   $27
              1602 00b4  ld   $b4
              1603 00f3  ld   $f3
              1604 0093  ld   $93
              1605 0094  ld   $94
              1606 001a  ld   $1a
              1607 0094  ld   $94
              1608 00e6  ld   $e6
              1609 0044  ld   $44
              160a 0035  ld   $35
              160b 0050  ld   $50
              160c 00d3  ld   $d3
              160d 0063  ld   $63
              160e 00ff  ld   $ff
              160f 0077  ld   $77
              1610 00a4  ld   $a4
              1611 005b  ld   $5b
              1612 001a  ld   $1a
              1613 00a4  ld   $a4
              1614 00e6  ld   $e6
              1615 009a  ld   $9a
              1616 0035  ld   $35
              1617 0056  ld   $56
              1618 00ad  ld   $ad
              1619 0059  ld   $59
              161a 0000  ld   $00
              161b 005e  ld   $5e
              161c 00a4  ld   $a4
              161d 001a  ld   $1a
              161e 00a5  ld   $a5
              161f 00e6  ld   $e6
              1620 0070  ld   $70
              1621 0035  ld   $35
              1622 0050  ld   $50
              1623 00bf  ld   $bf
              1624 0059  ld   $59
              1625 0070  ld   $70
              1626 005e  ld   $5e
              1627 00a5  ld   $a5
              1628 001a  ld   $1a
              1629 00aa  ld   $aa
              162a 0088  ld   $88
              162b 0004  ld   $04
              162c 005e  ld   $5e
              162d 00aa  ld   $aa
              162e 00ff  ld   $ff
              162f 001a  ld   $1a
              1630 00aa  ld   $aa
              1631 0082  ld   $82
              1632 00fb  ld   $fb
              1633 005e  ld   $5e
              1634 00aa  ld   $aa
              1635 00ff  ld   $ff
              1636 0075  ld   $75
              1637 0021  ld   $21
              1638 0090  ld   $90
              1639 002b  ld   $2b
              163a 0082  ld   $82
              163b 0021  ld   $21
              163c 0096  ld   $96
              163d 002b  ld   $2b
              163e 0084  ld   $84
              163f 0021  ld   $21
              1640 0098  ld   $98
              1641 002b  ld   $2b
              1642 0086  ld   $86
              1643 0085  ld   $85
              1644 00ad  ld   $ad
              1645 0075  ld   $75
              1646 0021  ld   $21
              1647 00ac  ld   $ac
              1648 002b  ld   $2b
              1649 0084  ld   $84
              164a 0085  ld   $85
              164b 00ad  ld   $ad
              164c 0075  ld   $75
              164d 0021  ld   $21
              164e 0090  ld   $90
              164f 002b  ld   $2b
              1650 0082  ld   $82
              1651 0021  ld   $21
              1652 0096  ld   $96
              1653 002b  ld   $2b
              1654 0084  ld   $84
              1655 0021  ld   $21
              1656 00ac  ld   $ac
              1657 002b  ld   $2b
              1658 0086  ld   $86
              1659 0085  ld   $85
              165a 00a5  ld   $a5
              165b 007a  ld   $7a
              165c 0021  ld   $21
              165d 0098  ld   $98
              165e 002b  ld   $2b
              165f 0082  ld   $82
              1660 0021  ld   $21
              1661 0096  ld   $96
              1662 002b  ld   $2b
              1663 0084  ld   $84
              1664 0021  ld   $21
              1665 00ac  ld   $ac
              1666 002b  ld   $2b
              1667 0086  ld   $86
              1668 0085  ld   $85
              1669 00a5  ld   $a5
              166a 007a  ld   $7a
              166b 0063  ld   $63
              166c 00ff  ld   $ff
              166d 0078  ld   $78
              166e 00a3  ld   $a3
              166f 000c  ld   $0c
              1670 001a  ld   $1a
              1671 000e  ld   $0e
              1672 00fc  ld   $fc
              1673 00d6  ld   $d6
              1674 0035  ld   $35
              1675 003f  ld   $3f
              1676 00a1  ld   $a1
              1677 001a  ld   $1a
              1678 000e  ld   $0e
              1679 002b  ld   $2b
              167a 00d6  ld   $d6
              167b 00ff  ld   $ff
              167c 0078  ld   $78
              167d 00b3  ld   $b3
              167e 004c  ld   $4c
              167f 00e6  ld   $e6
              1680 0082  ld   $82
              1681 0035  ld   $35
              1682 004d  ld   $4d
              1683 00fc  ld   $fc
              1684 00e3  ld   $e3
              1685 0082  ld   $82
              1686 00e6  ld   $e6
              1687 0052  ld   $52
              1688 0035  ld   $35
              1689 0053  ld   $53
              168a 00c9  ld   $c9
              168b 00e3  ld   $e3
              168c 0032  ld   $32
              168d 0035  ld   $35
              168e 0050  ld   $50
              168f 00fc  ld   $fc
              1690 002b  ld   $2b
              1691 0092  ld   $92
              1692 0011  ld   $11
              1693 0000  ld   $00
              1694 0007  ld   $07
              1695 0090  ld   $90
              1696 00ce  ld   $ce
              1697 002b  ld   $2b
              1698 0092  ld   $92
              1699 0011  ld   $11
              169a 0000  ld   $00
              169b 0008  ld   $08
              169c 002b  ld   $2b
              169d 0094  ld   $94
              169e 001a  ld   $1a
              169f 0092  ld   $92
              16a0 00e9  ld   $e9
              16a1 00e9  ld   $e9
              16a2 0099  ld   $99
              16a3 0092  ld   $92
              16a4 0099  ld   $99
              16a5 0094  ld   $94
              16a6 002b  ld   $2b
              16a7 0094  ld   $94
              16a8 0059  ld   $59
              16a9 0005  ld   $05
              16aa 005e  ld   $5e
              16ab 0096  ld   $96
              16ac 0021  ld   $21
              16ad 0094  ld   $94
              16ae 007f  ld   $7f
              16af 0000  ld   $00
              16b0 005e  ld   $5e
              16b1 0026  ld   $26
              16b2 00b4  ld   $b4
              16b3 00cb  ld   $cb
              16b4 0093  ld   $93
              16b5 0094  ld   $94
              16b6 0093  ld   $93
              16b7 0028  ld   $28
              16b8 001a  ld   $1a
              16b9 0096  ld   $96
              16ba 00e6  ld   $e6
              16bb 0001  ld   $01
              16bc 0035  ld   $35
              16bd 0072  ld   $72
              16be 00dc  ld   $dc
              16bf 005e  ld   $5e
              16c0 0026  ld   $26
              16c1 00b4  ld   $b4
              16c2 00cb  ld   $cb
              16c3 0093  ld   $93
              16c4 0028  ld   $28
              16c5 0075  ld   $75
              16c6 0085  ld   $85
              16c7 00a5  ld   $a5
              16c8 007c  ld   $7c
              16c9 0063  ld   $63
              16ca 00ff  ld   $ff
              16cb 0079  ld   $79
              16cc 00a2  ld   $a2
              16cd 005d  ld   $5d
              16ce 0011  ld   $11
              16cf 0000  ld   $00
              16d0 000b  ld   $0b
              16d1 002b  ld   $2b
              16d2 0022  ld   $22
              16d3 0021  ld   $21
              16d4 0082  ld   $82
              16d5 00b4  ld   $b4
              16d6 00e6  ld   $e6
              16d7 00ff  ld   $ff
              16d8 0059  ld   $59
              16d9 0002  ld   $02
              16da 005e  ld   $5e
              16db 00a4  ld   $a4
              16dc 005e  ld   $5e
              16dd 0028  ld   $28
              16de 001a  ld   $1a
              16df 00aa  ld   $aa
              16e0 0082  ld   $82
              16e1 0002  ld   $02
              16e2 0035  ld   $35
              16e3 0072  ld   $72
              16e4 00b8  ld   $b8
              16e5 00ff  ld   $ff
              16e6 0075  ld   $75
              16e7 001a  ld   $1a
              16e8 00aa  ld   $aa
              16e9 0082  ld   $82
              16ea 0004  ld   $04
              16eb 0035  ld   $35
              16ec 0072  ld   $72
              16ed 00cf  ld   $cf
              16ee 001a  ld   $1a
              16ef 00a5  ld   $a5
              16f0 00e3  ld   $e3
              16f1 0008  ld   $08
              16f2 005e  ld   $5e
              16f3 00a5  ld   $a5
              16f4 00e6  ld   $e6
              16f5 0078  ld   $78
              16f6 0035  ld   $35
              16f7 0050  ld   $50
              16f8 00f8  ld   $f8
              16f9 0059  ld   $59
              16fa 0070  ld   $70
              16fb fe00  bra  ac          ;+-----------------------------------+
              16fc fcfd  bra  $16fd       ;|                                   |
              16fd 1404  ld   $04,y       ;| Trampoline for page $1600 lookups |
              16fe e068  jmp  y,$68       ;|                                   |
              16ff c218  st   [$18]       ;+-----------------------------------+
              1700 005e  ld   $5e
              1701 00a5  ld   $a5
              1702 0085  ld   $85
              1703 00a1  ld   $a1
              1704 0076  ld   $76
              1705 0011  ld   $11
              1706 0000  ld   $00
              1707 0001  ld   $01
              1708 002b  ld   $2b
              1709 0098  ld   $98
              170a 0021  ld   $21
              170b 0098  ld   $98
              170c 00ad  ld   $ad
              170d 00e3  ld   $e3
              170e 0008  ld   $08
              170f 00e6  ld   $e6
              1710 007f  ld   $7f
              1711 0035  ld   $35
              1712 0056  ld   $56
              1713 00e3  ld   $e3
              1714 00e3  ld   $e3
              1715 0088  ld   $88
              1716 00e3  ld   $e3
              1717 007f  ld   $7f
              1718 00f0  ld   $f0
              1719 0098  ld   $98
              171a 0093  ld   $93
              171b 0098  ld   $98
              171c 0093  ld   $93
              171d 0098  ld   $98
              171e 001a  ld   $1a
              171f 0098  ld   $98
              1720 00e6  ld   $e6
              1721 00f0  ld   $f0
              1722 0035  ld   $35
              1723 0050  ld   $50
              1724 00d7  ld   $d7
              1725 001a  ld   $1a
              1726 00aa  ld   $aa
              1727 0088  ld   $88
              1728 0004  ld   $04
              1729 005e  ld   $5e
              172a 00aa  ld   $aa
              172b 0085  ld   $85
              172c 00c7  ld   $c7
              172d 0074  ld   $74
              172e 0063  ld   $63
              172f 00ff  ld   $ff
              1730 007a  ld   $7a
              1731 00a5  ld   $a5
              1732 005a  ld   $5a
              1733 0021  ld   $21
              1734 0086  ld   $86
              1735 00b8  ld   $b8
              1736 0084  ld   $84
              1737 0035  ld   $35
              1738 0053  ld   $53
              1739 00b6  ld   $b6
              173a 0021  ld   $21
              173b 0086  ld   $86
              173c 002b  ld   $2b
              173d 00a0  ld   $a0
              173e 0021  ld   $21
              173f 0084  ld   $84
              1740 002b  ld   $2b
              1741 0086  ld   $86
              1742 0021  ld   $21
              1743 00a0  ld   $a0
              1744 002b  ld   $2b
              1745 0084  ld   $84
              1746 001a  ld   $1a
              1747 0082  ld   $82
              1748 005e  ld   $5e
              1749 0028  ld   $28
              174a 001a  ld   $1a
              174b 0084  ld   $84
              174c 00e3  ld   $e3
              174d 0008  ld   $08
              174e 005e  ld   $5e
              174f 0084  ld   $84
              1750 005e  ld   $5e
              1751 0029  ld   $29
              1752 0021  ld   $21
              1753 0086  ld   $86
              1754 00e3  ld   $e3
              1755 0008  ld   $08
              1756 005e  ld   $5e
              1757 0086  ld   $86
              1758 00b8  ld   $b8
              1759 0084  ld   $84
              175a 00e6  ld   $e6
              175b 0008  ld   $08
              175c 0035  ld   $35
              175d 0050  ld   $50
              175e 00ef  ld   $ef
              175f 0021  ld   $21
              1760 00a2  ld   $a2
              1761 002b  ld   $2b
              1762 0024  ld   $24
              1763 0011  ld   $11
              1764 00e1  ld   $e1
              1765 0004  ld   $04
              1766 002b  ld   $2b
              1767 0022  ld   $22
              1768 0021  ld   $21
              1769 0086  ld   $86
              176a 00e6  ld   $e6
              176b 0007  ld   $07
              176c 002b  ld   $2b
              176d 0088  ld   $88
              176e 0059  ld   $59
              176f 00ff  ld   $ff
              1770 005e  ld   $5e
              1771 0026  ld   $26
              1772 00b4  ld   $b4
              1773 00cb  ld   $cb
              1774 001a  ld   $1a
              1775 0029  ld   $29
              1776 00e3  ld   $e3
              1777 0008  ld   $08
              1778 005e  ld   $5e
              1779 0029  ld   $29
              177a 00b8  ld   $b8
              177b 0088  ld   $88
              177c 0035  ld   $35
              177d 0050  ld   $50
              177e 00de  ld   $de
              177f 001a  ld   $1a
              1780 00a3  ld   $a3
              1781 00f0  ld   $f0
              1782 0028  ld   $28
              1783 0093  ld   $93
              1784 0029  ld   $29
              1785 001a  ld   $1a
              1786 0029  ld   $29
              1787 00b8  ld   $b8
              1788 0086  ld   $86
              1789 0035  ld   $35
              178a 0056  ld   $56
              178b 00ef  ld   $ef
              178c 00ff  ld   $ff
              178d 007b  ld   $7b
              178e 00a2  ld   $a2
              178f 005e  ld   $5e
              1790 0075  ld   $75
              1791 0011  ld   $11
              1792 00bd  ld   $bd
              1793 007c  ld   $7c
              1794 002b  ld   $2b
              1795 0086  ld   $86
              1796 002b  ld   $2b
              1797 0092  ld   $92
              1798 0011  ld   $11
              1799 00d4  ld   $d4
              179a 007b  ld   $7b
              179b 002b  ld   $2b
              179c 0088  ld   $88
              179d 0021  ld   $21
              179e 0092  ld   $92
              179f 00f6  ld   $f6
              17a0 0035  ld   $35
              17a1 0072  ld   $72
              17a2 00bc  ld   $bc
              17a3 0021  ld   $21
              17a4 0084  ld   $84
              17a5 0035  ld   $35
              17a6 003f  ld   $3f
              17a7 00ba  ld   $ba
              17a8 00cf  ld   $cf
              17a9 0084  ld   $84
              17aa 0063  ld   $63
              17ab 00ff  ld   $ff
              17ac 00b8  ld   $b8
              17ad 0082  ld   $82
              17ae 0035  ld   $35
              17af 003f  ld   $3f
              17b0 00c7  ld   $c7
              17b1 0093  ld   $93
              17b2 0092  ld   $92
              17b3 0093  ld   $93
              17b4 0092  ld   $92
              17b5 0090  ld   $90
              17b6 00ad  ld   $ad
              17b7 0021  ld   $21
              17b8 0092  ld   $92
              17b9 00b8  ld   $b8
              17ba 0086  ld   $86
              17bb 0099  ld   $99
              17bc 0088  ld   $88
              17bd 00f6  ld   $f6
              17be 00cf  ld   $cf
              17bf 0018  ld   $18
              17c0 0063  ld   $63
              17c1 00ff  ld   $ff
              17c2 009c  ld   $9c
              17c3 0002  ld   $02
              17c4 00b0  ld   $b0
              17c5 0002  ld   $02
              17c6 00c4  ld   $c4
              17c7 0002  ld   $02
              17c8 00d8  ld   $d8
              17c9 0002  ld   $02
              17ca 00ec  ld   $ec
              17cb 0002  ld   $02
              17cc 000a  ld   $0a
              17cd 0003  ld   $03
              17ce 001e  ld   $1e
              17cf 0003  ld   $03
              17d0 0032  ld   $32
              17d1 0003  ld   $03
              17d2 0046  ld   $46
              17d3 0003  ld   $03
              17d4 005a  ld   $5a
              17d5 0003  ld   $03
              17d6 006e  ld   $6e
              17d7 0003  ld   $03
              17d8 0082  ld   $82
              17d9 0003  ld   $03
              17da 0096  ld   $96
              17db 0003  ld   $03
              17dc 00aa  ld   $aa
              17dd 0003  ld   $03
              17de 00be  ld   $be
              17df 0003  ld   $03
              17e0 00d2  ld   $d2
              17e1 0003  ld   $03
              17e2 00e6  ld   $e6
              17e3 0003  ld   $03
              17e4 0005  ld   $05
              17e5 0004  ld   $04
              17e6 0058  ld   $58
              17e7 0005  ld   $05
              17e8 0064  ld   $64
              17e9 0005  ld   $05
              17ea 0070  ld   $70
              17eb 0005  ld   $05
              17ec 007c  ld   $7c
              17ed 0005  ld   $05
              17ee 007c  ld   $7c
              17ef 00a5  ld   $a5
              17f0 005b  ld   $5b
              17f1 001a  ld   $1a
              17f2 00a4  ld   $a4
              17f3 00e3  ld   $e3
              17f4 0006  ld   $06
              17f5 005e  ld   $5e
              17f6 00a4  ld   $a4
              17f7 00e6  ld   $e6
              17f8 009a  ld   $9a
              17f9 0035  ld   $35
              17fa 0056  ld   $56
              17fb fe00  bra  ac          ;+-----------------------------------+
              17fc fcfd  bra  $17fd       ;|                                   |
              17fd 1404  ld   $04,y       ;| Trampoline for page $1700 lookups |
              17fe e068  jmp  y,$68       ;|                                   |
              17ff c218  st   [$18]       ;+-----------------------------------+
              1800 00ba  ld   $ba
              1801 001a  ld   $1a
              1802 00aa  ld   $aa
              1803 0082  ld   $82
              1804 0008  ld   $08
              1805 0035  ld   $35
              1806 0072  ld   $72
              1807 00ba  ld   $ba
              1808 0075  ld   $75
              1809 0085  ld   $85
              180a 00ac  ld   $ac
              180b 0079  ld   $79
              180c 0063  ld   $63
              180d 00ff  ld   $ff
              180e 0071  ld   $71
              180f 0000  ld   $00
              1810 0032  ld   $32
              1811 0000  ld   $00
              1812 0077  ld   $77
              1813 0000  ld   $00
              1814 0033  ld   $33
              1815 0000  ld   $00
              1816 0065  ld   $65
              1817 0000  ld   $00
              1818 0072  ld   $72
              1819 0000  ld   $00
              181a 0035  ld   $35
              181b 0000  ld   $00
              181c 0074  ld   $74
              181d 0000  ld   $00
              181e 0036  ld   $36
              181f 0000  ld   $00
              1820 0079  ld   $79
              1821 0000  ld   $00
              1822 0037  ld   $37
              1823 0000  ld   $00
              1824 0075  ld   $75
              1825 0000  ld   $00
              1826 0069  ld   $69
              1827 0000  ld   $00
              1828 0039  ld   $39
              1829 0000  ld   $00
              182a 006f  ld   $6f
              182b 0000  ld   $00
              182c 0030  ld   $30
              182d 0000  ld   $00
              182e 0070  ld   $70
              182f 0000  ld   $00
              1830 007a  ld   $7a
              1831 0000  ld   $00
              1832 00ce  ld   $ce
              1833 0000  ld   $00
              1834 00cf  ld   $cf
              1835 0000  ld   $00
              1836 00d0  ld   $d0
              1837 0000  ld   $00
              1838 00d1  ld   $d1
              1839 0000  ld   $00
              183a 0000  ld   $00
              183b 0000  ld   $00
              183c 0013  ld   $13
              183d 0051  ld   $51
              183e 0020  ld   $20
              183f 0057  ld   $57
              1840 0020  ld   $20
              1841 0045  ld   $45
              1842 0020  ld   $20
              1843 0052  ld   $52
              1844 0020  ld   $20
              1845 0054  ld   $54
              1846 0020  ld   $20
              1847 0059  ld   $59
              1848 0020  ld   $20
              1849 0055  ld   $55
              184a 0020  ld   $20
              184b 0049  ld   $49
              184c 0020  ld   $20
              184d 004f  ld   $4f
              184e 0020  ld   $20
              184f 0050  ld   $50
              1850 0000  ld   $00
              1851 007d  ld   $7d
              1852 00a0  ld   $a0
              1853 0060  ld   $60
              1854 0059  ld   $59
              1855 0002  ld   $02
              1856 002b  ld   $2b
              1857 00a4  ld   $a4
              1858 001a  ld   $1a
              1859 00aa  ld   $aa
              185a 0082  ld   $82
              185b 00fb  ld   $fb
              185c 005e  ld   $5e
              185d 00aa  ld   $aa
              185e 00ff  ld   $ff
              185f 0012  ld   $12
              1860 0020  ld   $20
              1861 0032  ld   $32
              1862 0020  ld   $20
              1863 0033  ld   $33
              1864 0020  ld   $20
              1865 0020  ld   $20
              1866 0020  ld   $20
              1867 0035  ld   $35
              1868 0020  ld   $20
              1869 0036  ld   $36
              186a 0020  ld   $20
              186b 0037  ld   $37
              186c 0020  ld   $20
              186d 0020  ld   $20
              186e 0020  ld   $20
              186f 0039  ld   $39
              1870 0020  ld   $20
              1871 0030  ld   $30
              1872 0000  ld   $00
              1873 0008  ld   $08
              1874 0053  ld   $53
              1875 0061  ld   $61
              1876 0077  ld   $77
              1877 0074  ld   $74
              1878 006f  ld   $6f
              1879 006f  ld   $6f
              187a 0074  ld   $74
              187b 0068  ld   $68
              187c 0000  ld   $00
              187d 0008  ld   $08
              187e 0050  ld   $50
              187f 0075  ld   $75
              1880 006c  ld   $6c
              1881 0073  ld   $73
              1882 0065  ld   $65
              1883 0020  ld   $20
              1884 0020  ld   $20
              1885 0020  ld   $20
              1886 0000  ld   $00
              1887 0008  ld   $08
              1888 0054  ld   $54
              1889 0072  ld   $72
              188a 0069  ld   $69
              188b 0061  ld   $61
              188c 006e  ld   $6e
              188d 0067  ld   $67
              188e 006c  ld   $6c
              188f 0065  ld   $65
              1890 0000  ld   $00
              1891 0008  ld   $08
              1892 0053  ld   $53
              1893 0069  ld   $69
              1894 006e  ld   $6e
              1895 0075  ld   $75
              1896 0073  ld   $73
              1897 006f  ld   $6f
              1898 0069  ld   $69
              1899 0064  ld   $64
              189a 0000  ld   $00
              189b 0003  ld   $03
              189c 005a  ld   $5a
              189d 003a  ld   $3a
              189e 0020  ld   $20
              189f 0000  ld   $00
              18a0 0000  ld   $00
              18a1 0000  ld   $00
              * 22 times
              18b5 0000  ld   $00         ;End of audio/at67/Piano.gt1, size 2385
                                          ;+-----------------------------------+
                                          ;| ../build/mainmenu.gt1             |
                                          ;+-----------------------------------+
              18b6 dc50  st   $50,[y,x++] ;'P'
              18b7 dc69  st   $69,[y,x++] ;'i'
              18b8 dc61  st   $61,[y,x++] ;'a'
              18b9 dc6e  st   $6e,[y,x++] ;'n'
              18ba dc6f  st   $6f,[y,x++] ;'o'
              18bb dc00  st   $00,[y,x++] ;'\x00'
              18bc dc00  st   $00,[y,x++] ;'\x00'
              18bd dc00  st   $00,[y,x++] ;'\x00'
              18be 0065  ld   $65
              18bf c218  st   [$18]
              18c0 000f  ld   $0f
              18c1 1424  ld   $24,y
              18c2 e019  jmp  y,$19
              18c3 c219  st   [$19]
Main:         18c4 0000  ld   $00
              18c5 007e  ld   $7e
              18c6 0002  ld   $02
              18c7 0001  ld   $01
              18c8 0001  ld   $01
              18c9 0002  ld   $02
              18ca 0000  ld   $00
              18cb 00f9  ld   $f9
              18cc 0011  ld   $11
              18cd 0020  ld   $20
              18ce 000f  ld   $0f
              18cf 002b  ld   $2b
              18d0 00a2  ld   $a2
              18d1 001a  ld   $1a
              18d2 0021  ld   $21
              18d3 0088  ld   $88
              18d4 0003  ld   $03
              18d5 005e  ld   $5e
              18d6 0021  ld   $21
              18d7 0059  ld   $59
              18d8 0002  ld   $02
              18d9 002b  ld   $2b
              18da 00aa  ld   $aa
              18db 0059  ld   $59
              18dc 0000  ld   $00
              18dd 002b  ld   $2b
              18de 00a6  ld   $a6
              18df 001a  ld   $1a
              18e0 000e  ld   $0e
              18e1 002b  ld   $2b
              18e2 00d6  ld   $d6
              18e3 0085  ld   $85
              18e4 00a1  ld   $a1
              18e5 007d  ld   $7d
              18e6 0059  ld   $59
              18e7 0000  ld   $00
              18e8 002b  ld   $2b
              18e9 0030  ld   $30
              18ea 002b  ld   $2b
              18eb 0032  ld   $32
              18ec 0011  ld   $11
              18ed 00ff  ld   $ff
              18ee 00ff  ld   $ff
              18ef 002b  ld   $2b
              18f0 0034  ld   $34
              18f1 0059  ld   $59
              18f2 0000  ld   $00
              18f3 002b  ld   $2b
              18f4 0036  ld   $36
              18f5 001a  ld   $1a
              18f6 00aa  ld   $aa
              18f7 0082  ld   $82
              18f8 00fd  ld   $fd
              18f9 005e  ld   $5e
              18fa 00aa  ld   $aa
              18fb fe00  bra  ac          ;+-----------------------------------+
              18fc fcfd  bra  $18fd       ;|                                   |
              18fd 1404  ld   $04,y       ;| Trampoline for page $1800 lookups |
              18fe e068  jmp  y,$68       ;|                                   |
              18ff c218  st   [$18]       ;+-----------------------------------+
              1900 001a  ld   $1a
              1901 00aa  ld   $aa
              1902 0082  ld   $82
              1903 00f7  ld   $f7
              1904 005e  ld   $5e
              1905 00aa  ld   $aa
              1906 0059  ld   $59
              1907 0000  ld   $00
              1908 005e  ld   $5e
              1909 00a2  ld   $a2
              190a 0059  ld   $59
              190b 0002  ld   $02
              190c 002b  ld   $2b
              190d 0082  ld   $82
              190e 0085  ld   $85
              190f 00c0  ld   $c0
              1910 0072  ld   $72
              1911 0085  ld   $85
              1912 00cd  ld   $cd
              1913 0074  ld   $74
              1914 0059  ld   $59
              1915 0000  ld   $00
              1916 002b  ld   $2b
              1917 0038  ld   $38
              1918 0011  ld   $11
              1919 00f2  ld   $f2
              191a 007f  ld   $7f
              191b 0099  ld   $99
              191c 0038  ld   $38
              191d 00ad  ld   $ad
              191e 005e  ld   $5e
              191f 00a3  ld   $a3
              1920 0011  ld   $11
              1921 00f8  ld   $f8
              1922 007f  ld   $7f
              1923 0099  ld   $99
              1924 0038  ld   $38
              1925 00ad  ld   $ad
              1926 005e  ld   $5e
              1927 00a4  ld   $a4
              1928 0011  ld   $11
              1929 00f3  ld   $f3
              192a 007f  ld   $7f
              192b 0099  ld   $99
              192c 0038  ld   $38
              192d 00ad  ld   $ad
              192e 005e  ld   $5e
              192f 00a5  ld   $a5
              1930 0085  ld   $85
              1931 00a3  ld   $a3
              1932 0079  ld   $79
              1933 0011  ld   $11
              1934 00f6  ld   $f6
              1935 007f  ld   $7f
              1936 0099  ld   $99
              1937 0038  ld   $38
              1938 0099  ld   $99
              1939 0038  ld   $38
              193a 00f6  ld   $f6
              193b 0085  ld   $85
              193c 00a7  ld   $a7
              193d 0073  ld   $73
              193e 0085  ld   $85
              193f 00ac  ld   $ac
              1940 007d  ld   $7d
              1941 0021  ld   $21
              1942 0038  ld   $38
              1943 00e3  ld   $e3
              1944 0001  ld   $01
              1945 002b  ld   $2b
              1946 0038  ld   $38
              1947 00e6  ld   $e6
              1948 0000  ld   $00
              1949 0035  ld   $35
              194a 004d  ld   $4d
              194b 007c  ld   $7c
              194c 0085  ld   $85
              194d 0047  ld   $47
              194e 0002  ld   $02
              194f 0059  ld   $59
              1950 0003  ld   $03
              1951 005e  ld   $5e
              1952 0087  ld   $87
              1953 0011  ld   $11
              1954 00a0  ld   $a0
              1955 0075  ld   $75
              1956 002b  ld   $2b
              1957 0092  ld   $92
              1958 0085  ld   $85
              1959 00a0  ld   $a0
              195a 007f  ld   $7f
              195b 0085  ld   $85
              195c 00b9  ld   $b9
              195d 007a  ld   $7a
              195e 0085  ld   $85
              195f 00e7  ld   $e7
              1960 000a  ld   $0a
              1961 0085  ld   $85
              1962 00cb  ld   $cb
              1963 0002  ld   $02
              1964 001a  ld   $1a
              1965 0011  ld   $11
              1966 002b  ld   $2b
              1967 009a  ld   $9a
              1968 0059  ld   $59
              1969 0000  ld   $00
              196a 002b  ld   $2b
              196b 009c  ld   $9c
              196c 0085  ld   $85
              196d 00cd  ld   $cd
              196e 0075  ld   $75
              196f 0021  ld   $21
              1970 0036  ld   $36
              1971 00fc  ld   $fc
              1972 0034  ld   $34
              1973 0085  ld   $85
              1974 00ae  ld   $ae
              1975 0072  ld   $72
              1976 0035  ld   $35
              1977 0072  ld   $72
              1978 00a9  ld   $a9
              1979 0085  ld   $85
              197a 00c5  ld   $c5
              197b 0002  ld   $02
              197c 0021  ld   $21
              197d 0034  ld   $34
              197e 002b  ld   $2b
              197f 00c4  ld   $c4
              1980 0059  ld   $59
              1981 0000  ld   $00
              1982 002b  ld   $2b
              1983 00c6  ld   $c6
              1984 0085  ld   $85
              1985 00ee  ld   $ee
              1986 0008  ld   $08
              1987 0021  ld   $21
              1988 0036  ld   $36
              1989 002b  ld   $2b
              198a 00c4  ld   $c4
              198b 0059  ld   $59
              198c 0001  ld   $01
              198d 002b  ld   $2b
              198e 00c6  ld   $c6
              198f 0085  ld   $85
              1990 00ee  ld   $ee
              1991 0008  ld   $08
              1992 0021  ld   $21
              1993 0036  ld   $36
              1994 002b  ld   $2b
              1995 0034  ld   $34
              1996 0085  ld   $85
              1997 007f  ld   $7f
              1998 0003  ld   $03
              1999 0085  ld   $85
              199a 0093  ld   $93
              199b 0002  ld   $02
              199c 0075  ld   $75
              199d 0059  ld   $59
              199e 0000  ld   $00
              199f 002b  ld   $2b
              19a0 00c4  ld   $c4
              19a1 0021  ld   $21
              19a2 00c4  ld   $c4
              19a3 002b  ld   $2b
              19a4 00c4  ld   $c4
              19a5 0085  ld   $85
              19a6 00e5  ld   $e5
              19a7 0002  ld   $02
              19a8 0093  ld   $93
              19a9 00c4  ld   $c4
              19aa 001a  ld   $1a
              19ab 00c4  ld   $c4
              19ac 00e6  ld   $e6
              19ad 003f  ld   $3f
              19ae 0035  ld   $35
              19af 004d  ld   $4d
              19b0 00e1  ld   $e1
              19b1 0085  ld   $85
              19b2 00d0  ld   $d0
              19b3 0002  ld   $02
              19b4 0063  ld   $63
              19b5 00ff  ld   $ff
              19b6 0075  ld   $75
              19b7 0085  ld   $85
              19b8 00dd  ld   $dd
              19b9 0071  ld   $71
              19ba 0082  ld   $82
              19bb 003f  ld   $3f
              19bc 00e6  ld   $e6
              19bd 0020  ld   $20
              19be 002b  ld   $2b
              19bf 009c  ld   $9c
              19c0 0021  ld   $21
              19c1 00c4  ld   $c4
              19c2 002b  ld   $2b
              19c3 0096  ld   $96
              19c4 0011  ld   $11
              19c5 0080  ld   $80
              19c6 0006  ld   $06
              19c7 0085  ld   $85
              19c8 0000  ld   $00
              19c9 0003  ld   $03
              19ca 0003  ld   $03
              19cb 0000  ld   $00
              19cc 00f6  ld   $f6
              19cd 0099  ld   $99
              19ce 0096  ld   $96
              19cf 0099  ld   $99
              19d0 0096  ld   $96
              19d1 002b  ld   $2b
              19d2 009e  ld   $9e
              19d3 0021  ld   $21
              19d4 009c  ld   $9c
              19d5 0093  ld   $93
              19d6 009e  ld   $9e
              19d7 00f0  ld   $f0
              19d8 009e  ld   $9e
              19d9 0059  ld   $59
              19da 003b  ld   $3b
              19db 002b  ld   $2b
              19dc 009c  ld   $9c
              19dd 0021  ld   $21
              19de 00c4  ld   $c4
              19df 002b  ld   $2b
              19e0 0096  ld   $96
              19e1 0011  ld   $11
              19e2 0000  ld   $00
              19e3 0006  ld   $06
              19e4 0099  ld   $99
              19e5 0096  ld   $96
              19e6 0099  ld   $99
              19e7 0096  ld   $96
              19e8 002b  ld   $2b
              19e9 009e  ld   $9e
              19ea 0021  ld   $21
              19eb 009c  ld   $9c
              19ec 0093  ld   $93
              19ed 009e  ld   $9e
              19ee 00f0  ld   $f0
              19ef 009e  ld   $9e
              19f0 0085  ld   $85
              19f1 00dd  ld   $dd
              19f2 0071  ld   $71
              19f3 002b  ld   $2b
              19f4 00e8  ld   $e8
              19f5 0011  ld   $11
              19f6 00ff  ld   $ff
              19f7 0001  ld   $01
              19f8 00f8  ld   $f8
              19f9 00e8  ld   $e8
              19fa 002b  ld   $2b
              19fb fe00  bra  ac          ;+-----------------------------------+
              19fc fcfd  bra  $19fd       ;|                                   |
              19fd 1404  ld   $04,y       ;| Trampoline for page $1900 lookups |
              19fe e068  jmp  y,$68       ;|                                   |
              19ff c218  st   [$18]       ;+-----------------------------------+
              1a00 00e8  ld   $e8
              1a01 0011  ld   $11
              1a02 0000  ld   $00
              1a03 00ff  ld   $ff
              1a04 0099  ld   $99
              1a05 00e8  ld   $e8
              1a06 002b  ld   $2b
              1a07 009c  ld   $9c
              1a08 0011  ld   $11
              1a09 0080  ld   $80
              1a0a 0005  ld   $05
              1a0b 0099  ld   $99
              1a0c 00c4  ld   $c4
              1a0d 0099  ld   $99
              1a0e 00c4  ld   $c4
              1a0f 002b  ld   $2b
              1a10 009e  ld   $9e
              1a11 0021  ld   $21
              1a12 009c  ld   $9c
              1a13 00f3  ld   $f3
              1a14 009e  ld   $9e
              1a15 0085  ld   $85
              1a16 00dd  ld   $dd
              1a17 0071  ld   $71
              1a18 002b  ld   $2b
              1a19 00e8  ld   $e8
              1a1a 0011  ld   $11
              1a1b 00ff  ld   $ff
              1a1c 0001  ld   $01
              1a1d 00f8  ld   $f8
              1a1e 00e8  ld   $e8
              1a1f 002b  ld   $2b
              1a20 00e8  ld   $e8
              1a21 0011  ld   $11
              1a22 0000  ld   $00
              1a23 0001  ld   $01
              1a24 0099  ld   $99
              1a25 00e8  ld   $e8
              1a26 002b  ld   $2b
              1a27 00e8  ld   $e8
              1a28 0059  ld   $59
              1a29 0000  ld   $00
              1a2a 00b8  ld   $b8
              1a2b 00e8  ld   $e8
              1a2c 002b  ld   $2b
              1a2d 009c  ld   $9c
              1a2e 0011  ld   $11
              1a2f 0000  ld   $00
              1a30 0005  ld   $05
              1a31 0099  ld   $99
              1a32 00c4  ld   $c4
              1a33 0099  ld   $99
              1a34 00c4  ld   $c4
              1a35 002b  ld   $2b
              1a36 009e  ld   $9e
              1a37 0021  ld   $21
              1a38 009c  ld   $9c
              1a39 00f3  ld   $f3
              1a3a 009e  ld   $9e
              1a3b 0085  ld   $85
              1a3c 00dd  ld   $dd
              1a3d 0071  ld   $71
              1a3e 0082  ld   $82
              1a3f 001f  ld   $1f
              1a40 00e3  ld   $e3
              1a41 0028  ld   $28
              1a42 002b  ld   $2b
              1a43 009c  ld   $9c
              1a44 0011  ld   $11
              1a45 00b2  ld   $b2
              1a46 007f  ld   $7f
              1a47 0099  ld   $99
              1a48 00c4  ld   $c4
              1a49 002b  ld   $2b
              1a4a 009e  ld   $9e
              1a4b 0021  ld   $21
              1a4c 009c  ld   $9c
              1a4d 00f0  ld   $f0
              1a4e 009e  ld   $9e
              1a4f 0063  ld   $63
              1a50 00ff  ld   $ff
              1a51 0075  ld   $75
              1a52 0059  ld   $59
              1a53 0000  ld   $00
              1a54 002b  ld   $2b
              1a55 00c4  ld   $c4
              1a56 0011  ld   $11
              1a57 00b2  ld   $b2
              1a58 007f  ld   $7f
              1a59 0099  ld   $99
              1a5a 00c4  ld   $c4
              1a5b 00ad  ld   $ad
              1a5c 002b  ld   $2b
              1a5d 00cc  ld   $cc
              1a5e 0021  ld   $21
              1a5f 00cc  ld   $cc
              1a60 0085  ld   $85
              1a61 00ed  ld   $ed
              1a62 0071  ld   $71
              1a63 0035  ld   $35
              1a64 0072  ld   $72
              1a65 0095  ld   $95
              1a66 0085  ld   $85
              1a67 00ac  ld   $ac
              1a68 0004  ld   $04
              1a69 0011  ld   $11
              1a6a 0080  ld   $80
              1a6b 0006  ld   $06
              1a6c 0099  ld   $99
              1a6d 00c4  ld   $c4
              1a6e 0099  ld   $99
              1a6f 00c4  ld   $c4
              1a70 00f6  ld   $f6
              1a71 002b  ld   $2b
              1a72 00c6  ld   $c6
              1a73 0011  ld   $11
              1a74 0000  ld   $00
              1a75 0006  ld   $06
              1a76 0099  ld   $99
              1a77 00c4  ld   $c4
              1a78 0099  ld   $99
              1a79 00c4  ld   $c4
              1a7a 00f6  ld   $f6
              1a7b 002b  ld   $2b
              1a7c 00c8  ld   $c8
              1a7d 0011  ld   $11
              1a7e 0000  ld   $00
              1a7f 0005  ld   $05
              1a80 0099  ld   $99
              1a81 00c4  ld   $c4
              1a82 0099  ld   $99
              1a83 00c4  ld   $c4
              1a84 00f6  ld   $f6
              1a85 002b  ld   $2b
              1a86 00ca  ld   $ca
              1a87 001a  ld   $1a
              1a88 00c7  ld   $c7
              1a89 00e3  ld   $e3
              1a8a 0050  ld   $50
              1a8b 005e  ld   $5e
              1a8c 00ce  ld   $ce
              1a8d 001a  ld   $1a
              1a8e 00c9  ld   $c9
              1a8f 00e3  ld   $e3
              1a90 0044  ld   $44
              1a91 005e  ld   $5e
              1a92 00cf  ld   $cf
              1a93 0021  ld   $21
              1a94 00ce  ld   $ce
              1a95 00ad  ld   $ad
              1a96 0082  ld   $82
              1a97 0080  ld   $80
              1a98 0035  ld   $35
              1a99 0072  ld   $72
              1a9a 00ca  ld   $ca
              1a9b 0085  ld   $85
              1a9c 00d0  ld   $d0
              1a9d 0003  ld   $03
              1a9e 001a  ld   $1a
              1a9f 00a2  ld   $a2
              1aa0 00f0  ld   $f0
              1aa1 00ce  ld   $ce
              1aa2 0011  ld   $11
              1aa3 0080  ld   $80
              1aa4 0005  ld   $05
              1aa5 0099  ld   $99
              1aa6 00c4  ld   $c4
              1aa7 0099  ld   $99
              1aa8 00c4  ld   $c4
              1aa9 00f6  ld   $f6
              1aaa 0099  ld   $99
              1aab 00c6  ld   $c6
              1aac 002b  ld   $2b
              1aad 00c6  ld   $c6
              1aae 0021  ld   $21
              1aaf 00c8  ld   $c8
              1ab0 0099  ld   $99
              1ab1 00ca  ld   $ca
              1ab2 002b  ld   $2b
              1ab3 00c8  ld   $c8
              1ab4 0021  ld   $21
              1ab5 00ca  ld   $ca
              1ab6 00e3  ld   $e3
              1ab7 0008  ld   $08
              1ab8 002b  ld   $2b
              1ab9 00ca  ld   $ca
              1aba 0021  ld   $21
              1abb 00cc  ld   $cc
              1abc 00e6  ld   $e6
              1abd 0001  ld   $01
              1abe 002b  ld   $2b
              1abf 00cc  ld   $cc
              1ac0 0021  ld   $21
              1ac1 00cc  ld   $cc
              1ac2 0085  ld   $85
              1ac3 00b7  ld   $b7
              1ac4 0072  ld   $72
              1ac5 0085  ld   $85
              1ac6 0000  ld   $00
              1ac7 0004  ld   $04
              1ac8 0004  ld   $04
              1ac9 0000  ld   $00
              1aca 00fa  ld   $fa
              1acb 0035  ld   $35
              1acc 0072  ld   $72
              1acd 0004  ld   $04
              1ace 0085  ld   $85
              1acf 0010  ld   $10
              1ad0 0004  ld   $04
              1ad1 0021  ld   $21
              1ad2 00c4  ld   $c4
              1ad3 002b  ld   $2b
              1ad4 00c4  ld   $c4
              1ad5 0085  ld   $85
              1ad6 00e5  ld   $e5
              1ad7 0002  ld   $02
              1ad8 0085  ld   $85
              1ad9 00ac  ld   $ac
              1ada 0004  ld   $04
              1adb 0021  ld   $21
              1adc 00c8  ld   $c8
              1add 0085  ld   $85
              1ade 00a4  ld   $a4
              1adf 007c  ld   $7c
              1ae0 002b  ld   $2b
              1ae1 00e8  ld   $e8
              1ae2 0011  ld   $11
              1ae3 0000  ld   $00
              1ae4 003b  ld   $3b
              1ae5 00b8  ld   $b8
              1ae6 00e8  ld   $e8
              1ae7 0085  ld   $85
              1ae8 00f6  ld   $f6
              1ae9 0071  ld   $71
              1aea 0035  ld   $35
              1aeb 0072  ld   $72
              1aec 0023  ld   $23
              1aed 0085  ld   $85
              1aee 002f  ld   $2f
              1aef 0004  ld   $04
              1af0 0021  ld   $21
              1af1 00c4  ld   $c4
              1af2 002b  ld   $2b
              1af3 00c4  ld   $c4
              1af4 0085  ld   $85
              1af5 00e5  ld   $e5
              1af6 0002  ld   $02
              1af7 0085  ld   $85
              1af8 00ac  ld   $ac
              1af9 0004  ld   $04
              1afa 0021  ld   $21
              1afb fe00  bra  ac          ;+-----------------------------------+
              1afc fcfd  bra  $1afd       ;|                                   |
              1afd 1404  ld   $04,y       ;| Trampoline for page $1a00 lookups |
              1afe e068  jmp  y,$68       ;|                                   |
              1aff c218  st   [$18]       ;+-----------------------------------+
              1b00 00c6  ld   $c6
              1b01 0085  ld   $85
              1b02 00a4  ld   $a4
              1b03 007c  ld   $7c
              1b04 002b  ld   $2b
              1b05 00e8  ld   $e8
              1b06 0011  ld   $11
              1b07 0000  ld   $00
              1b08 004f  ld   $4f
              1b09 00b8  ld   $b8
              1b0a 00e8  ld   $e8
              1b0b 0085  ld   $85
              1b0c 00f6  ld   $f6
              1b0d 0071  ld   $71
              1b0e 0035  ld   $35
              1b0f 0072  ld   $72
              1b10 0042  ld   $42
              1b11 0085  ld   $85
              1b12 004e  ld   $4e
              1b13 0004  ld   $04
              1b14 0021  ld   $21
              1b15 00c4  ld   $c4
              1b16 002b  ld   $2b
              1b17 00c4  ld   $c4
              1b18 0085  ld   $85
              1b19 00e5  ld   $e5
              1b1a 0002  ld   $02
              1b1b 0085  ld   $85
              1b1c 00ac  ld   $ac
              1b1d 0004  ld   $04
              1b1e 001a  ld   $1a
              1b1f 00c7  ld   $c7
              1b20 00e3  ld   $e3
              1b21 0050  ld   $50
              1b22 005e  ld   $5e
              1b23 00ce  ld   $ce
              1b24 001a  ld   $1a
              1b25 00c9  ld   $c9
              1b26 00e3  ld   $e3
              1b27 0044  ld   $44
              1b28 005e  ld   $5e
              1b29 00cf  ld   $cf
              1b2a 0021  ld   $21
              1b2b 00ce  ld   $ce
              1b2c 00ad  ld   $ad
              1b2d 002b  ld   $2b
              1b2e 00e8  ld   $e8
              1b2f 001a  ld   $1a
              1b30 00a2  ld   $a2
              1b31 00fc  ld   $fc
              1b32 00e8  ld   $e8
              1b33 0085  ld   $85
              1b34 00b7  ld   $b7
              1b35 0072  ld   $72
              1b36 0035  ld   $35
              1b37 0072  ld   $72
              1b38 006a  ld   $6a
              1b39 0085  ld   $85
              1b3a 007a  ld   $7a
              1b3b 0004  ld   $04
              1b3c 0021  ld   $21
              1b3d 00cc  ld   $cc
              1b3e 0082  ld   $82
              1b3f 003f  ld   $3f
              1b40 002b  ld   $2b
              1b41 0096  ld   $96
              1b42 0011  ld   $11
              1b43 00c0  ld   $c0
              1b44 007e  ld   $7e
              1b45 0099  ld   $99
              1b46 0096  ld   $96
              1b47 00ad  ld   $ad
              1b48 00f0  ld   $f0
              1b49 00ce  ld   $ce
              1b4a 0011  ld   $11
              1b4b 0080  ld   $80
              1b4c 0006  ld   $06
              1b4d 0099  ld   $99
              1b4e 00c4  ld   $c4
              1b4f 0099  ld   $99
              1b50 00c4  ld   $c4
              1b51 002b  ld   $2b
              1b52 009e  ld   $9e
              1b53 0021  ld   $21
              1b54 00c6  ld   $c6
              1b55 00f3  ld   $f3
              1b56 009e  ld   $9e
              1b57 0011  ld   $11
              1b58 0000  ld   $00
              1b59 0006  ld   $06
              1b5a 0099  ld   $99
              1b5b 00c4  ld   $c4
              1b5c 0099  ld   $99
              1b5d 00c4  ld   $c4
              1b5e 002b  ld   $2b
              1b5f 009e  ld   $9e
              1b60 0021  ld   $21
              1b61 00c8  ld   $c8
              1b62 00f3  ld   $f3
              1b63 009e  ld   $9e
              1b64 0011  ld   $11
              1b65 0000  ld   $00
              1b66 0005  ld   $05
              1b67 0099  ld   $99
              1b68 00c4  ld   $c4
              1b69 0099  ld   $99
              1b6a 00c4  ld   $c4
              1b6b 002b  ld   $2b
              1b6c 009e  ld   $9e
              1b6d 0021  ld   $21
              1b6e 00ca  ld   $ca
              1b6f 00f3  ld   $f3
              1b70 009e  ld   $9e
              1b71 0011  ld   $11
              1b72 00b2  ld   $b2
              1b73 007f  ld   $7f
              1b74 0099  ld   $99
              1b75 00c4  ld   $c4
              1b76 002b  ld   $2b
              1b77 009e  ld   $9e
              1b78 0021  ld   $21
              1b79 00cc  ld   $cc
              1b7a 00f0  ld   $f0
              1b7b 009e  ld   $9e
              1b7c 0093  ld   $93
              1b7d 00c4  ld   $c4
              1b7e 001a  ld   $1a
              1b7f 00c4  ld   $c4
              1b80 00e6  ld   $e6
              1b81 003f  ld   $3f
              1b82 0035  ld   $35
              1b83 004d  ld   $4d
              1b84 00b6  ld   $b6
              1b85 0085  ld   $85
              1b86 0084  ld   $84
              1b87 0003  ld   $03
              1b88 0063  ld   $63
              1b89 00ff  ld   $ff
              1b8a 0075  ld   $75
              1b8b 0085  ld   $85
              1b8c 00cd  ld   $cd
              1b8d 0074  ld   $74
              1b8e 001a  ld   $1a
              1b8f 0034  ld   $34
              1b90 002b  ld   $2b
              1b91 0096  ld   $96
              1b92 0011  ld   $11
              1b93 00f4  ld   $f4
              1b94 007f  ld   $7f
              1b95 0099  ld   $99
              1b96 0096  ld   $96
              1b97 0099  ld   $99
              1b98 0096  ld   $96
              1b99 00f6  ld   $f6
              1b9a 002b  ld   $2b
              1b9b 0024  ld   $24
              1b9c 0011  ld   $11
              1b9d 0000  ld   $00
              1b9e 0002  ld   $02
              1b9f 0085  ld   $85
              1ba0 00e5  ld   $e5
              1ba1 0071  ld   $71
              1ba2 0063  ld   $63
              1ba3 00ff  ld   $ff
              1ba4 0075  ld   $75
              1ba5 0085  ld   $85
              1ba6 00f1  ld   $f1
              1ba7 000a  ld   $0a
              1ba8 0085  ld   $85
              1ba9 00ba  ld   $ba
              1baa 0004  ld   $04
              1bab 0063  ld   $63
              1bac 00ff  ld   $ff
              1bad 0075  ld   $75
              1bae 0093  ld   $93
              1baf 0030  ld   $30
              1bb0 0021  ld   $21
              1bb1 0030  ld   $30
              1bb2 008c  ld   $8c
              1bb3 0001  ld   $01
              1bb4 0085  ld   $85
              1bb5 00b7  ld   $b7
              1bb6 0072  ld   $72
              1bb7 0035  ld   $35
              1bb8 0072  ld   $72
              1bb9 00eb  ld   $eb
              1bba 0085  ld   $85
              1bbb 00f1  ld   $f1
              1bbc 0004  ld   $04
              1bbd 0059  ld   $59
              1bbe 0000  ld   $00
              1bbf 002b  ld   $2b
              1bc0 0030  ld   $30
              1bc1 0085  ld   $85
              1bc2 00f1  ld   $f1
              1bc3 000a  ld   $0a
              1bc4 0063  ld   $63
              1bc5 00ff  ld   $ff
              1bc6 0075  ld   $75
              1bc7 0085  ld   $85
              1bc8 00a0  ld   $a0
              1bc9 0008  ld   $08
              1bca 0005  ld   $05
              1bcb 0000  ld   $00
              1bcc 0000  ld   $00
              1bcd 0000  ld   $00
              * 48 times
              1bfb fe00  bra  ac          ;+-----------------------------------+
              1bfc fcfd  bra  $1bfd       ;|                                   |
              1bfd 1404  ld   $04,y       ;| Trampoline for page $1b00 lookups |
              1bfe e068  jmp  y,$68       ;|                                   |
              1bff c218  st   [$18]       ;+-----------------------------------+
              1c00 0000  ld   $00
              1c01 0000  ld   $00
              1c02 0000  ld   $00
              * 210 times
              1cd2 0006  ld   $06
              1cd3 0000  ld   $00
              1cd4 0000  ld   $00
              1cd5 0000  ld   $00
              * 40 times
              1cfb fe00  bra  ac          ;+-----------------------------------+
              1cfc fcfd  bra  $1cfd       ;|                                   |
              1cfd 1404  ld   $04,y       ;| Trampoline for page $1c00 lookups |
              1cfe e068  jmp  y,$68       ;|                                   |
              1cff c218  st   [$18]       ;+-----------------------------------+
              1d00 0000  ld   $00
              1d01 0000  ld   $00
              1d02 0000  ld   $00
              * 218 times
              1dda 0008  ld   $08
              1ddb 00a0  ld   $a0
              1ddc 005f  ld   $5f
              1ddd 0021  ld   $21
              1dde 0030  ld   $30
              1ddf 00e6  ld   $e6
              1de0 0001  ld   $01
              1de1 002b  ld   $2b
              1de2 0030  ld   $30
              1de3 0021  ld   $21
              1de4 0030  ld   $30
              1de5 0085  ld   $85
              1de6 00f6  ld   $f6
              1de7 0071  ld   $71
              1de8 0035  ld   $35
              1de9 0072  ld   $72
              1dea 00af  ld   $af
              1deb 0085  ld   $85
              1dec 00b5  ld   $b5
              1ded 0008  ld   $08
              1dee 0059  ld   $59
              1def 0000  ld   $00
              1df0 002b  ld   $2b
              1df1 0030  ld   $30
              1df2 0085  ld   $85
              1df3 00f1  ld   $f1
              1df4 000a  ld   $0a
              1df5 0063  ld   $63
              1df6 00ff  ld   $ff
              1df7 0075  ld   $75
              1df8 0093  ld   $93
              1df9 0032  ld   $32
              1dfa 0021  ld   $21
              1dfb fe00  bra  ac          ;+-----------------------------------+
              1dfc fcfd  bra  $1dfd       ;|                                   |
              1dfd 1404  ld   $04,y       ;| Trampoline for page $1d00 lookups |
              1dfe e068  jmp  y,$68       ;|                                   |
              1dff c218  st   [$18]       ;+-----------------------------------+
              1e00 0032  ld   $32
              1e01 008c  ld   $8c
              1e02 0001  ld   $01
              1e03 0085  ld   $85
              1e04 00b7  ld   $b7
              1e05 0072  ld   $72
              1e06 0035  ld   $35
              1e07 0072  ld   $72
              1e08 00c8  ld   $c8
              1e09 0085  ld   $85
              1e0a 00ce  ld   $ce
              1e0b 0008  ld   $08
              1e0c 0059  ld   $59
              1e0d 0000  ld   $00
              1e0e 002b  ld   $2b
              1e0f 0032  ld   $32
              1e10 0085  ld   $85
              1e11 00f1  ld   $f1
              1e12 000a  ld   $0a
              1e13 0063  ld   $63
              1e14 00ff  ld   $ff
              1e15 0075  ld   $75
              1e16 0021  ld   $21
              1e17 0032  ld   $32
              1e18 00e6  ld   $e6
              1e19 0001  ld   $01
              1e1a 002b  ld   $2b
              1e1b 0032  ld   $32
              1e1c 0021  ld   $21
              1e1d 0032  ld   $32
              1e1e 0085  ld   $85
              1e1f 00f6  ld   $f6
              1e20 0071  ld   $71
              1e21 0035  ld   $35
              1e22 0072  ld   $72
              1e23 00e3  ld   $e3
              1e24 0085  ld   $85
              1e25 00e9  ld   $e9
              1e26 0008  ld   $08
              1e27 0059  ld   $59
              1e28 0000  ld   $00
              1e29 002b  ld   $2b
              1e2a 0032  ld   $32
              1e2b 0085  ld   $85
              1e2c 00f1  ld   $f1
              1e2d 000a  ld   $0a
              1e2e 0063  ld   $63
              1e2f 00ff  ld   $ff
              1e30 0075  ld   $75
              1e31 0011  ld   $11
              1e32 00ff  ld   $ff
              1e33 00ff  ld   $ff
              1e34 00fc  ld   $fc
              1e35 00c4  ld   $c4
              1e36 0035  ld   $35
              1e37 0072  ld   $72
              1e38 00f7  ld   $f7
              1e39 0063  ld   $63
              1e3a 00ff  ld   $ff
              1e3b 0011  ld   $11
              1e3c 00f8  ld   $f8
              1e3d 007f  ld   $7f
              1e3e 0085  ld   $85
              1e3f 00a0  ld   $a0
              1e40 0009  ld   $09
              1e41 0009  ld   $09
              1e42 00a0  ld   $a0
              1e43 005f  ld   $5f
              1e44 0099  ld   $99
              1e45 00c4  ld   $c4
              1e46 00ad  ld   $ad
              1e47 002b  ld   $2b
              1e48 00c8  ld   $c8
              1e49 0011  ld   $11
              1e4a 00f3  ld   $f3
              1e4b 007f  ld   $7f
              1e4c 0099  ld   $99
              1e4d 00c4  ld   $c4
              1e4e 00ad  ld   $ad
              1e4f 002b  ld   $2b
              1e50 00ca  ld   $ca
              1e51 0011  ld   $11
              1e52 00f6  ld   $f6
              1e53 007f  ld   $7f
              1e54 0099  ld   $99
              1e55 00c4  ld   $c4
              1e56 0099  ld   $99
              1e57 00c4  ld   $c4
              1e58 00f6  ld   $f6
              1e59 00ad  ld   $ad
              1e5a 002b  ld   $2b
              1e5b 00cc  ld   $cc
              1e5c 0021  ld   $21
              1e5d 00cc  ld   $cc
              1e5e 00e9  ld   $e9
              1e5f 00e9  ld   $e9
              1e60 0099  ld   $99
              1e61 00cc  ld   $cc
              1e62 0099  ld   $99
              1e63 00cc  ld   $cc
              1e64 002b  ld   $2b
              1e65 00cc  ld   $cc
              1e66 0021  ld   $21
              1e67 00c6  ld   $c6
              1e68 0035  ld   $35
              1e69 0072  ld   $72
              1e6a 00c8  ld   $c8
              1e6b 0085  ld   $85
              1e6c 00d1  ld   $d1
              1e6d 0009  ld   $09
              1e6e 0059  ld   $59
              1e6f 004f  ld   $4f
              1e70 005e  ld   $5e
              1e71 00a3  ld   $a3
              1e72 0085  ld   $85
              1e73 00d5  ld   $d5
              1e74 0009  ld   $09
              1e75 001a  ld   $1a
              1e76 00a2  ld   $a2
              1e77 005e  ld   $5e
              1e78 00a3  ld   $a3
              1e79 0021  ld   $21
              1e7a 00c8  ld   $c8
              1e7b 00e6  ld   $e6
              1e7c 0001  ld   $01
              1e7d 002b  ld   $2b
              1e7e 0082  ld   $82
              1e7f 0021  ld   $21
              1e80 00ca  ld   $ca
              1e81 00e6  ld   $e6
              1e82 0001  ld   $01
              1e83 002b  ld   $2b
              1e84 0084  ld   $84
              1e85 0021  ld   $21
              1e86 00c8  ld   $c8
              1e87 0099  ld   $99
              1e88 00cc  ld   $cc
              1e89 002b  ld   $2b
              1e8a 0086  ld   $86
              1e8b 0021  ld   $21
              1e8c 00ca  ld   $ca
              1e8d 00e6  ld   $e6
              1e8e 0001  ld   $01
              1e8f 002b  ld   $2b
              1e90 0088  ld   $88
              1e91 0085  ld   $85
              1e92 00ae  ld   $ae
              1e93 007c  ld   $7c
              1e94 0021  ld   $21
              1e95 00c8  ld   $c8
              1e96 00e6  ld   $e6
              1e97 0001  ld   $01
              1e98 002b  ld   $2b
              1e99 0082  ld   $82
              1e9a 0021  ld   $21
              1e9b 00ca  ld   $ca
              1e9c 00e3  ld   $e3
              1e9d 0008  ld   $08
              1e9e 002b  ld   $2b
              1e9f 0084  ld   $84
              1ea0 0085  ld   $85
              1ea1 00a0  ld   $a0
              1ea2 000a  ld   $0a
              1ea3 000a  ld   $0a
              1ea4 00a0  ld   $a0
              1ea5 005f  ld   $5f
              1ea6 0021  ld   $21
              1ea7 00c8  ld   $c8
              1ea8 0099  ld   $99
              1ea9 00cc  ld   $cc
              1eaa 002b  ld   $2b
              1eab 0086  ld   $86
              1eac 0021  ld   $21
              1ead 00ca  ld   $ca
              1eae 00e3  ld   $e3
              1eaf 0008  ld   $08
              1eb0 002b  ld   $2b
              1eb1 0088  ld   $88
              1eb2 0085  ld   $85
              1eb3 00ae  ld   $ae
              1eb4 007c  ld   $7c
              1eb5 0021  ld   $21
              1eb6 00c8  ld   $c8
              1eb7 00e6  ld   $e6
              1eb8 0001  ld   $01
              1eb9 002b  ld   $2b
              1eba 0082  ld   $82
              1ebb 0021  ld   $21
              1ebc 00ca  ld   $ca
              1ebd 00e6  ld   $e6
              1ebe 0001  ld   $01
              1ebf 002b  ld   $2b
              1ec0 0084  ld   $84
              1ec1 0021  ld   $21
              1ec2 00c8  ld   $c8
              1ec3 00e6  ld   $e6
              1ec4 0001  ld   $01
              1ec5 002b  ld   $2b
              1ec6 0086  ld   $86
              1ec7 0021  ld   $21
              1ec8 00ca  ld   $ca
              1ec9 00e3  ld   $e3
              1eca 0008  ld   $08
              1ecb 002b  ld   $2b
              1ecc 0088  ld   $88
              1ecd 0085  ld   $85
              1ece 00ae  ld   $ae
              1ecf 007c  ld   $7c
              1ed0 0021  ld   $21
              1ed1 00c8  ld   $c8
              1ed2 0099  ld   $99
              1ed3 00cc  ld   $cc
              1ed4 002b  ld   $2b
              1ed5 0082  ld   $82
              1ed6 0021  ld   $21
              1ed7 00ca  ld   $ca
              1ed8 00e6  ld   $e6
              1ed9 0001  ld   $01
              1eda 002b  ld   $2b
              1edb 0084  ld   $84
              1edc 0021  ld   $21
              1edd 00c8  ld   $c8
              1ede 0099  ld   $99
              1edf 00cc  ld   $cc
              1ee0 002b  ld   $2b
              1ee1 0086  ld   $86
              1ee2 0021  ld   $21
              1ee3 00ca  ld   $ca
              1ee4 00e3  ld   $e3
              1ee5 0008  ld   $08
              1ee6 002b  ld   $2b
              1ee7 0088  ld   $88
              1ee8 0085  ld   $85
              1ee9 00ae  ld   $ae
              1eea 007c  ld   $7c
              1eeb 0063  ld   $63
              1eec 00ff  ld   $ff
              1eed 0075  ld   $75
              1eee 0059  ld   $59
              1eef 0002  ld   $02
              1ef0 005e  ld   $5e
              1ef1 0087  ld   $87
              1ef2 0085  ld   $85
              1ef3 00a2  ld   $a2
              1ef4 0078  ld   $78
              1ef5 0063  ld   $63
              1ef6 00ff  ld   $ff
              1ef7 0075  ld   $75
              1ef8 0021  ld   $21
              1ef9 0032  ld   $32
              1efa 0099  ld   $99
              1efb fe00  bra  ac          ;+-----------------------------------+
              1efc fcfd  bra  $1efd       ;|                                   |
              1efd 1404  ld   $04,y       ;| Trampoline for page $1e00 lookups |
              1efe e068  jmp  y,$68       ;|                                   |
              1eff c218  st   [$18]       ;+-----------------------------------+
              1f00 0030  ld   $30
              1f01 002b  ld   $2b
              1f02 0036  ld   $36
              1f03 0021  ld   $21
              1f04 0036  ld   $36
              1f05 00e6  ld   $e6
              1f06 0001  ld   $01
              1f07 0085  ld   $85
              1f08 00a0  ld   $a0
              1f09 000b  ld   $0b
              1f0a 000b  ld   $0b
              1f0b 00a0  ld   $a0
              1f0c 0025  ld   $25
              1f0d 0085  ld   $85
              1f0e 00a5  ld   $a5
              1f0f 0072  ld   $72
              1f10 0035  ld   $35
              1f11 0072  ld   $72
              1f12 00a7  ld   $a7
              1f13 0085  ld   $85
              1f14 00ad  ld   $ad
              1f15 000b  ld   $0b
              1f16 0059  ld   $59
              1f17 0000  ld   $00
              1f18 002b  ld   $2b
              1f19 0036  ld   $36
              1f1a 0059  ld   $59
              1f1b 0001  ld   $01
              1f1c 005e  ld   $5e
              1f1d 0093  ld   $93
              1f1e 0011  ld   $11
              1f1f 0008  ld   $08
              1f20 0020  ld   $20
              1f21 002b  ld   $2b
              1f22 0094  ld   $94
              1f23 0085  ld   $85
              1f24 00eb  ld   $eb
              1f25 0072  ld   $72
              1f26 0059  ld   $59
              1f27 0002  ld   $02
              1f28 005e  ld   $5e
              1f29 002c  ld   $2c
              1f2a 0059  ld   $59
              1f2b 00ef  ld   $ef
              1f2c 005e  ld   $5e
              1f2d 0011  ld   $11
              1f2e 0063  ld   $63
              1f2f 00ff  ld   $ff
              1f30 00b4  ld   $b4
              1f31 0080  ld   $80
              1f32 0071  ld   $71
              1f33 00dd  ld   $dd
              1f34 0022  ld   $22
              1f35 0011  ld   $11
              1f36 00a7  ld   $a7
              1f37 0004  ld   $04
              1f38 002b  ld   $2b
              1f39 0022  ld   $22
              1f3a 00b4  ld   $b4
              1f3b 00fd  ld   $fd
              1f3c 00ff  ld   $ff
              1f3d 002b  ld   $2b
              1f3e 001a  ld   $1a
              1f3f 0059  ld   $59
              1f40 00ad  ld   $ad
              1f41 002b  ld   $2b
              1f42 0022  ld   $22
              1f43 00b4  ld   $b4
              1f44 00e2  ld   $e2
              1f45 0035  ld   $35
              1f46 004d  ld   $4d
              1f47 00f1  ld   $f1
              1f48 0059  ld   $59
              1f49 0000  ld   $00
              1f4a 00ff  ld   $ff
              1f4b 0059  ld   $59
              1f4c 0001  ld   $01
              1f4d 00ff  ld   $ff
              1f4e 0035  ld   $35
              1f4f 0050  ld   $50
              1f50 00fa  ld   $fa
              1f51 0059  ld   $59
              1f52 0000  ld   $00
              1f53 00ff  ld   $ff
              1f54 0059  ld   $59
              1f55 0001  ld   $01
              1f56 00ff  ld   $ff
              1f57 0072  ld   $72
              1f58 00a5  ld   $a5
              1f59 0031  ld   $31
              1f5a 0035  ld   $35
              1f5b 0053  ld   $53
              1f5c 00a9  ld   $a9
              1f5d 0059  ld   $59
              1f5e 0000  ld   $00
              1f5f 00ff  ld   $ff
              1f60 0059  ld   $59
              1f61 0001  ld   $01
              1f62 00ff  ld   $ff
              1f63 0035  ld   $35
              1f64 0072  ld   $72
              1f65 00b2  ld   $b2
              1f66 0059  ld   $59
              1f67 0000  ld   $00
              1f68 00ff  ld   $ff
              1f69 0059  ld   $59
              1f6a 0001  ld   $01
              1f6b 00ff  ld   $ff
              1f6c 0035  ld   $35
              1f6d 003f  ld   $3f
              1f6e 00bb  ld   $bb
              1f6f 0059  ld   $59
              1f70 0000  ld   $00
              1f71 00ff  ld   $ff
              1f72 0059  ld   $59
              1f73 0001  ld   $01
              1f74 00ff  ld   $ff
              1f75 0011  ld   $11
              1f76 0000  ld   $00
              1f77 000b  ld   $0b
              1f78 002b  ld   $2b
              1f79 0022  ld   $22
              1f7a 0021  ld   $21
              1f7b 0082  ld   $82
              1f7c 00b4  ld   $b4
              1f7d 00e6  ld   $e6
              1f7e 00ff  ld   $ff
              1f7f 001a  ld   $1a
              1f80 000e  ld   $0e
              1f81 00fc  ld   $fc
              1f82 00d6  ld   $d6
              1f83 0035  ld   $35
              1f84 003f  ld   $3f
              1f85 00c8  ld   $c8
              1f86 001a  ld   $1a
              1f87 000e  ld   $0e
              1f88 002b  ld   $2b
              1f89 00d6  ld   $d6
              1f8a 00ff  ld   $ff
              1f8b 0072  ld   $72
              1f8c 00da  ld   $da
              1f8d 0025  ld   $25
              1f8e 001a  ld   $1a
              1f8f 0096  ld   $96
              1f90 0082  ld   $82
              1f91 0003  ld   $03
              1f92 00e3  ld   $e3
              1f93 0001  ld   $01
              1f94 005e  ld   $5e
              1f95 0099  ld   $99
              1f96 0059  ld   $59
              1f97 00fc  ld   $fc
              1f98 005e  ld   $5e
              1f99 0098  ld   $98
              1f9a 0021  ld   $21
              1f9b 0094  ld   $94
              1f9c 00f3  ld   $f3
              1f9d 0098  ld   $98
              1f9e 00ff  ld   $ff
              1f9f 0011  ld   $11
              1fa0 0000  ld   $00
              1fa1 0006  ld   $06
              1fa2 002b  ld   $2b
              1fa3 0022  ld   $22
              1fa4 0059  ld   $59
              1fa5 00fc  ld   $fc
              1fa6 005e  ld   $5e
              1fa7 0092  ld   $92
              1fa8 001a  ld   $1a
              1fa9 0094  ld   $94
              1faa 00b4  ld   $b4
              1fab 00f6  ld   $f6
              1fac 005e  ld   $5e
              1fad 0094  ld   $94
              1fae 0021  ld   $21
              1faf 0094  ld   $94
              1fb0 00f3  ld   $f3
              1fb1 0092  ld   $92
              1fb2 00ff  ld   $ff
              1fb3 0073  ld   $73
              1fb4 00a7  ld   $a7
              1fb5 0058  ld   $58
              1fb6 0075  ld   $75
              1fb7 002b  ld   $2b
              1fb8 0082  ld   $82
              1fb9 0085  ld   $85
              1fba 00a0  ld   $a0
              1fbb 007e  ld   $7e
              1fbc 0093  ld   $93
              1fbd 0082  ld   $82
              1fbe 0021  ld   $21
              1fbf 0082  ld   $82
              1fc0 00ad  ld   $ad
              1fc1 0035  ld   $35
              1fc2 003f  ld   $3f
              1fc3 00b8  ld   $b8
              1fc4 0085  ld   $85
              1fc5 00b3  ld   $b3
              1fc6 007b  ld   $7b
              1fc7 0090  ld   $90
              1fc8 00ab  ld   $ab
              1fc9 0063  ld   $63
              1fca 00ff  ld   $ff
              1fcb 001a  ld   $1a
              1fcc 00a4  ld   $a4
              1fcd 00e3  ld   $e3
              1fce 0006  ld   $06
              1fcf 005e  ld   $5e
              1fd0 00a4  ld   $a4
              1fd1 00e6  ld   $e6
              1fd2 009a  ld   $9a
              1fd3 0035  ld   $35
              1fd4 0056  ld   $56
              1fd5 00d1  ld   $d1
              1fd6 001a  ld   $1a
              1fd7 00aa  ld   $aa
              1fd8 0082  ld   $82
              1fd9 0008  ld   $08
              1fda 0035  ld   $35
              1fdb 0072  ld   $72
              1fdc 00d1  ld   $d1
              1fdd 0075  ld   $75
              1fde 0085  ld   $85
              1fdf 00ac  ld   $ac
              1fe0 007d  ld   $7d
              1fe1 0063  ld   $63
              1fe2 00ff  ld   $ff
              1fe3 001a  ld   $1a
              1fe4 0082  ld   $82
              1fe5 005e  ld   $5e
              1fe6 0082  ld   $82
              1fe7 001a  ld   $1a
              1fe8 0084  ld   $84
              1fe9 00e3  ld   $e3
              1fea 0008  ld   $08
              1feb 005e  ld   $5e
              1fec 0083  ld   $83
              1fed 001a  ld   $1a
              1fee 0086  ld   $86
              1fef 005e  ld   $5e
              1ff0 0084  ld   $84
              1ff1 001a  ld   $1a
              1ff2 0088  ld   $88
              1ff3 00e3  ld   $e3
              1ff4 0008  ld   $08
              1ff5 005e  ld   $5e
              1ff6 0085  ld   $85
              1ff7 00ff  ld   $ff
              1ff8 0011  ld   $11
              1ff9 00cd  ld   $cd
              1ffa 0004  ld   $04
              1ffb fe00  bra  ac          ;+-----------------------------------+
              1ffc fcfd  bra  $1ffd       ;|                                   |
              1ffd 1404  ld   $04,y       ;| Trampoline for page $1f00 lookups |
              1ffe e068  jmp  y,$68       ;|                                   |
              1fff c218  st   [$18]       ;+-----------------------------------+
              2000 002b  ld   $2b
              2001 0022  ld   $22
              2002 0021  ld   $21
              2003 0094  ld   $94
              2004 00b4  ld   $b4
              2005 0000  ld   $00
              2006 0099  ld   $99
              2007 0092  ld   $92
              2008 002b  ld   $2b
              2009 0086  ld   $86
              200a 0021  ld   $21
              200b 0098  ld   $98
              200c 00b4  ld   $b4
              200d 0000  ld   $00
              200e 0099  ld   $99
              200f 0096  ld   $96
              2010 002b  ld   $2b
              2011 0088  ld   $88
              2012 00ff  ld   $ff
              2013 0074  ld   $74
              2014 00a1  ld   $a1
              2015 005e  ld   $5e
              2016 0075  ld   $75
              2017 0011  ld   $11
              2018 0003  ld   $03
              2019 000b  ld   $0b
              201a 002b  ld   $2b
              201b 0022  ld   $22
              201c 001a  ld   $1a
              201d 00a2  ld   $a2
              201e 005e  ld   $5e
              201f 0025  ld   $25
              2020 0011  ld   $11
              2021 0000  ld   $00
              2022 0001  ld   $01
              2023 00ad  ld   $ad
              2024 005e  ld   $5e
              2025 0027  ld   $27
              2026 0059  ld   $59
              2027 0008  ld   $08
              2028 005e  ld   $5e
              2029 009e  ld   $9e
              202a 0059  ld   $59
              202b 00a0  ld   $a0
              202c 005e  ld   $5e
              202d 0024  ld   $24
              202e 0059  ld   $59
              202f 0000  ld   $00
              2030 005e  ld   $5e
              2031 0026  ld   $26
              2032 00b4  ld   $b4
              2033 00f3  ld   $f3
              2034 0093  ld   $93
              2035 0027  ld   $27
              2036 001a  ld   $1a
              2037 009e  ld   $9e
              2038 00e6  ld   $e6
              2039 0001  ld   $01
              203a 0035  ld   $35
              203b 0072  ld   $72
              203c 00b1  ld   $b1
              203d 0085  ld   $85
              203e 00a0  ld   $a0
              203f 007e  ld   $7e
              2040 0063  ld   $63
              2041 00ff  ld   $ff
              2042 0075  ld   $75
              2043 0085  ld   $85
              2044 00be  ld   $be
              2045 0075  ld   $75
              2046 0059  ld   $59
              2047 0008  ld   $08
              2048 002b  ld   $2b
              2049 0094  ld   $94
              204a 0059  ld   $59
              204b 00a0  ld   $a0
              204c 005e  ld   $5e
              204d 0024  ld   $24
              204e 0059  ld   $59
              204f 0000  ld   $00
              2050 005e  ld   $5e
              2051 0026  ld   $26
              2052 001a  ld   $1a
              2053 0094  ld   $94
              2054 005e  ld   $5e
              2055 0027  ld   $27
              2056 00b4  ld   $b4
              2057 00f3  ld   $f3
              2058 0059  ld   $59
              2059 00a0  ld   $a0
              205a 005e  ld   $5e
              205b 0024  ld   $24
              205c 0059  ld   $59
              205d 0000  ld   $00
              205e 005e  ld   $5e
              205f 0026  ld   $26
              2060 0011  ld   $11
              2061 0087  ld   $87
              2062 0000  ld   $00
              2063 00b8  ld   $b8
              2064 0094  ld   $94
              2065 005e  ld   $5e
              2066 0027  ld   $27
              2067 00b4  ld   $b4
              2068 00f3  ld   $f3
              2069 0093  ld   $93
              206a 0094  ld   $94
              206b 001a  ld   $1a
              206c 0094  ld   $94
              206d 00e6  ld   $e6
              206e 0044  ld   $44
              206f 0035  ld   $35
              2070 0050  ld   $50
              2071 00d3  ld   $d3
              2072 0063  ld   $63
              2073 00ff  ld   $ff
              2074 0075  ld   $75
              2075 00a0  ld   $a0
              2076 005f  ld   $5f
              2077 0090  ld   $90
              2078 003c  ld   $3c
              2079 0091  ld   $91
              207a 0040  ld   $40
              207b 0092  ld   $92
              207c 0043  ld   $43
              207d 0093  ld   $93
              207e 0048  ld   $48
              207f 000c  ld   $0c
              2080 0080  ld   $80
              2081 0081  ld   $81
              2082 0082  ld   $82
              2083 0083  ld   $83
              2084 0001  ld   $01
              2085 0090  ld   $90
              2086 003c  ld   $3c
              2087 0091  ld   $91
              2088 0040  ld   $40
              2089 0092  ld   $92
              208a 0043  ld   $43
              208b 0093  ld   $93
              208c 0048  ld   $48
              208d 0024  ld   $24
              208e 0080  ld   $80
              208f 0081  ld   $81
              2090 0082  ld   $82
              2091 0083  ld   $83
              2092 00d0  ld   $d0
              2093 0000  ld   $00
              2094 0000  ld   $00
              2095 0075  ld   $75
              2096 0085  ld   $85
              2097 00a1  ld   $a1
              2098 007d  ld   $7d
              2099 0011  ld   $11
              209a 0003  ld   $03
              209b 000b  ld   $0b
              209c 002b  ld   $2b
              209d 0022  ld   $22
              209e 001a  ld   $1a
              209f 00a2  ld   $a2
              20a0 005e  ld   $5e
              20a1 0025  ld   $25
              20a2 0063  ld   $63
              20a3 00ff  ld   $ff
              20a4 0075  ld   $75
              20a5 0011  ld   $11
              20a6 00a6  ld   $a6
              20a7 007f  ld   $7f
              20a8 002b  ld   $2b
              20a9 009e  ld   $9e
              20aa 002b  ld   $2b
              20ab 00ac  ld   $ac
              20ac 0011  ld   $11
              20ad 00b6  ld   $b6
              20ae 007e  ld   $7e
              20af 002b  ld   $2b
              20b0 00a0  ld   $a0
              20b1 0021  ld   $21
              20b2 00ac  ld   $ac
              20b3 00f6  ld   $f6
              20b4 0035  ld   $35
              20b5 0072  ld   $72
              20b6 00e7  ld   $e7
              20b7 0021  ld   $21
              20b8 009c  ld   $9c
              20b9 0035  ld   $35
              20ba 003f  ld   $3f
              20bb 00e5  ld   $e5
              20bc 00cf  ld   $cf
              20bd 009c  ld   $9c
              20be 0063  ld   $63
              20bf 00ff  ld   $ff
              20c0 00b8  ld   $b8
              20c1 009a  ld   $9a
              20c2 0035  ld   $35
              20c3 003f  ld   $3f
              20c4 00f2  ld   $f2
              20c5 0093  ld   $93
              20c6 00ac  ld   $ac
              20c7 0093  ld   $93
              20c8 00ac  ld   $ac
              20c9 0090  ld   $90
              20ca 00d8  ld   $d8
              20cb 0021  ld   $21
              20cc 00ac  ld   $ac
              20cd 00b8  ld   $b8
              20ce 009e  ld   $9e
              20cf 0099  ld   $99
              20d0 00a0  ld   $a0
              20d1 00f6  ld   $f6
              20d2 00cf  ld   $cf
              20d3 0018  ld   $18
              20d4 0063  ld   $63
              20d5 00ff  ld   $ff
              20d6 0078  ld   $78
              20d7 00a2  ld   $a2
              20d8 005d  ld   $5d
              20d9 0059  ld   $59
              20da 0001  ld   $01
              20db 005e  ld   $5e
              20dc 0085  ld   $85
              20dd 0059  ld   $59
              20de 0000  ld   $00
              20df 005e  ld   $5e
              20e0 0086  ld   $86
              20e1 0059  ld   $59
              20e2 00fa  ld   $fa
              20e3 005e  ld   $5e
              20e4 0084  ld   $84
              20e5 0021  ld   $21
              20e6 0086  ld   $86
              20e7 00f3  ld   $f3
              20e8 0084  ld   $84
              20e9 0093  ld   $93
              20ea 0084  ld   $84
              20eb 0093  ld   $93
              20ec 0084  ld   $84
              20ed 0059  ld   $59
              20ee 0000  ld   $00
              20ef 00f3  ld   $f3
              20f0 0084  ld   $84
              20f1 0093  ld   $93
              20f2 0084  ld   $84
              20f3 0093  ld   $93
              20f4 0084  ld   $84
              20f5 00f3  ld   $f3
              20f6 0084  ld   $84
              20f7 0093  ld   $93
              20f8 0085  ld   $85
              20f9 001a  ld   $1a
              20fa 0085  ld   $85
              20fb fe00  bra  ac          ;+-----------------------------------+
              20fc fcfd  bra  $20fd       ;|                                   |
              20fd 1404  ld   $04,y       ;| Trampoline for page $2000 lookups |
              20fe e068  jmp  y,$68       ;|                                   |
              20ff c218  st   [$18]       ;+-----------------------------------+
              2100 00e6  ld   $e6
              2101 0004  ld   $04
              2102 0035  ld   $35
              2103 0056  ld   $56
              2104 00a8  ld   $a8
              2105 00ff  ld   $ff
              2106 0021  ld   $21
              2107 009c  ld   $9c
              2108 00b8  ld   $b8
              2109 009a  ld   $9a
              210a 0035  ld   $35
              210b 0056  ld   $56
              210c 00e8  ld   $e8
              210d 0059  ld   $59
              210e 0000  ld   $00
              210f 002b  ld   $2b
              2110 0096  ld   $96
              2111 0021  ld   $21
              2112 009c  ld   $9c
              2113 002b  ld   $2b
              2114 00a0  ld   $a0
              2115 0021  ld   $21
              2116 009a  ld   $9a
              2117 002b  ld   $2b
              2118 009c  ld   $9c
              2119 0021  ld   $21
              211a 00a0  ld   $a0
              211b 002b  ld   $2b
              211c 009a  ld   $9a
              211d 0021  ld   $21
              211e 009e  ld   $9e
              211f 0035  ld   $35
              2120 0056  ld   $56
              2121 00e8  ld   $e8
              2122 0059  ld   $59
              2123 0001  ld   $01
              2124 002b  ld   $2b
              2125 0098  ld   $98
              2126 0011  ld   $11
              2127 0000  ld   $00
              2128 0006  ld   $06
              2129 002b  ld   $2b
              212a 0022  ld   $22
              212b 0021  ld   $21
              212c 009a  ld   $9a
              212d 00b4  ld   $b4
              212e 00f6  ld   $f6
              212f 00e3  ld   $e3
              2130 0001  ld   $01
              2131 002b  ld   $2b
              2132 00a0  ld   $a0
              2133 002b  ld   $2b
              2134 009e  ld   $9e
              2135 0085  ld   $85
              2136 00e9  ld   $e9
              2137 0073  ld   $73
              2138 0085  ld   $85
              2139 00c7  ld   $c7
              213a 0079  ld   $79
              213b 0079  ld   $79
              213c 00a3  ld   $a3
              213d 005c  ld   $5c
              213e 001a  ld   $1a
              213f 00a4  ld   $a4
              2140 00e6  ld   $e6
              2141 009a  ld   $9a
              2142 0035  ld   $35
              2143 0056  ld   $56
              2144 00ac  ld   $ac
              2145 0059  ld   $59
              2146 0000  ld   $00
              2147 005e  ld   $5e
              2148 00a4  ld   $a4
              2149 001a  ld   $1a
              214a 00a5  ld   $a5
              214b 00e6  ld   $e6
              214c 0070  ld   $70
              214d 0035  ld   $35
              214e 0050  ld   $50
              214f 00be  ld   $be
              2150 0059  ld   $59
              2151 0070  ld   $70
              2152 005e  ld   $5e
              2153 00a5  ld   $a5
              2154 001a  ld   $1a
              2155 00aa  ld   $aa
              2156 0088  ld   $88
              2157 0004  ld   $04
              2158 005e  ld   $5e
              2159 00aa  ld   $aa
              215a 00ff  ld   $ff
              215b 001a  ld   $1a
              215c 00aa  ld   $aa
              215d 0082  ld   $82
              215e 00fb  ld   $fb
              215f 005e  ld   $5e
              2160 00aa  ld   $aa
              2161 00ff  ld   $ff
              2162 001a  ld   $1a
              2163 00a3  ld   $a3
              2164 00f0  ld   $f0
              2165 0082  ld   $82
              2166 00f0  ld   $f0
              2167 0084  ld   $84
              2168 0021  ld   $21
              2169 00a0  ld   $a0
              216a 0099  ld   $99
              216b 009c  ld   $9c
              216c 002b  ld   $2b
              216d 00a0  ld   $a0
              216e 00b8  ld   $b8
              216f 009a  ld   $9a
              2170 0035  ld   $35
              2171 0056  ld   $56
              2172 00e6  ld   $e6
              2173 002b  ld   $2b
              2174 00a0  ld   $a0
              2175 0021  ld   $21
              2176 0082  ld   $82
              2177 0099  ld   $99
              2178 0086  ld   $86
              2179 002b  ld   $2b
              217a 0082  ld   $82
              217b 0021  ld   $21
              217c 0084  ld   $84
              217d 00b8  ld   $b8
              217e 0086  ld   $86
              217f 002b  ld   $2b
              2180 0084  ld   $84
              2181 0090  ld   $90
              2182 00f2  ld   $f2
              2183 0021  ld   $21
              2184 0082  ld   $82
              2185 0099  ld   $99
              2186 0088  ld   $88
              2187 002b  ld   $2b
              2188 0082  ld   $82
              2189 0021  ld   $21
              218a 0084  ld   $84
              218b 00b8  ld   $b8
              218c 0088  ld   $88
              218d 002b  ld   $2b
              218e 0084  ld   $84
              218f 0021  ld   $21
              2190 009e  ld   $9e
              2191 00e6  ld   $e6
              2192 0001  ld   $01
              2193 002b  ld   $2b
              2194 009e  ld   $9e
              2195 0035  ld   $35
              2196 004d  ld   $4d
              2197 00c5  ld   $c5
              2198 0063  ld   $63
              2199 00ff  ld   $ff
              219a 007a  ld   $7a
              219b 00a0  ld   $a0
              219c 005f  ld   $5f
              219d 0011  ld   $11
              219e 00ea  ld   $ea
              219f 0008  ld   $08
              21a0 002b  ld   $2b
              21a1 0098  ld   $98
              21a2 001a  ld   $1a
              21a3 0094  ld   $94
              21a4 00e9  ld   $e9
              21a5 0099  ld   $99
              21a6 0098  ld   $98
              21a7 002b  ld   $2b
              21a8 0098  ld   $98
              21a9 007f  ld   $7f
              21aa 0000  ld   $00
              21ab 005e  ld   $5e
              21ac 0094  ld   $94
              21ad 0021  ld   $21
              21ae 0098  ld   $98
              21af 007f  ld   $7f
              21b0 0001  ld   $01
              21b1 005e  ld   $5e
              21b2 0095  ld   $95
              21b3 0021  ld   $21
              21b4 0094  ld   $94
              21b5 00ff  ld   $ff
              21b6 0075  ld   $75
              21b7 0021  ld   $21
              21b8 0092  ld   $92
              21b9 0093  ld   $93
              21ba 0092  ld   $92
              21bb 00ad  ld   $ad
              21bc 005e  ld   $5e
              21bd 0096  ld   $96
              21be 0082  ld   $82
              21bf 00f0  ld   $f0
              21c0 008c  ld   $8c
              21c1 0090  ld   $90
              21c2 0035  ld   $35
              21c3 0072  ld   $72
              21c4 00d5  ld   $d5
              21c5 0021  ld   $21
              21c6 0092  ld   $92
              21c7 0093  ld   $93
              21c8 0092  ld   $92
              21c9 00ad  ld   $ad
              21ca 005e  ld   $5e
              21cb 0094  ld   $94
              21cc 0085  ld   $85
              21cd 00a0  ld   $a0
              21ce 007a  ld   $7a
              21cf 0085  ld   $85
              21d0 00da  ld   $da
              21d1 0072  ld   $72
              21d2 0090  ld   $90
              21d3 00b8  ld   $b8
              21d4 008c  ld   $8c
              21d5 0010  ld   $10
              21d6 0035  ld   $35
              21d7 0072  ld   $72
              21d8 00e3  ld   $e3
              21d9 0059  ld   $59
              21da 0000  ld   $00
              21db 002b  ld   $2b
              21dc 0094  ld   $94
              21dd 0085  ld   $85
              21de 00da  ld   $da
              21df 0072  ld   $72
              21e0 0090  ld   $90
              21e1 00b8  ld   $b8
              21e2 008c  ld   $8c
              21e3 0050  ld   $50
              21e4 0035  ld   $35
              21e5 0072  ld   $72
              21e6 00f2  ld   $f2
              21e7 0021  ld   $21
              21e8 0092  ld   $92
              21e9 00f6  ld   $f6
              21ea 002b  ld   $2b
              21eb 0092  ld   $92
              21ec 0035  ld   $35
              21ed 0072  ld   $72
              21ee 00b8  ld   $b8
              21ef 0063  ld   $63
              21f0 00ff  ld   $ff
              21f1 001a  ld   $1a
              21f2 0096  ld   $96
              21f3 005e  ld   $5e
              21f4 002c  ld   $2c
              21f5 002b  ld   $2b
              21f6 0082  ld   $82
              21f7 0085  ld   $85
              21f8 00a2  ld   $a2
              21f9 007b  ld   $7b
              21fa 0090  ld   $90
              21fb fe00  bra  ac          ;+-----------------------------------+
              21fc fcfd  bra  $21fd       ;|                                   |
              21fd 1404  ld   $04,y       ;| Trampoline for page $2100 lookups |
              21fe e068  jmp  y,$68       ;|                                   |
              21ff c218  st   [$18]       ;+-----------------------------------+
              2200 00b8  ld   $b8
              2201 007b  ld   $7b
              2202 00a2  ld   $a2
              2203 005d  ld   $5d
              2204 0021  ld   $21
              2205 0082  ld   $82
              2206 00e6  ld   $e6
              2207 0001  ld   $01
              2208 002b  ld   $2b
              2209 0082  ld   $82
              220a 0035  ld   $35
              220b 0053  ld   $53
              220c 00aa  ld   $aa
              220d 00ff  ld   $ff
              220e 0075  ld   $75
              220f 0085  ld   $85
              2210 00ca  ld   $ca
              2211 0072  ld   $72
              2212 0063  ld   $63
              2213 0090  ld   $90
              2214 00a0  ld   $a0
              2215 00e6  ld   $e6
              2216 0082  ld   $82
              2217 0035  ld   $35
              2218 004d  ld   $4d
              2219 00fc  ld   $fc
              221a 00e3  ld   $e3
              221b 0082  ld   $82
              221c 00e6  ld   $e6
              221d 0052  ld   $52
              221e 0035  ld   $35
              221f 0053  ld   $53
              2220 00c9  ld   $c9
              2221 00e3  ld   $e3
              2222 0032  ld   $32
              2223 0035  ld   $35
              2224 0050  ld   $50
              2225 00fc  ld   $fc
              2226 002b  ld   $2b
              2227 0092  ld   $92
              2228 0011  ld   $11
              2229 0000  ld   $00
              222a 0007  ld   $07
              222b 0090  ld   $90
              222c 00ce  ld   $ce
              222d 002b  ld   $2b
              222e 0092  ld   $92
              222f 0011  ld   $11
              2230 0000  ld   $00
              2231 0008  ld   $08
              2232 002b  ld   $2b
              2233 0094  ld   $94
              2234 001a  ld   $1a
              2235 0092  ld   $92
              2236 00e9  ld   $e9
              2237 00e9  ld   $e9
              2238 0099  ld   $99
              2239 0092  ld   $92
              223a 0099  ld   $99
              223b 0094  ld   $94
              223c 002b  ld   $2b
              223d 0094  ld   $94
              223e 0059  ld   $59
              223f 0005  ld   $05
              2240 005e  ld   $5e
              2241 0096  ld   $96
              2242 0021  ld   $21
              2243 0094  ld   $94
              2244 007f  ld   $7f
              2245 0000  ld   $00
              2246 005e  ld   $5e
              2247 0026  ld   $26
              2248 00b4  ld   $b4
              2249 00cb  ld   $cb
              224a 0093  ld   $93
              224b 0094  ld   $94
              224c 0093  ld   $93
              224d 0028  ld   $28
              224e 001a  ld   $1a
              224f 0096  ld   $96
              2250 00e6  ld   $e6
              2251 0001  ld   $01
              2252 0035  ld   $35
              2253 0072  ld   $72
              2254 00dc  ld   $dc
              2255 005e  ld   $5e
              2256 0026  ld   $26
              2257 00b4  ld   $b4
              2258 00cb  ld   $cb
              2259 0093  ld   $93
              225a 0028  ld   $28
              225b 0075  ld   $75
              225c 0085  ld   $85
              225d 00bc  ld   $bc
              225e 0073  ld   $73
              225f 0063  ld   $63
              2260 00ff  ld   $ff
              2261 007c  ld   $7c
              2262 00a4  ld   $a4
              2263 005b  ld   $5b
              2264 0035  ld   $35
              2265 0053  ld   $53
              2266 00ab  ld   $ab
              2267 002b  ld   $2b
              2268 0092  ld   $92
              2269 0059  ld   $59
              226a 0000  ld   $00
              226b 00b8  ld   $b8
              226c 0092  ld   $92
              226d 00ff  ld   $ff
              226e 0075  ld   $75
              226f 0059  ld   $59
              2270 0001  ld   $01
              2271 002b  ld   $2b
              2272 0092  ld   $92
              2273 002b  ld   $2b
              2274 0096  ld   $96
              2275 002b  ld   $2b
              2276 0094  ld   $94
              2277 0059  ld   $59
              2278 0000  ld   $00
              2279 002b  ld   $2b
              227a 0098  ld   $98
              227b 0011  ld   $11
              227c 0000  ld   $00
              227d 0080  ld   $80
              227e 002b  ld   $2b
              227f 00a0  ld   $a0
              2280 0021  ld   $21
              2281 0086  ld   $86
              2282 00b8  ld   $b8
              2283 0082  ld   $82
              2284 002b  ld   $2b
              2285 009a  ld   $9a
              2286 00f8  ld   $f8
              2287 00a0  ld   $a0
              2288 0035  ld   $35
              2289 003f  ld   $3f
              228a 00d6  ld   $d6
              228b 0011  ld   $11
              228c 00ff  ld   $ff
              228d 00ff  ld   $ff
              228e 002b  ld   $2b
              228f 0092  ld   $92
              2290 002b  ld   $2b
              2291 0096  ld   $96
              2292 0059  ld   $59
              2293 0000  ld   $00
              2294 00b8  ld   $b8
              2295 009a  ld   $9a
              2296 002b  ld   $2b
              2297 009a  ld   $9a
              2298 0021  ld   $21
              2299 0088  ld   $88
              229a 00b8  ld   $b8
              229b 0084  ld   $84
              229c 002b  ld   $2b
              229d 009c  ld   $9c
              229e 002b  ld   $2b
              229f 009e  ld   $9e
              22a0 00f8  ld   $f8
              22a1 00a0  ld   $a0
              22a2 0035  ld   $35
              22a3 003f  ld   $3f
              22a4 00f7  ld   $f7
              22a5 0011  ld   $11
              22a6 00ff  ld   $ff
              22a7 00ff  ld   $ff
              22a8 002b  ld   $2b
              22a9 0094  ld   $94
              22aa 0059  ld   $59
              22ab 0000  ld   $00
              22ac 00b8  ld   $b8
              22ad 009c  ld   $9c
              22ae 002b  ld   $2b
              22af 009c  ld   $9c
              22b0 00b8  ld   $b8
              22b1 009a  ld   $9a
              22b2 0035  ld   $35
              22b3 0056  ld   $56
              22b4 00f7  ld   $f7
              22b5 0021  ld   $21
              22b6 0094  ld   $94
              22b7 002b  ld   $2b
              22b8 0098  ld   $98
              22b9 0085  ld   $85
              22ba 00d4  ld   $d4
              22bb 0073  ld   $73
              22bc 0085  ld   $85
              22bd 00ca  ld   $ca
              22be 0078  ld   $78
              22bf 007d  ld   $7d
              22c0 00a1  ld   $a1
              22c1 005e  ld   $5e
              22c2 0059  ld   $59
              22c3 0002  ld   $02
              22c4 002b  ld   $2b
              22c5 00a4  ld   $a4
              22c6 001a  ld   $1a
              22c7 00aa  ld   $aa
              22c8 0082  ld   $82
              22c9 00fb  ld   $fb
              22ca 005e  ld   $5e
              22cb 00aa  ld   $aa
              22cc 00ff  ld   $ff
              22cd 0059  ld   $59
              22ce 0002  ld   $02
              22cf 005e  ld   $5e
              22d0 00a4  ld   $a4
              22d1 005e  ld   $5e
              22d2 0028  ld   $28
              22d3 001a  ld   $1a
              22d4 00aa  ld   $aa
              22d5 0082  ld   $82
              22d6 0002  ld   $02
              22d7 0035  ld   $35
              22d8 0072  ld   $72
              22d9 00b8  ld   $b8
              22da 00ff  ld   $ff
              22db 0075  ld   $75
              22dc 001a  ld   $1a
              22dd 00aa  ld   $aa
              22de 0082  ld   $82
              22df 0004  ld   $04
              22e0 0035  ld   $35
              22e1 0072  ld   $72
              22e2 00cf  ld   $cf
              22e3 001a  ld   $1a
              22e4 00a5  ld   $a5
              22e5 00e3  ld   $e3
              22e6 0008  ld   $08
              22e7 005e  ld   $5e
              22e8 00a5  ld   $a5
              22e9 00e6  ld   $e6
              22ea 0078  ld   $78
              22eb 0035  ld   $35
              22ec 0050  ld   $50
              22ed 00f8  ld   $f8
              22ee 0059  ld   $59
              22ef 0070  ld   $70
              22f0 005e  ld   $5e
              22f1 00a5  ld   $a5
              22f2 0085  ld   $85
              22f3 00a1  ld   $a1
              22f4 0074  ld   $74
              22f5 0011  ld   $11
              22f6 0000  ld   $00
              22f7 0001  ld   $01
              22f8 002b  ld   $2b
              22f9 0098  ld   $98
              22fa 0021  ld   $21
              22fb fe00  bra  ac          ;+-----------------------------------+
              22fc fcfd  bra  $22fd       ;|                                   |
              22fd 1404  ld   $04,y       ;| Trampoline for page $2200 lookups |
              22fe e068  jmp  y,$68       ;|                                   |
              22ff c218  st   [$18]       ;+-----------------------------------+
              2300 0098  ld   $98
              2301 00ad  ld   $ad
              2302 00e3  ld   $e3
              2303 0008  ld   $08
              2304 00e6  ld   $e6
              2305 007f  ld   $7f
              2306 0035  ld   $35
              2307 0056  ld   $56
              2308 00e3  ld   $e3
              2309 00e3  ld   $e3
              230a 0088  ld   $88
              230b 00e3  ld   $e3
              230c 007f  ld   $7f
              230d 00f0  ld   $f0
              230e 0098  ld   $98
              230f 0093  ld   $93
              2310 0098  ld   $98
              2311 0093  ld   $93
              2312 0098  ld   $98
              2313 001a  ld   $1a
              2314 0098  ld   $98
              2315 00e6  ld   $e6
              2316 00f0  ld   $f0
              2317 0035  ld   $35
              2318 0050  ld   $50
              2319 00d7  ld   $d7
              231a 001a  ld   $1a
              231b 00aa  ld   $aa
              231c 0088  ld   $88
              231d 0004  ld   $04
              231e 005e  ld   $5e
              231f 00aa  ld   $aa
              2320 0085  ld   $85
              2321 00a0  ld   $a0
              2322 007e  ld   $7e
              2323 0063  ld   $63
              2324 00ff  ld   $ff
              2325 007e  ld   $7e
              2326 00a0  ld   $a0
              2327 0060  ld   $60
              2328 0011  ld   $11
              2329 00e1  ld   $e1
              232a 0004  ld   $04
              232b 002b  ld   $2b
              232c 0022  ld   $22
              232d 0021  ld   $21
              232e 00a2  ld   $a2
              232f 002b  ld   $2b
              2330 0024  ld   $24
              2331 001a  ld   $1a
              2332 00a5  ld   $a5
              2333 00e9  ld   $e9
              2334 0093  ld   $93
              2335 0019  ld   $19
              2336 00ad  ld   $ad
              2337 005e  ld   $5e
              2338 0029  ld   $29
              2339 001a  ld   $1a
              233a 00a4  ld   $a4
              233b 005e  ld   $5e
              233c 0028  ld   $28
              233d 00ff  ld   $ff
              233e 00d4  ld   $d4
              233f 0004  ld   $04
              2340 00dd  ld   $dd
              2341 0004  ld   $04
              2342 00f6  ld   $f6
              2343 0004  ld   $04
              2344 00ba  ld   $ba
              2345 0008  ld   $08
              2346 00d3  ld   $d3
              2347 0008  ld   $08
              2348 0095  ld   $95
              2349 0095  ld   $95
              234a 0095  ld   $95
              * 16 times
              2358 0086  ld   $86
              2359 0086  ld   $86
              235a 0086  ld   $86
              * 15 times
              2367 0083  ld   $83
              2368 0083  ld   $83
              2369 0083  ld   $83
              * 10 times
              2371 0087  ld   $87
              2372 0087  ld   $87
              2373 0087  ld   $87
              * 10 times
              237b 008f  ld   $8f
              237c 008f  ld   $8f
              237d 008f  ld   $8f
              237e 008f  ld   $8f
              237f 008b  ld   $8b
              2380 008b  ld   $8b
              2381 008b  ld   $8b
              * 9 times
              2388 007f  ld   $7f
              2389 00a0  ld   $a0
              238a 0060  ld   $60
              238b 0075  ld   $75
              238c 0085  ld   $85
              238d 00a2  ld   $a2
              238e 0078  ld   $78
              238f 0063  ld   $63
              2390 00ff  ld   $ff
              2391 007f  ld   $7f
              2392 0000  ld   $00
              2393 00fe  ld   $fe
              2394 0000  ld   $00
              2395 00fd  ld   $fd
              2396 0000  ld   $00
              2397 00fb  ld   $fb
              2398 0000  ld   $00
              2399 00f7  ld   $f7
              239a 0000  ld   $00
              239b 0000  ld   $00
              239c 0000  ld   $00
              * 67 times
              23dd 000c  ld   $0c
              23de 0020  ld   $20
              23df 0065  ld   $65
              23e0 000f  ld   $0f
              23e1 00f9  ld   $f9
              23e2 007f  ld   $7f
              23e3 0002  ld   $02
              23e4 0005  ld   $05
              23e5 0050  ld   $50
              23e6 0069  ld   $69
              23e7 0061  ld   $61
              23e8 006e  ld   $6e
              23e9 006f  ld   $6f
              23ea 0000  ld   $00
              23eb 0000  ld   $00
              23ec 0000  ld   $00         ;End of ../build/mainmenu.gt1, size 2857
              23ed 0200  nop              ;14 fillers
              23ee 0200  nop
              23ef 0200  nop
              * 14 times
              23fb fe00  bra  ac          ;+-----------------------------------+
              23fc fcfd  bra  $23fd       ;|                                   |
              23fd 1404  ld   $04,y       ;| Trampoline for page $2300 lookups |
              23fe e068  jmp  y,$68       ;|                                   |
              23ff c218  st   [$18]       ;+-----------------------------------+
sys_ReadRomDir:
              2400 f006  beq  .sysDir#20
              2401 1024  ld   $24,x
              2402 1600  ld   ac,y
              2403 0118  ld   [$18]
              2404 a00e  suba $0e
              2405 e200  jmp  y,ac
.sysDir#20:   2406 1400  ld   $00,y
              2407 000b  ld   $0b
              2408 1424  ld   $24,y
              2409 e200  jmp  y,ac
              240a 1400  ld   $00,y
.sysDir#25:   240b dc4d  st   $4d,[y,x++] ;'M'
              240c dc61  st   $61,[y,x++] ;'a'
              240d dc69  st   $69,[y,x++] ;'i'
              240e dc6e  st   $6e,[y,x++] ;'n'
              240f dc00  st   $00,[y,x++] ;'\x00'
              2410 dc00  st   $00,[y,x++] ;'\x00'
              2411 dc00  st   $00,[y,x++] ;'\x00'
              2412 dc00  st   $00,[y,x++] ;'\x00'
              2413 00c4  ld   $c4
              2414 c218  st   [$18]
              2415 0018  ld   $18
              2416 1424  ld   $24,y
              2417 e019  jmp  y,$19
              2418 c219  st   [$19]
.sysDir#39:   2419 1403  ld   $03,y
              241a e0cb  jmp  y,$cb
              241b 00ea  ld   $ea
              241c 0200  nop              ;223 fillers
              241d 0200  nop
              241e 0200  nop
              * 223 times
              24fb fe00  bra  ac          ;+-----------------------------------+
              24fc fcfd  bra  $24fd       ;|                                   |
              24fd 1404  ld   $04,y       ;| Trampoline for page $2400 lookups |
              24fe e068  jmp  y,$68       ;|                                   |
              24ff c218  st   [$18]       ;+-----------------------------------+
              2500
