* source: /var/www/html/phpbb/ext/at67/gigatronrombuilder/romsrc/ROMv6.asm.py
                                          191   enableListing()
                                          192   #-----------------------------------------------------------------------
                                          193   #
                                          194   #  Start of core
                                          195   #
                                          196   #-----------------------------------------------------------------------
                                          197
                                          198   # Pre-loading the formal interface as a way to get warnings when
                                          199   # accidentally redefined with a different value
                                          200   loadBindings('interface.json')
                                          201   loadBindings('Core/interface-dev.json') # Provisional values for DEVROM
                                          202
                                          203   # Gigatron clock
                                          204   cpuClock = 6.250e+06
                                          205
                                          206   # Output pin assignment for VGA
                                          207   R, G, B, hSync, vSync = 1, 4, 16, 64, 128
                                          208   syncBits = hSync+vSync # Both pulses negative
                                          209
                                          210   # When the XOUT register is in the circuit, the rising edge triggers its update.
                                          211   # The loop can therefore not be agnostic to the horizontal pulse polarity.
                                          212   assert syncBits & hSync != 0
                                          213
                                          214   # VGA 640x480 defaults (to be adjusted below!)
                                          215   vFront = 10     # Vertical front porch
                                          216   vPulse = 2      # Vertical sync pulse
                                          217   vBack  = 33     # Vertical back porch
                                          218   vgaLines = vFront + vPulse + vBack + 480
                                          219   vgaClock = 25.175e+06
                                          220
                                          221   # Video adjustments for Gigatron
                                          222   # 1. Our clock is (slightly) slower than 1/4th VGA clock. Not all monitors will
                                          223   #    accept the decreased frame rate, so we restore the frame rate to above
                                          224   #    minimum 59.94 Hz by cutting some lines from the vertical front porch.
                                          225   vFrontAdjust = vgaLines - int(4 * cpuClock / vgaClock * vgaLines)
                                          226   vFront -= vFrontAdjust
                                          227   # 2. Extend vertical sync pulse so we can feed the game controller the same
                                          228   #    signal. This is needed for controllers based on the 4021 instead of 74165
                                          229   vPulseExtension = max(0, 8-vPulse)
                                          230   vPulse += vPulseExtension
                                          231   # 3. Borrow these lines from the back porch so the refresh rate remains
                                          232   #    unaffected
                                          233   vBack -= vPulseExtension
                                          234
                                          235   # Start value of vertical blank counter
                                          236   videoYline0 = 1-2*(vFront+vPulse+vBack-2)
                                          237
                                          238   # Mismatch between video lines and sound channels
                                          239   soundDiscontinuity = (vFront+vPulse+vBack) % 4
                                          240
                                          241   # QQVGA resolution
                                          242   qqVgaWidth      = 160
                                          243   qqVgaHeight     = 120
                                          244
                                          245   # Game controller bits (actual controllers in kit have negative output)
                                          246   # +----------------------------------------+
                                          247   # |       Up                        B*     |
                                          248   # |  Left    Right               B     A*  |
                                          249   # |      Down      Select Start     A      |
                                          250   # +----------------------------------------+ *=Auto fire
                                          251   buttonRight     = 1
                                          252   buttonLeft      = 2
                                          253   buttonDown      = 4
                                          254   buttonUp        = 8
                                          255   buttonStart     = 16
                                          256   buttonSelect    = 32
                                          257   buttonB         = 64
                                          258   buttonA         = 128
                                          259
                                          260   #-----------------------------------------------------------------------
                                          261   #
                                          262   #  RAM page 0: zero-page variables
                                          263   #
                                          264   #-----------------------------------------------------------------------
                                          265
                                          266   # Memory size in pages from auto-detect
                                          267   memSize         = zpByte()
                                          268
                                          269   # The current channel number for sound generation. Advanced every scan line
                                          270   # and independent of the vertical refresh to maintain constant oscillation.
                                          271   channel         = zpByte()
                                          272
                                          273   # Next sound sample being synthesized
                                          274   sample          = zpByte()
                                          275   # To save one instruction in the critical inner loop, `sample' is always
                                          276   # reset with its own address instead of, for example, the value 0. Compare:
                                          277   # 1 instruction reset
                                          278   #       st sample,[sample]
                                          279   # 2 instruction reset:
                                          280   #       ld 0
                                          281   #       st [sample]
                                          282   # The difference is not audible. This is fine when the reset/address
                                          283   # value is low and doesn't overflow with 4 channels added to it.
                                          284   # There is an alternative, but it requires pull-down diodes on the data bus:
                                          285   #       st [sample],[sample]
                                          286   assert 4*63 + sample < 256
                                          287   # We pin this reset/address value to 3, so `sample' swings from 3 to 255
                                          288   assert sample == 3
                                          289
                                          290   # Former bootCount and bootCheck (<= ROMv3)
                                          291   zpReserved      = zpByte() # Recycled and still unused. Candidate future uses:
                                          292                              # - Video driver high address (for alternative video modes)
                                          293                              # - v6502: ADH offset ("MMU")
                                          294                              # - v8080: ???
                                          295   vCpuSelect      = zpByte() # Active interpreter page
                                          296
                                          297   # Entropy harvested from SRAM startup and controller input
                                          298   entropy         = zpByte(3)
                                          299
                                          300   # Visible video
                                          301   videoY          = zpByte() # Counts up from 0 to 238 in steps of 2
                                          302                              # Counts up (and is odd) during vertical blank
                                          303   videoModeB      = zpByte() # Handler for every 2nd line (pixel burst or vCPU)
                                          304   videoModeC      = zpByte() # Handler for every 3rd line (pixel burst or vCPU)
                                          305   videoModeD      = zpByte() # Handler for every 4th line (pixel burst or vCPU)
                                          306
                                          307   nextVideo       = zpByte() # Jump offset to scan line handler (videoA, B, C...)
                                          308   videoPulse      = nextVideo # Used for pulse width modulation
                                          309
                                          310   # Frame counter is good enough as system clock
                                          311   frameCount      = zpByte(1)
                                          312
                                          313   # Serial input (game controller)
                                          314   serialRaw       = zpByte() # New raw serial read
                                          315   serialLast      = zpByte() # Previous serial read
                                          316   buttonState     = zpByte() # Clearable button state
                                          317   resetTimer      = zpByte() # After 2 seconds of holding 'Start', do a soft reset
                                          318                              # XXX move to page 1 to free up space
                                          319
                                          320   # Extended output (blinkenlights in bit 0:3 and audio in bit 4:7). This
                                          321   # value must be present in AC during a rising hSync edge. It then gets
                                          322   # copied to the XOUT register by the hardware. The XOUT register is only
                                          323   # accessible in this indirect manner because it isn't part of the core
                                          324   # CPU architecture.
                                          325   xout            = zpByte()
                                          326   xoutMask        = zpByte() # The blinkenlights and sound on/off state
                                          327
                                          328   # vCPU interpreter
                                          329   vTicks          = zpByte()  # Interpreter ticks are units of 2 clocks
                                          330   vPC             = zpByte(2) # Interpreter program counter, points into RAM
                                          331   vAC             = zpByte(2) # Interpreter accumulator, 16-bits
                                          332   vLR             = zpByte(2) # Return address, for returning after CALL
                                          333   vSP             = zpByte(1) # Stack pointer
                                          334   vTmp            = zpByte()
                                          335   vReturn         = zpByte()  # Return into video loop (in page of vBlankStart)
                                          336
                                          337   # Scratch
                                          338   frameX          = zpByte() # Starting byte within page
                                          339   frameY          = zpByte() # Page of current pixel line (updated by videoA)
                                          340
                                          341   # Vertical blank (reuse some variables used in the visible part)
                                          342   videoSync0      = frameX   # Vertical sync type on current line (0xc0 or 0x40)
                                          343   videoSync1      = frameY   # Same during horizontal pulse (0x80 or 0x00)
                                          344
                                          345   # Versioning for GT1 compatibility
                                          346   # Please refer to Docs/GT1-files.txt for interpreting this variable
                                          347   romType         = zpByte(1)
                                          348
                                          349   # The low 3 bits are repurposed to select the actively updated sound channels.
                                          350   # Valid bit combinations are:
                                          351   #  xxxxx011     Default after reset: 4 channels (page 1,2,3,4)
                                          352   #  xxxxx001     2 channels at double update rate (page 1,2)
                                          353   #  xxxxx000     1 channel at quadruple update rate (page 1)
                                          354   # The main application for this is to free up the high bytes of page 2,3,4.
                                          355   channelMask = symbol('channelMask_v4')
                                          356   assert romType == channelMask
                                          357
                                          358   # SYS function arguments and results/scratch
                                          359   sysFn           = zpByte(2)
                                          360   sysArgs         = zpByte(8)
                                          361
                                          362   # Play sound if non-zero, count down and stop sound when zero
                                          363   soundTimer      = zpByte()
                                          364
                                          365   # Fow now the LED state machine itself is hard-coded in the program ROM
                                          366   ledTimer        = zpByte() # Number of ticks until next LED change
                                          367   ledState_v2     = zpByte() # Current LED state
                                          368   ledTempo        = zpByte() # Next value for ledTimer after LED state change
                                          369
                                          370
                                          371   # Management of free space in page zero (userVars)
                                          372   # * Programs that only use the features of ROMvx can
                                          373   #   safely use all bytes above userVars_vx except 0x80.
                                          374   # * Programs that use some but not all features of ROMvx
                                          375   #   may exceptionally use bytes between userVars
                                          376   #   and userVars_vx if they avoid using ROM features
                                          377   #   that need them. This is considerably riskier.
                                          378   userVars        = zpByte(0)
                                          379   userVars_v4     = zpByte(0)
                                          380   # Saved vCPU context during vIRQ
                                          381   # Code that uses vCPU interrupts should not use these locations.
                                          382   vIrqSave        = zpByte(6)
                                          383   # Start of safely usable bytes under ROMv5
                                          384   userVars_v5     = zpByte(0)
                                          385   # Start of safely usable bytes under ROMv6
                                          386   userVars_v6     = zpByte(0)
                                          387
                                          388   # [0x80]
                                          389   # Constant 0x01.
                                          390   zpReset(0x80)
                                          391   oneConst        = zpByte(1)
                                          392   userVars2       = zpByte(0)
                                          393
                                          394   # Warning: One should avoid using SYS_ExpanderControl
                                          395   # under ROMv4 overwrites becauses it overwrites 0x81.
                                          396
                                          397
                                          398   #-----------------------------------------------------------------------
                                          399   #
                                          400   #  RAM page 1: video line table
                                          401   #
                                          402   #-----------------------------------------------------------------------
                                          403
                                          404   # Byte 0-239 define the video lines
                                          405   videoTable      = 0x0100 # Indirection table: Y[0] dX[0]  ..., Y[119] dX[119]
                                          406
                                          407   vReset          = 0x01f0
                                          408   vIRQ_v5         = 0x01f6
                                          409   ctrlBits        = 0x01f8
                                          410   videoTop_v5     = 0x01f9 # Number of skip lines
                                          411
                                          412   # Highest bytes are for sound channel variables
                                          413   wavA = 250      # Waveform modulation with `adda'
                                          414   wavX = 251      # Waveform modulation with `xora'
                                          415   keyL = 252      # Frequency low 7 bits (bit7 == 0)
                                          416   keyH = 253      # Frequency high 8 bits
                                          417   oscL = 254      # Phase low 7 bits
                                          418   oscH = 255      # Phase high 8 bits
                                          419
                                          420   #-----------------------------------------------------------------------
                                          421   #  Memory layout
                                          422   #-----------------------------------------------------------------------
                                          423
                                          424   userCode = 0x0200       # Application vCPU code
                                          425   soundTable = 0x0700     # Wave form tables (doubles as right-shift-2 table)
                                          426   screenMemory = 0x0800   # Default start of screen memory: 0x0800 to 0x7fff
                                          427
                                          428   #-----------------------------------------------------------------------
                                          429   #  Application definitions
                                          430   #-----------------------------------------------------------------------
                                          431
                                          432   maxTicks = 28//2                 # Duration of vCPU's slowest virtual opcode (ticks)
                                          433   minTicks = 14//2                 # vcPU's fastest instruction
                                          434   v6502_maxTicks = 38//2           # Max duration of v6502 processing phase (ticks)
                                          435
                                          436   runVcpu_overhead = 5            # Caller overhead (cycles)
                                          437   vCPU_overhead = 9               # Callee overhead of jumping in and out (cycles)
                                          438   v6502_overhead = 11             # Callee overhead for v6502 (cycles)
                                          439
                                          440   v6502_adjust = (v6502_maxTicks - maxTicks) + (v6502_overhead - vCPU_overhead)//2
                                          441   assert v6502_adjust >= 0        # v6502's overhead is a bit more than vCPU
                                          442
                                          443   def runVcpu(n, ref=None, returnTo=None):
                                          444     """Macro to run interpreter for exactly n cycles. Returns 0 in AC.
                                          445
                                          446     - `n' is the number of available Gigatron cycles including overhead.
                                          447       This is converted into interpreter ticks and takes into account
                                          448       the vCPU calling overheads. A `nop' is inserted when necessary
                                          449       for alignment between cycles and ticks.
                                          450     - `returnTo' is where program flow continues after return. If not set
                                          451        explicitely, it will be the first instruction behind the expansion.
                                          452     - If another interpreter than vCPU is active (v6502...), that one
                                          453       must adjust for the timing differences, because runVcpu wouldn't know."""
                                          454
                                          455     overhead = runVcpu_overhead + vCPU_overhead
                                          456     if returnTo == 0x100:         # Special case for videoZ
                                          457       overhead -= 2
                                          458
                                          459     if n is None:
                                          460       # (Clumsily) create a maximum time slice, corresponding to a vTicks
                                          461       # value of 127 (giving 282 cycles). A higher value doesn't work because
                                          462       # then SYS functions that just need 28 cycles (0 excess) won't start.
                                          463       n = (127 + maxTicks) * 2 + overhead
                                          464
                                          465     n -= overhead
                                          466     assert n > 0
                                          467
                                          468     if n % 2 == 1:
                                          469       nop()                       # Tick alignment
                                          470       n -= 1
                                          471     assert n % 2 == 0
                                          472
                                          473     print('runVcpu at $%04x net cycles %3s info %s' % (pc(), n, ref))
                                          474
                                          475     if returnTo != 0x100:
                                          476       if returnTo is None:
                                          477         returnTo = pc() + 5       # Next instruction
                                          478       ld(lo(returnTo))            #0
                                          479       st([vReturn])               #1
                                          480
                                          481     n //= 2
                                          482     n -= maxTicks                 # First instruction always runs
                                          483     assert n < 128
                                          484     assert n >= v6502_adjust
                                          485
                                          486     ld([vCpuSelect],Y)            #2
                                          487     jmp(Y,'ENTER')                #3
                                          488     ld(n)                         #4
                                          489   assert runVcpu_overhead ==       5
                                          490
                                          491   #-----------------------------------------------------------------------
                                          492   #       v6502 definitions
                                          493   #-----------------------------------------------------------------------
                                          494
                                          495   # Registers are zero page variables
                                          496   v6502_PC        = vLR           # Program Counter
                                          497   v6502_PCL       = vLR+0         # Program Counter Low
                                          498   v6502_PCH       = vLR+1         # Program Counter High
                                          499   v6502_S         = vSP           # Stack Pointer (kept as "S+1")
                                          500   v6502_A         = vAC+0         # Accumulator
                                          501   v6502_BI        = vAC+1         # B Input Register (used by SBC)
                                          502   v6502_ADL       = sysArgs+0     # Low Address Register
                                          503   v6502_ADH       = sysArgs+1     # High Address Register
                                          504   v6502_IR        = sysArgs+2     # Instruction Register
                                          505   v6502_P         = sysArgs+3     # Processor Status Register (V flag in bit 7)
                                          506   v6502_Qz        = sysArgs+4     # Quick Status Register for Z flag
                                          507   v6502_Qn        = sysArgs+5     # Quick Status Register for N flag
                                          508   v6502_X         = sysArgs+6     # Index Register X
                                          509   v6502_Y         = sysArgs+7     # Index Register Y
                                          510   v6502_Tmp       = vTmp          # Scratch (may be clobbered outside v6502)
                                          511
                                          512   # MOS 6502 definitions for P register
                                          513   v6502_Cflag = 1                 # Carry Flag (unsigned overflow)
                                          514   v6502_Zflag = 2                 # Zero Flag (all bits zero)
                                          515   v6502_Iflag = 4                 # Interrupt Enable Flag (1=Disable)
                                          516   v6502_Dflag = 8                 # Decimal Enable Flag (aka BCD mode, 1=Enable)
                                          517   v6502_Bflag = 16                # Break (or PHP) Instruction Flag
                                          518   v6502_Uflag = 32                # Unused (always 1)
                                          519   v6502_Vflag = 64                # Overflow Flag (signed overflow)
                                          520   v6502_Nflag = 128               # Negative Flag (bit 7 of result)
                                          521
                                          522   # In emulation it is much faster to keep the V flag in bit 7
                                          523   # This can be corrected when importing/exporting with PHP, PLP, etc
                                          524   v6502_Vemu = 128
                                          525
                                          526   # On overflow:
                                          527   #       """Overflow is set if two inputs with the same sign produce
                                          528   #          a result with a different sign. Otherwise it is clear."""
                                          529   # Formula (without carry/borrow in!):
                                          530   #       (A ^ (A+B)) & (B ^ (A+B)) & 0x80
                                          531   # References:
                                          532   #       http://www.righto.com/2012/12/the-6502-overflow-flag-explained.html
                                          533   #       http://6502.org/tutorials/vflag.html
                                          534
                                          535   # Memory layout
                                          536   v6502_Stack     = 0x0000        # 0x0100 is already used in the Gigatron
                                          537   #v6502_NMI      = 0xfffa
                                          538   #v6502_RESET    = 0xfffc
                                          539   #v6502_IRQ      = 0xfffe
                                          540
                                          541   #-----------------------------------------------------------------------
                                          542   #
                                          543   #  $0000 ROM page 0: Boot
                                          544   #
                                          545   #-----------------------------------------------------------------------
                                          546
                                          547   align(0x100, size=0x80)
                                          548
                                          549   # Give a first sign of life that can be checked with a voltmeter
              address
              |    encoding
              |    |     instruction
              |    |     |    operands
              |    |     |    |
              V    V     V    V
              0000 0000  ld   $00         550   ld(0b0000)                      # LEDs |OOOO|
              0001 1880  ld   $80,out     551   ld(syncBits^hSync,OUT)          # Prepare XOUT update, hSync goes down, RGB to black
              0002 18c0  ld   $c0,out     552   ld(syncBits,OUT)                # hSync goes up, updating XOUT
                                          553
                                          554   # Setup I/O and RAM expander
              0003 c17f  rand $7f         555   ctrl(0b01111111)                # Reset signal (default state | 0x3)
              0004 c17c  rand $7c         556   ctrl(0b01111100)                # Disable SPI slaves, enable RAM, bank 1
                                          557   #      ^^^^^^^^
                                          558   #      |||||||`-- SCLK
                                          559   #      ||||||`--- Not connected
                                          560   #      |||||`---- /SS0
                                          561   #      ||||`----- /SS1
                                          562   #      |||`------ /SS2
                                          563   #      ||`------- /SS3
                                          564   #      |`-------- B0
                                          565   #      `--------- B1
                                          566   # bit15 --------- MOSI = 0
                                          567
                                          568   # Simple RAM test and size check by writing to [1<<n] and see if [0] changes or not.
              0005 0001  ld   $01         569   ld(1)                           # Quick RAM test and count
                                          570   label('.countMem0')
.countMem0:   0006 d601  st   [$01],y     571   st([memSize],Y)                 # Store in RAM and load AC in Y
              0007 00ff  ld   $ff         572   ld(255)
              0008 6900  xora [y,$00]     573   xora([Y,0])                     # Invert value from memory
              0009 ca00  st   [y,$00]     574   st([Y,0])                       # Test RAM by writing the new value
              000a c200  st   [$00]       575   st([0])                         # Copy result in [0]
              000b 6900  xora [y,$00]     576   xora([Y,0])                     # Read back and compare if written ok
              000c ec0c  bne  $000c       577   bne(pc())                       # Loop forever on RAM failure here
              000d 00ff  ld   $ff         578   ld(255)
              000e 6900  xora [y,$00]     579   xora([Y,0])                     # Invert memory value again
              000f ca00  st   [y,$00]     580   st([Y,0])                       # To restore original value
              0010 6100  xora [$00]       581   xora([0])                       # Compare with inverted copy
              0011 f015  beq  .countMem1  582   beq('.countMem1')               # If equal, we wrapped around
              0012 0101  ld   [$01]       583   ld([memSize])
              0013 fc06  bra  .countMem0  584   bra('.countMem0')               # Loop to test next address line
              0014 8200  adda ac          585   adda(AC)                        # Executes in the branch delay slot!
                                          586   label('.countMem1')
                                          587
                                          588   # Momentarily wait to allow for debouncing of the reset switch by spinning
                                          589   # roughly 2^15 times at 2 clocks per loop: 6.5ms@10MHz to 10ms@6.3MHz
                                          590   # Real-world switches normally bounce shorter than that.
                                          591   # "[...] 16 switches exhibited an average 1557 usec of bouncing, with,
                                          592   #  as I said, a max of 6200 usec" (From: http://www.ganssle.com/debouncing.htm)
                                          593   # Relevant for the breadboard version, as the kit doesn't have a reset switch.
                                          594
.countMem1:   0015 00ff  ld   $ff         595   ld(255)                         # Debounce reset button
                                          596   label('.debounce')
.debounce:    0016 c200  st   [$00]       597   st([0])
              0017 ec17  bne  $0017       598   bne(pc())
              0018 a001  suba $01         599   suba(1)                         # Branch delay slot
              0019 0100  ld   [$00]       600   ld([0])
              001a ec16  bne  .debounce   601   bne('.debounce')
              001b a001  suba $01         602   suba(1)                         # Branch delay slot
                                          603
                                          604   # Update LEDs (memory is present and counted, reset is stable)
              001c 0001  ld   $01         605   ld(0b0001)                      # LEDs |*OOO|
              001d 1880  ld   $80,out     606   ld(syncBits^hSync,OUT)
              001e 18c0  ld   $c0,out     607   ld(syncBits,OUT)
                                          608
                                          609   # Scan the entire RAM space to collect entropy for a random number generator.
                                          610   # The 16-bit address space is scanned, even if less RAM was detected.
              001f 0000  ld   $00         611   ld(0)                           # Collect entropy from RAM
              0020 d218  st   [$18],x     612   st([vAC+0],X)
              0021 d619  st   [$19],y     613   st([vAC+1],Y)
                                          614   label('.initEnt0')
.initEnt0:    0022 0106  ld   [$06]       615   ld([entropy+0])
              0023 f426  bge  .initEnt1   616   bpl('.initEnt1')
              0024 8d00  adda [y,x]       617   adda([Y,X])
              0025 60bf  xora $bf         618   xora(191)
                                          619   label('.initEnt1')
.initEnt1:    0026 c206  st   [$06]       620   st([entropy+0])
              0027 0107  ld   [$07]       621   ld([entropy+1])
              0028 f42b  bge  .initEnt2   622   bpl('.initEnt2')
              0029 8106  adda [$06]       623   adda([entropy+0])
              002a 60c1  xora $c1         624   xora(193)
                                          625   label('.initEnt2')
.initEnt2:    002b c207  st   [$07]       626   st([entropy+1])
              002c 8108  adda [$08]       627   adda([entropy+2])
              002d c208  st   [$08]       628   st([entropy+2])
              002e 0118  ld   [$18]       629   ld([vAC+0])
              002f 8001  adda $01         630   adda(1)
              0030 ec22  bne  .initEnt0   631   bne('.initEnt0')
              0031 d218  st   [$18],x     632   st([vAC+0],X)
              0032 0119  ld   [$19]       633   ld([vAC+1])
              0033 8001  adda $01         634   adda(1)
              0034 ec22  bne  .initEnt0   635   bne('.initEnt0')
              0035 d619  st   [$19],y     636   st([vAC+1],Y)
                                          637
                                          638   # Update LEDs
              0036 0003  ld   $03         639   ld(0b0011)                      # LEDs |**OO|
              0037 1880  ld   $80,out     640   ld(syncBits^hSync,OUT)
              0038 18c0  ld   $c0,out     641   ld(syncBits,OUT)
                                          642
                                          643   # vCPU reset handler
              0039 00ee  ld   $ee         644   ld((vReset&255)-2)              # Setup vCPU reset handler
              003a c216  st   [$16]       645   st([vPC])
              003b 9002  adda $02,x       646   adda(2,X)
              003c 0001  ld   $01         647   ld(vReset>>8)
              003d d617  st   [$17],y     648   st([vPC+1],Y)
              003e dc59  st   $59,[y,x++] 649   st('LDI',             [Y,Xpp])
              003f dc5f  st   $5f,[y,x++] 650   st('SYS_Reset_88',    [Y,Xpp])
              0040 dc2b  st   $2b,[y,x++] 651   st('STW',             [Y,Xpp])
              0041 dc22  st   $22,[y,x++] 652   st(sysFn,             [Y,Xpp])
              0042 dcb4  st   $b4,[y,x++] 653   st('SYS',             [Y,Xpp])  # SYS -> SYS_Reset_88 -> SYS_Exec_88
              0043 dce2  st   $e2,[y,x++] 654   st(256-88//2+maxTicks,[Y,Xpp])
              0044 dc00  st   $00,[y,x++] 655   st(0,                 [Y,Xpp])  # vIRQ_v5: Disable interrupts
              0045 dc00  st   $00,[y,x++] 656   st(0,                 [Y,Xpp])  # vIRQ_v5
              0046 dcfc  st   $fc,[y,x++] 657   st(0b11111100,        [Y,Xpp])  # Control register
              0047 dc00  st   $00,[y,x++] 658   st(0,                 [Y,Xpp])  # videoTop
                                          659
              0048 0002  ld   $02         660   ld(hi('ENTER'))                 # Active interpreter (vCPU,v6502) = vCPU
              0049 c205  st   [$05]       661   st([vCpuSelect])
                                          662
              004a 00ff  ld   $ff         663   ld(255)                         # Setup serial input
              004b c20e  st   [$0e]       664   st([frameCount])
              004c c20f  st   [$0f]       665   st([serialRaw])
              004d c210  st   [$10]       666   st([serialLast])
              004e c211  st   [$11]       667   st([buttonState])
              004f c212  st   [$12]       668   st([resetTimer])                # resetTimer<0 when entering Main.gcl
                                          669
              0050 0007  ld   $07         670   ld(0b0111)                      # LEDs |***O|
              0051 1880  ld   $80,out     671   ld(syncBits^hSync,OUT)
              0052 18c0  ld   $c0,out     672   ld(syncBits,OUT)
                                          673
              0053 0000  ld   $00         674   ld(0)
              0054 c200  st   [$00]       675   st([0])                         # Carry lookup ([0x80] in 1st line of vBlank)
              0055 c202  st   [$02]       676   st([channel])
              0056 c22c  st   [$2c]       677   st([soundTimer])
                                          678
              0057 000f  ld   $0f         679   ld(0b1111)                      # LEDs |****|
              0058 1880  ld   $80,out     680   ld(syncBits^hSync,OUT)
              0059 18c0  ld   $c0,out     681   ld(syncBits,OUT)
              005a c213  st   [$13]       682   st([xout])                      # Setup for control by video loop
              005b c214  st   [$14]       683   st([xoutMask])
                                          684
              005c 1401  ld   $01,y       685   ld(hi('startVideo'),Y)          # Enter video loop at vertical blank
              005d e003  jmp  y,$03       686   jmp(Y,'startVideo')
              005e c22e  st   [$2e]       687   st([ledState_v2])               # Setting to 1..126 means "stopped"
                                          688
                                          689   #-----------------------------------------------------------------------
                                          690   # Extension SYS_Reset_88: Soft reset
                                          691   #-----------------------------------------------------------------------
                                          692
                                          693   # SYS_Reset_88 initiates an immediate Gigatron reset from within the vCPU.
                                          694   # The reset sequence itself is mostly implemented in GCL by Reset.gcl,
                                          695   # which must first be loaded into RAM. But as that takes more than 1 scanline,
                                          696   # some vCPU bootstrapping code gets loaded with SYS_Exec_88.
                                          697   # !!! This function was REMOVED from interface.json
                                          698   # !!! Better use vReset as generic entry point for soft reset
                                          699
                                          700   # ROM type (see also Docs/GT1-files.txt)
                                          701   romTypeValue = symbol('romTypeValue_ROMv6')
                                          702
                                          703   label('SYS_Reset_88')
                                          704   assert pc()>>8 == 0
                                          705   assert (romTypeValue & 7) == 0
SYS_Reset_88: 005f 0048  ld   $48         706   ld(romTypeValue)                #15 Set ROM type/version and clear channel mask
              0060 c221  st   [$21]       707   st([romType])                   #16
              0061 0000  ld   $00         708   ld(0)                           #17
              0062 c21c  st   [$1c]       709   st([vSP])                       #18 vSP
              0063 1401  ld   $01,y       710   ld(hi('videoTop_v5'),Y)         #19
              0064 caf9  st   [y,$f9]     711   st([Y,lo('videoTop_v5')])       #20 Show all 120 pixel lines
              0065 caf6  st   [y,$f6]     712   st([Y,vIRQ_v5])                 #21 Disable vIRQ dispatch
              0066 caf7  st   [y,$f7]     713   st([Y,vIRQ_v5+1])               #22
              0067 c22c  st   [$2c]       714   st([soundTimer])                #23 soundTimer
                                          715   assert userCode&255 == 0
              0068 c21a  st   [$1a]       716   st([vLR])                       #24 vLR
              0069 0002  ld   $02         717   ld(userCode>>8)                 #25
              006a c21b  st   [$1b]       718   st([vLR+1])                     #26
              006b 00f6  ld   $f6         719   ld('nopixels')                  #27 Video mode 3 (fast)
              006c c20a  st   [$0a]       720   st([videoModeB])                #28
              006d c20b  st   [$0b]       721   st([videoModeC])                #29
              006e c20c  st   [$0c]       722   st([videoModeD])                #30
              006f 00ad  ld   $ad         723   ld('SYS_Exec_88')               #31 SYS_Exec_88
              0070 c222  st   [$22]       724   st([sysFn])                     #32 High byte (remains) 0
              0071 000e  ld   $0e         725   ld('Reset')                     #33 Reset.gt1 from EPROM
              0072 c224  st   [$24]       726   st([sysArgs+0])                 #34
              0073 0015  ld   $15         727   ld(hi('Reset'))                 #35
              0074 c225  st   [$25]       728   st([sysArgs+1])                 #36
              0075 0116  ld   [$16]       729   ld([vPC])                       #37 Force second SYS call
              0076 a002  suba $02         730   suba(2)                         #38
              0077 c216  st   [$16]       731   st([vPC])                       #39
                                          732   # Reset expansion board
              0078 c17f  rand $7f         733   ctrl(0b01111111)                #40 Reset signal (default state | 0x3)
              0079 c17c  rand $7c         734   ctrl(0b01111100)                #41 Default state.
              007a 011d  ld   [$1d]       735   ld([vTmp])                      #42 Always load after ctrl
                                          736   # Return to interpreter
              007b 1403  ld   $03,y       737   ld(hi('REENTER'),Y)             #43
              007c e0cb  jmp  y,$cb       738   jmp(Y,'REENTER')                #44
              007d 00e8  ld   $e8         739   ld(-48/2)                       #45
                                          740
                                          741   #-----------------------------------------------------------------------
                                          742   # Placeholders for future SYS functions. This works as a kind of jump
                                          743   # table. The indirection allows SYS implementations to be moved around
                                          744   # between ROM versions, at the expense of 2 clock cycles (or 1). When
                                          745   # the function is not present it just acts as a NOP. Of course, when a
                                          746   # SYS function must be patched or extended it needs to have budget for
                                          747   # that in its declared maximum cycle count.
                                          748   #
                                          749   # Technically the same goal can be achieved by starting each function
                                          750   # with 2 nop's, or by overdeclaring their duration in the first place
                                          751   # (a bit is still wise to do). But this can result in fragmentation
                                          752   # of future ROM images. The indirection avoids that.
                                          753   #
                                          754   # An added advantage of having these in ROM page 0 is that it saves one
                                          755   # byte when setting sysFn: LDI+STW (4 bytes) instead of LDWI+STW (5 bytes)
                                          756   #-----------------------------------------------------------------------
                                          757
              007e 0200  nop              758   align(0x80, size=0x80)
              007f 0200  nop
                                          759   assert pc() == 0x80
                                          760
              0080 1403  ld   $03,y       761   ld(hi('REENTER'),Y)             #15 slot 0x80
              0081 e0cb  jmp  y,$cb       762   jmp(Y,'REENTER')                #16
              0082 00f6  ld   $f6         763   ld(-20/2)                       #17
                                          764
              0083 1403  ld   $03,y       765   ld(hi('REENTER'),Y)             #15 slot 0x83
              0084 e0cb  jmp  y,$cb       766   jmp(Y,'REENTER')                #16
              0085 00f6  ld   $f6         767   ld(-20/2)                       #17
                                          768
              0086 1403  ld   $03,y       769   ld(hi('REENTER'),Y)             #15 slot 0x86
              0087 e0cb  jmp  y,$cb       770   jmp(Y,'REENTER')                #16
              0088 00f6  ld   $f6         771   ld(-20/2)                       #17
                                          772
              0089 1403  ld   $03,y       773   ld(hi('REENTER'),Y)             #15 slot 0x89
              008a e0cb  jmp  y,$cb       774   jmp(Y,'REENTER')                #16
              008b 00f6  ld   $f6         775   ld(-20/2)                       #17
                                          776
              008c 1403  ld   $03,y       777   ld(hi('REENTER'),Y)             #15 slot 0x8c
              008d e0cb  jmp  y,$cb       778   jmp(Y,'REENTER')                #16
              008e 00f6  ld   $f6         779   ld(-20/2)                       #17
                                          780
              008f 1403  ld   $03,y       781   ld(hi('REENTER'),Y)             #15 slot 0x8f
              0090 e0cb  jmp  y,$cb       782   jmp(Y,'REENTER')                #16
              0091 00f6  ld   $f6         783   ld(-20/2)                       #17
                                          784
              0092 1403  ld   $03,y       785   ld(hi('REENTER'),Y)             #15 slot 0x92
              0093 e0cb  jmp  y,$cb       786   jmp(Y,'REENTER')                #16
              0094 00f6  ld   $f6         787   ld(-20/2)                       #17
                                          788
              0095 1403  ld   $03,y       789   ld(hi('REENTER'),Y)             #15 slot 0x95
              0096 e0cb  jmp  y,$cb       790   jmp(Y,'REENTER')                #16
              0097 00f6  ld   $f6         791   ld(-20/2)                       #17
                                          792
              0098 1403  ld   $03,y       793   ld(hi('REENTER'),Y)             #15 slot 0x98
              0099 e0cb  jmp  y,$cb       794   jmp(Y,'REENTER')                #16
              009a 00f6  ld   $f6         795   ld(-20/2)                       #17
                                          796
              009b 1403  ld   $03,y       797   ld(hi('REENTER'),Y)             #15 slot 0x9b
              009c e0cb  jmp  y,$cb       798   jmp(Y,'REENTER')                #16
              009d 00f6  ld   $f6         799   ld(-20/2)                       #17
                                          800
                                          801   #-----------------------------------------------------------------------
                                          802   # Extension SYS_Multiply_s16_v6_66: 16 bit multiplication
                                          803   #-----------------------------------------------------------------------
                                          804   #
                                          805   # Computes C = C + A * B where A,B,C are 16 bits integers.
                                          806   # Returns 16 bits result in vAC as well
                                          807   #
                                          808   #       sysArgs[0:1]    Multiplicand A (in)
                                          809   #       sysArgs[2:3]    Multiplicand B (in)
                                          810   #       sysArgs[4:5]    C (inout)
                                          811   #       sysArgs[6:7]    Must be set to 1 (in)
                                          812   #
                                          813   # Credits: at67
                                          814
                                          815   label('SYS_Multiply_s16_v6_66')
SYS_Multiply_s16_v6_66:
              009e 1414  ld   $14,y       816   ld(hi('sys_Multiply_s16'),Y)    #15 slot 0x9e
              009f e05c  jmp  y,$5c       817   jmp(Y,'sys_Multiply_s16')       #16
              00a0 012a  ld   [$2a]       818   ld([sysArgs+6])                 #17 load mask.lo
                                          819
                                          820   #-----------------------------------------------------------------------
                                          821   # Extension SYS_Divide_s16_v6_80: 15 bit division
                                          822   #-----------------------------------------------------------------------
                                          823   #
                                          824   # Computes the Euclidean division of 0<=A<=32767 and 0<B<=32767.
                                          825   # An external wrapper is needed to handle signed division or
                                          826   # to handle unsigned division with full range.
                                          827   #
                                          828   #       sysArgs[0:1]    Dividend A (in) Quotient (out)
                                          829   #       sysArgs[2:3]    Divisor B (in)
                                          830   #       sysArgs[4:5]    Must be set to 0 (in) Remainder (out)
                                          831   #       sysArgs[6:7]    Must be set to 1 (in)
                                          832   #
                                          833   # Credits: at67
                                          834
                                          835   label('SYS_Divide_s16_v6_80')
SYS_Divide_s16_v6_80:
              00a1 1414  ld   $14,y       836   ld(hi('sys_Divide_s16'),Y)      #15 slot 0xa1
              00a2 e094  jmp  y,$94       837   jmp(Y,'sys_Divide_s16')         #16
              00a3 0128  ld   [$28]       838   ld([sysArgs+4])                 #17
                                          839
                                          840   #-----------------------------------------------------------------------
                                          841   # More placeholders for future SYS functions
                                          842   #-----------------------------------------------------------------------
                                          843
              00a4 1403  ld   $03,y       844   ld(hi('REENTER'),Y)             #15 slot 0xa4
              00a5 e0cb  jmp  y,$cb       845   jmp(Y,'REENTER')                #16
              00a6 00f6  ld   $f6         846   ld(-20/2)                       #17
                                          847
              00a7 1403  ld   $03,y       848   ld(hi('REENTER'),Y)             #15 slot 0xa7
              00a8 e0cb  jmp  y,$cb       849   jmp(Y,'REENTER')                #16
              00a9 00f6  ld   $f6         850   ld(-20/2)                       #17
                                          851
              00aa 1403  ld   $03,y       852   ld(hi('REENTER'),Y)             #15 slot 0xaa
              00ab e0cb  jmp  y,$cb       853   jmp(Y,'REENTER')                #16
              00ac 00f6  ld   $f6         854   ld(-20/2)                       #17
                                          855
                                          856   #-----------------------------------------------------------------------
                                          857   # Extension SYS_Exec_88: Load code from ROM into memory and execute it
                                          858   #-----------------------------------------------------------------------
                                          859   #
                                          860   # This loads the vCPU code with consideration of the current vSP
                                          861   # Used during reset, but also for switching between applications or for
                                          862   # loading data from ROM from within an application (overlays).
                                          863   #
                                          864   # ROM stream format is [<addrH> <addrL> <n&255> n*<byte>]* 0
                                          865   # on top of lookup tables.
                                          866   #
                                          867   # Variables:
                                          868   #       sysArgs[0:1]    ROM pointer (in)
                                          869   #       sysArgs[2:3]    RAM pointer (changed)
                                          870   #       sysArgs[4]      State counter (changed)
                                          871   #       vLR             vCPU continues here (in)
                                          872
                                          873   label('SYS_Exec_88')
SYS_Exec_88:  00ad 1412  ld   $12,y       874   ld(hi('sys_Exec'),Y)            #15
              00ae e042  jmp  y,$42       875   jmp(Y,'sys_Exec')               #16
              00af 0000  ld   $00         876   ld(0)                           #17 Address of loader on zero page
                                          877
                                          878   #-----------------------------------------------------------------------
                                          879   # More placeholders for future SYS functions
                                          880   #-----------------------------------------------------------------------
                                          881
              00b0 1403  ld   $03,y       882   ld(hi('REENTER'),Y)             #15 slot 0xb0
              00b1 e0cb  jmp  y,$cb       883   jmp(Y,'REENTER')                #16
              00b2 00f6  ld   $f6         884   ld(-20/2)                       #17
                                          885
              00b3 1403  ld   $03,y       886   ld(hi('REENTER'),Y)             #15 slot 0xb3
              00b4 e0cb  jmp  y,$cb       887   jmp(Y,'REENTER')                #16
              00b5 00f6  ld   $f6         888   ld(-20/2)                       #17
                                          889
              00b6 1403  ld   $03,y       890   ld(hi('REENTER'),Y)             #15 slot 0xb6
              00b7 e0cb  jmp  y,$cb       891   jmp(Y,'REENTER')                #16
              00b8 00f6  ld   $f6         892   ld(-20/2)                       #17
                                          893
              00b9 1403  ld   $03,y       894   ld(hi('REENTER'),Y)             #15 slot 0xb9
              00ba e0cb  jmp  y,$cb       895   jmp(Y,'REENTER')                #16
              00bb 00f6  ld   $f6         896   ld(-20/2)                       #17
                                          897
              00bc 1403  ld   $03,y       898   ld(hi('REENTER'),Y)             #15 slot 0xbc
              00bd e0cb  jmp  y,$cb       899   jmp(Y,'REENTER')                #16
              00be 00f6  ld   $f6         900   ld(-20/2)                       #17
                                          901
              00bf 1403  ld   $03,y       902   ld(hi('REENTER'),Y)             #15 slot 0xbf
              00c0 e0cb  jmp  y,$cb       903   jmp(Y,'REENTER')                #16
              00c1 00f6  ld   $f6         904   ld(-20/2)                       #17
                                          905
              00c2 1403  ld   $03,y       906   ld(hi('REENTER'),Y)             #15 slot 0xc2
              00c3 e0cb  jmp  y,$cb       907   jmp(Y,'REENTER')                #16
              00c4 00f6  ld   $f6         908   ld(-20/2)                       #17
                                          909
              00c5 1403  ld   $03,y       910   ld(hi('REENTER'),Y)             #15 slot 0xc5
              00c6 e0cb  jmp  y,$cb       911   jmp(Y,'REENTER')                #16
              00c7 00f6  ld   $f6         912   ld(-20/2)                       #17
                                          913
              00c8 1403  ld   $03,y       914   ld(hi('REENTER'),Y)             #15 slot 0xc8
              00c9 e0cb  jmp  y,$cb       915   jmp(Y,'REENTER')                #16
              00ca 00f6  ld   $f6         916   ld(-20/2)                       #17
                                          917
              00cb 1403  ld   $03,y       918   ld(hi('REENTER'),Y)             #15 slot 0xcb
              00cc e0cb  jmp  y,$cb       919   jmp(Y,'REENTER')                #16
              00cd 00f6  ld   $f6         920   ld(-20/2)                       #17
                                          921
              00ce 1403  ld   $03,y       922   ld(hi('REENTER'),Y)             #15 slot 0xce
              00cf e0cb  jmp  y,$cb       923   jmp(Y,'REENTER')                #16
              00d0 00f6  ld   $f6         924   ld(-20/2)                       #17
                                          925
              00d1 1403  ld   $03,y       926   ld(hi('REENTER'),Y)             #15 slot 0xd1
              00d2 e0cb  jmp  y,$cb       927   jmp(Y,'REENTER')                #16
              00d3 00f6  ld   $f6         928   ld(-20/2)                       #17
                                          929
              00d4 1403  ld   $03,y       930   ld(hi('REENTER'),Y)             #15 slot 0xd4
              00d5 e0cb  jmp  y,$cb       931   jmp(Y,'REENTER')                #16
              00d6 00f6  ld   $f6         932   ld(-20/2)                       #17
                                          933
              00d7 1403  ld   $03,y       934   ld(hi('REENTER'),Y)             #15 slot 0xd7
              00d8 e0cb  jmp  y,$cb       935   jmp(Y,'REENTER')                #16
              00d9 00f6  ld   $f6         936   ld(-20/2)                       #17
                                          937
              00da 1403  ld   $03,y       938   ld(hi('REENTER'),Y)             #15 slot 0xda
              00db e0cb  jmp  y,$cb       939   jmp(Y,'REENTER')                #16
              00dc 00f6  ld   $f6         940   ld(-20/2)                       #17
                                          941
              00dd 1403  ld   $03,y       942   ld(hi('REENTER'),Y)             #15 slot 0xdd
              00de e0cb  jmp  y,$cb       943   jmp(Y,'REENTER')                #16
              00df 00f6  ld   $f6         944   ld(-20/2)                       #17
                                          945
              00e0 1403  ld   $03,y       946   ld(hi('REENTER'),Y)             #15 slot 0xe0
              00e1 e0cb  jmp  y,$cb       947   jmp(Y,'REENTER')                #16
              00e2 00f6  ld   $f6         948   ld(-20/2)                       #17
                                          949
                                          950   #-----------------------------------------------------------------------
                                          951   # Extension SYS_ScanMemoryExt_v6_50
                                          952   #-----------------------------------------------------------------------
                                          953
                                          954   # SYS function for searching a byte in a 0 to 256 bytes string located
                                          955   # in a different bank. Doesn't cross page boundaries. Returns a
                                          956   # pointer to the target if found or zero. Temporarily deselects SPI
                                          957   # devices.
                                          958   #
                                          959   # sysArgs[0:1]            Start address
                                          960   # sysArgs[2], sysArgs[3]  Bytes to locate in the string
                                          961   # vACL                    Length of the string (0 means 256)
                                          962   # vACH                    Bit 6 and 7 contain the bank number
                                          963
                                          964   label('SYS_ScanMemoryExt_v6_50')
SYS_ScanMemoryExt_v6_50:
              00e3 1414  ld   $14,y       965   ld(hi('sys_ScanMemoryExt'),Y)   #15 slot 0xe3
              00e4 e027  jmp  y,$27       966   jmp(Y,'sys_ScanMemoryExt')      #16
              00e5 0119  ld   [$19]       967   ld([vAC+1])                     #17
                                          968
                                          969
                                          970   #-----------------------------------------------------------------------
                                          971   # Extension SYS_ScanMemory_v6_50
                                          972   #-----------------------------------------------------------------------
                                          973
                                          974   # SYS function for searching a byte in a 0 to 256 bytes string.
                                          975   # Returns a pointer to the target if found or zero.  Doesn't cross
                                          976   # page boundaries.
                                          977   #
                                          978   # sysArgs[0:1]            Start address
                                          979   # sysArgs[2], sysArgs[3]  Bytes to locate in the string
                                          980   # vACL                    Length of the string (0 means 256)
                                          981
                                          982   label('SYS_ScanMemory_v6_50')
SYS_ScanMemory_v6_50:
              00e6 1414  ld   $14,y       983   ld(hi('sys_ScanMemory'),Y)      #15 slot 0xe6
              00e7 e000  jmp  y,$00       984   jmp(Y,'sys_ScanMemory')         #16
              00e8 1525  ld   [$25],y     985   ld([sysArgs+1],Y)               #17
                                          986
                                          987   #-----------------------------------------------------------------------
                                          988   # Extension SYS_CopyMemory_v6_80
                                          989   #-----------------------------------------------------------------------
                                          990
                                          991   # SYS function for copying 1..256 bytes
                                          992   #
                                          993   # sysArgs[0:1]    Destination address
                                          994   # sysArgs[2:3]    Source address
                                          995   # vAC[0]          Count (0 means 256)
                                          996   #
                                          997   # Doesn't cross page boundaries.
                                          998   # Overwrites sysArgs[4:7] and vLR.
                                          999
                                          1000  label('SYS_CopyMemory_v6_80')
SYS_CopyMemory_v6_80:
              00e9 1413  ld   $13,y       1001  ld(hi('sys_CopyMemory'),Y)       # 15 slot 0xe9
              00ea e000  jmp  y,$00       1002  jmp(Y, 'sys_CopyMemory')         # 16
              00eb 0118  ld   [$18]       1003  ld([vAC])                        # 17
                                          1004
                                          1005  #-----------------------------------------------------------------------
                                          1006  # Extension SYS_CopyMemoryExt_v6_100
                                          1007  #-----------------------------------------------------------------------
                                          1008
                                          1009  # SYS function for copying 1..256 bytes across banks
                                          1010  #
                                          1011  # sysArgs[0:1]  Destination address
                                          1012  # sysArgs[2:3]  Source address
                                          1013  # vAC[0]        Count (0 means 256)
                                          1014  # vAC[1]        Bits 7 and 6 contain the destination bank number,
                                          1015  #               and bits 5 and 4 the source bank number.
                                          1016  #
                                          1017  # Doesn't cross page boundaries.
                                          1018  # Overwrites sysArgs[4:7], vLR, and vTmp.
                                          1019  # Temporarily deselect all SPI devices.
                                          1020  # Should not call without expansion board
                                          1021
                                          1022  label('SYS_CopyMemoryExt_v6_100')
SYS_CopyMemoryExt_v6_100:
              00ec 1413  ld   $13,y       1023  ld(hi('sys_CopyMemoryExt'),Y)    # 15 slot 0xec
              00ed e078  jmp  y,$78       1024  jmp(Y, 'sys_CopyMemoryExt')      # 16
              00ee 0119  ld   [$19]       1025  ld([vAC+1])                      # 17
                                          1026
                                          1027  #-----------------------------------------------------------------------
                                          1028  # Extension SYS_ReadRomDir_v5_80
                                          1029  #-----------------------------------------------------------------------
                                          1030
                                          1031  # Get next entry from ROM file system. Use vAC=0 to get the first entry.
                                          1032
                                          1033  # Variables:
                                          1034  #       vAC             Start address of current entry (inout)
                                          1035  #       sysArgs[0:7]    File name, padded with zeroes (out)
                                          1036
                                          1037  label('SYS_ReadRomDir_v5_80')
SYS_ReadRomDir_v5_80:
              00ef 1425  ld   $25,y       1038  ld(hi('sys_ReadRomDir'),Y)      #15
              00f0 e089  jmp  y,$89       1039  jmp(Y,'sys_ReadRomDir')         #16
              00f1 0119  ld   [$19]       1040  ld([vAC+1])                     #17
                                          1041
              00f2 0200  nop              1042  fillers(until=symbol('SYS_Out_22') & 255)
              00f3 0200  nop
                                          1043
                                          1044  #-----------------------------------------------------------------------
                                          1045  # Extension SYS_Out_22
                                          1046  #-----------------------------------------------------------------------
                                          1047
                                          1048  # Send byte to output port
                                          1049  #
                                          1050  # Variables:
                                          1051  #       vAC
                                          1052
                                          1053  label('SYS_Out_22')
SYS_Out_22:   00f4 1924  ld   [$24],out   1054  ld([sysArgs+0],OUT)             #15
              00f5 0200  nop              1055  nop()                           #16
              00f6 1403  ld   $03,y       1056  ld(hi('REENTER'),Y)             #17
              00f7 e0cb  jmp  y,$cb       1057  jmp(Y,'REENTER')                #18
              00f8 00f5  ld   $f5         1058  ld(-22/2)                       #19
                                          1059
                                          1060  #-----------------------------------------------------------------------
                                          1061  # Extension SYS_In_24
                                          1062  #-----------------------------------------------------------------------
                                          1063
                                          1064  # Read a byte from the input port
                                          1065  #
                                          1066  # Variables:
                                          1067  #       vAC
                                          1068
                                          1069  label('SYS_In_24')
SYS_In_24:    00f9 c318  st   in,[$18]    1070  st(IN, [vAC])                   #15
              00fa 0000  ld   $00         1071  ld(0)                           #16
              00fb c219  st   [$19]       1072  st([vAC+1])                     #17
              00fc 0200  nop              1073  nop()                           #18
              00fd 1403  ld   $03,y       1074  ld(hi('REENTER'),Y)             #19
              00fe e0cb  jmp  y,$cb       1075  jmp(Y,'REENTER')                #20
              00ff 00f4  ld   $f4         1076  ld(-24/2)                       #21
                                          1077
                                          1078  assert pc()&255 == 0
                                          1079
                                          1080  #-----------------------------------------------------------------------
                                          1081  #
                                          1082  #  $0100 ROM page 1: Video loop vertical blank
                                          1083  #
                                          1084  #-----------------------------------------------------------------------
                                          1085  align(0x100, size=0x100)
                                          1086
                                          1087  # Video off mode (also no sound, serial, timer, blinkenlights, ...).
                                          1088  # For benchmarking purposes. This still has the overhead for the vTicks
                                          1089  # administration, time slice granularity etc.
                                          1090  label('videoZ')
                                          1091  videoZ = pc()
videoZ:       0100 1505  ld   [$05],y     1092  runVcpu(None, '---- novideo', returnTo=videoZ)
              0101 e0ff  jmp  y,$ff
              0102 007f  ld   $7f
                                          1093
                                          1094  label('startVideo')             # (Re)start of video signal from idle state
startVideo:   0103 00c0  ld   $c0         1095  ld(syncBits)
                                          1096
                                          1097  # Start of vertical blank interval
                                          1098  label('vBlankStart')
vBlankStart:  0104 c21f  st   [$1f]       1099  st([videoSync0])                #32 Start of vertical blank interval
              0105 0080  ld   $80         1100  ld(syncBits^hSync)              #33
              0106 c220  st   [$20]       1101  st([videoSync1])                #34
                                          1102
                                          1103  # Reset line counter before vCPU can see it
              0107 00b3  ld   $b3         1104  ld(videoYline0)                 #35
              0108 c209  st   [$09]       1105  st([videoY])                    #36
                                          1106
                                          1107  # Update frame count and [0x80] (4 cycles)
              0109 0001  ld   $01         1108  ld(1)                           #37 Reinitialize carry lookup, for robustness
              010a c280  st   [$80]       1109  st([0x80])                      #38
              010b 810e  adda [$0e]       1110  adda([frameCount])              #39 Frame counter
              010c c20e  st   [$0e]       1111  st([frameCount])                #40
                                          1112
                                          1113  # Mix entropy (11 cycles)
              010d 6107  xora [$07]       1114  xora([entropy+1])               #41 Mix entropy
              010e 610f  xora [$0f]       1115  xora([serialRaw])               #42 Mix in serial input
              010f 8106  adda [$06]       1116  adda([entropy+0])               #43
              0110 c206  st   [$06]       1117  st([entropy+0])                 #44
              0111 8108  adda [$08]       1118  adda([entropy+2])               #45 Some hidden state
              0112 c208  st   [$08]       1119  st([entropy+2])                 #46
              0113 e816  blt  $0116       1120  bmi(pc()+3)                     #47
              0114 fc17  bra  $0117       1121  bra(pc()+3)                     #48
              0115 6053  xora $53         1122  xora(64+16+2+1)                 #49
              0116 606c  xora $6c         1123  xora(64+32+8+4)                 #49(!)
              0117 8107  adda [$07]       1124  adda([entropy+1])               #50
              0118 c207  st   [$07]       1125  st([entropy+1])                 #51
                                          1126
                                          1127  # LED sequencer (18 cycles)
              0119 012d  ld   [$2d]       1128  ld([ledTimer])                  #52 Blinkenlight sequencer
              011a f01d  beq  $011d       1129  beq(pc()+3)                     #53
              011b fc1e  bra  $011e       1130  bra(pc()+3)                     #54
              011c a001  suba $01         1131  suba(1)                         #55
              011d 012f  ld   [$2f]       1132  ld([ledTempo])                  #55(!)
              011e c22d  st   [$2d]       1133  st([ledTimer])                  #56
              011f f022  beq  $0122       1134  beq(pc()+3)                     #57
              0120 fc23  bra  $0123       1135  bra(pc()+3)                     #58
              0121 0000  ld   $00         1136  ld(0)                           #59 Don't advance state
              0122 0001  ld   $01         1137  ld(1)                           #59(!) Advance state when timer passes through 0
              0123 812e  adda [$2e]       1138  adda([ledState_v2])             #60
              0124 ec27  bne  $0127       1139  bne(pc()+3)                     #61
              0125 fc28  bra  $0128       1140  bra(pc()+3)                     #62
              0126 00e8  ld   $e8         1141  ld(-24)                         #63 State 0 becomes -24, start of sequence
              0127 e42c  bgt  .leds#65    1142  bgt('.leds#65')                 #63(!) Catch the stopped state (>0)
              0128 c22e  st   [$2e]       1143  st([ledState_v2])               #64
              0129 8048  adda $48         1144  adda('.leds#69')                #65
              012a fe00  bra  ac          1145  bra(AC)                         #66 Jump to lookup table
              012b fc48  bra  .leds#69    1146  bra('.leds#69')                 #67 Single-instruction subroutine
                                          1147
                                          1148  label('.leds#65')
.leds#65:     012c 000f  ld   $0f         1149  ld(0x0f)                        #65 Maintain stopped state
              012d c22e  st   [$2e]       1150  st([ledState_v2])               #66
              012e fc48  bra  .leds#69    1151  bra('.leds#69')                 #67
              012f 2114  anda [$14]       1152  anda([xoutMask])                #68 Always clear sound bits (this is why AC=0x0f)
                                          1153
              0130 000f  ld   $0f         1154  ld(0b1111)                      #68 LEDs |****| offset -24 Low 4 bits are the LED output
              0131 0007  ld   $07         1155  ld(0b0111)                      #68 LEDs |***O|
              0132 0003  ld   $03         1156  ld(0b0011)                      #68 LEDs |**OO|
              0133 0001  ld   $01         1157  ld(0b0001)                      #68 LEDs |*OOO|
              0134 0002  ld   $02         1158  ld(0b0010)                      #68 LEDs |O*OO|
              0135 0004  ld   $04         1159  ld(0b0100)                      #68 LEDs |OO*O|
              0136 0008  ld   $08         1160  ld(0b1000)                      #68 LEDs |OOO*|
              0137 0004  ld   $04         1161  ld(0b0100)                      #68 LEDs |OO*O|
              0138 0002  ld   $02         1162  ld(0b0010)                      #68 LEDs |O*OO|
              0139 0001  ld   $01         1163  ld(0b0001)                      #68 LEDs |*OOO|
              013a 0003  ld   $03         1164  ld(0b0011)                      #68 LEDs |**OO|
              013b 0007  ld   $07         1165  ld(0b0111)                      #68 LEDs |***O|
              013c 000f  ld   $0f         1166  ld(0b1111)                      #68 LEDs |****|
              013d 000e  ld   $0e         1167  ld(0b1110)                      #68 LEDs |O***|
              013e 000c  ld   $0c         1168  ld(0b1100)                      #68 LEDs |OO**|
              013f 0008  ld   $08         1169  ld(0b1000)                      #68 LEDs |OOO*|
              0140 0004  ld   $04         1170  ld(0b0100)                      #68 LEDs |OO*O|
              0141 0002  ld   $02         1171  ld(0b0010)                      #68 LEDs |O*OO|
              0142 0001  ld   $01         1172  ld(0b0001)                      #68 LEDs |*OOO|
              0143 0002  ld   $02         1173  ld(0b0010)                      #68 LEDs |O*OO|
              0144 0004  ld   $04         1174  ld(0b0100)                      #68 LEDs |OO*O|
              0145 0008  ld   $08         1175  ld(0b1000)                      #68 LEDs |OOO*|
              0146 000c  ld   $0c         1176  ld(0b1100)                      #68 LEDs |OO**|
              0147 000e  ld   $0e         1177  ld(0b1110)                      #68 LEDs |O***| offset -1
                                          1178  label('.leds#69')
.leds#69:     0148 c214  st   [$14]       1179  st([xoutMask])                  #69 Sound bits will be re-enabled below
              0149 0010  ld   $10         1180  ld(vPulse*2)                    #70 vPulse default length when not modulated
              014a c20d  st   [$0d]       1181  st([videoPulse])                #71
                                          1182
                                          1183  # When the total number of scan lines per frame is not an exact multiple of the
                                          1184  # (4) channels, there will be an audible discontinuity if no measure is taken.
                                          1185  # This static noise can be suppressed by swallowing the first `lines mod 4'
                                          1186  # partial samples after transitioning into vertical blank. This is easiest if
                                          1187  # the modulo is 0 (do nothing), 1 (reset sample when entering the last visible
                                          1188  # scan line), or 2 (reset sample while in the first blank scan line). For the
                                          1189  # last case there is no solution yet: give a warning.
                                          1190  extra = 0
                                          1191  if soundDiscontinuity == 2:
                                          1192    st(sample, [sample])          # Sound continuity
                                          1193    extra += 1
                                          1194  if soundDiscontinuity > 2:
                                          1195    highlight('Warning: sound discontinuity not suppressed')
                                          1196
                                          1197  # vCPU interrupt
              014b 010e  ld   [$0e]       1198  ld([frameCount])                #72
                                          1199  beq('vBlankFirst#75')           #73
              014c f052  beq  vBlankFirst#75
                                          1200
              014d 0055  ld   $55         1201  runVcpu(186-74-extra,           #74 Application cycles (scan line 0)
              014e c21e  st   [$1e]
              014f 1505  ld   [$05],y
              0150 e0ff  jmp  y,$ff
              0151 0023  ld   $23
                                          1202      '---D line 0 no timeout',
                                          1203      returnTo='vBlankFirst#186')
                                          1204
                                          1205  label('vBlankFirst#75')
vBlankFirst#75:
              0152 1412  ld   $12,y       1206  ld(hi('vBlankFirst#78'),Y)      #75
              0153 e000  jmp  y,$00       1207  jmp(Y,'vBlankFirst#78')         #76
              0154 1401  ld   $01,y       1208  ld(hi(vIRQ_v5),Y)               #77
                                          1209  label('vBlankFirst#186')
                                          1210
                                          1211  # Mitigation for rogue channelMask (3 cycles)
vBlankFirst#186:
              0155 0121  ld   [$21]       1212  ld([channelMask])               #186 Normalize channelMask, for robustness
              0156 20fb  anda $fb         1213  anda(0b11111011)                #187
              0157 c221  st   [$21]       1214  st([channelMask])               #188
                                          1215
                                          1216  # Sound on/off (6 cycles)
              0158 012c  ld   [$2c]       1217  ld([soundTimer])                #189 Sound on/off
              0159 ec5c  bne  $015c       1218  bne(pc()+3)                     #190
              015a fc5d  bra  $015d       1219  bra(pc()+3)                     #191
              015b 0000  ld   $00         1220  ld(0)                           #192 Keeps sound unchanged (should be off here)
              015c 00f0  ld   $f0         1221  ld(0xf0)                        #192(!) Turns sound back on
              015d 4114  ora  [$14]       1222  ora([xoutMask])                 #193
              015e c214  st   [$14]       1223  st([xoutMask])                  #194
                                          1224
                                          1225  # Sound timer count down (5 cycles)
              015f 012c  ld   [$2c]       1226  ld([soundTimer])                #195 Sound timer
              0160 f063  beq  $0163       1227  beq(pc()+3)                     #196
              0161 fc64  bra  $0164       1228  bra(pc()+3)                     #197
              0162 a001  suba $01         1229  suba(1)                         #198
              0163 0000  ld   $00         1230  ld(0)                           #198
              0164 c22c  st   [$2c]       1231  st([soundTimer])                #199
                                          1232
              0165 191f  ld   [$1f],out   1233  ld([videoSync0],OUT)            #0 <New scan line start>
                                          1234  label('sound1')
sound1:       0166 0102  ld   [$02]       1235  ld([channel])                   #1 Advance to next sound channel
              0167 2121  anda [$21]       1236  anda([channelMask])             #2
              0168 8001  adda $01         1237  adda(1)                         #3
              0169 1920  ld   [$20],out   1238  ld([videoSync1],OUT)            #4 Start horizontal pulse
              016a d602  st   [$02],y     1239  st([channel],Y)                 #5
              016b 007f  ld   $7f         1240  ld(0x7f)                        #6 Update sound channel
              016c 29fe  anda [y,$fe]     1241  anda([Y,oscL])                  #7
              016d 89fc  adda [y,$fc]     1242  adda([Y,keyL])                  #8
              016e cafe  st   [y,$fe]     1243  st([Y,oscL])                    #9
              016f 3080  anda $80,x       1244  anda(0x80,X)                    #10
              0170 0500  ld   [x]         1245  ld([X])                         #11
              0171 89ff  adda [y,$ff]     1246  adda([Y,oscH])                  #12
              0172 89fd  adda [y,$fd]     1247  adda([Y,keyH])                  #13
              0173 caff  st   [y,$ff]     1248  st([Y,oscH])                    #14
              0174 20fc  anda $fc         1249  anda(0xfc)                      #15
              0175 69fb  xora [y,$fb]     1250  xora([Y,wavX])                  #16
              0176 1200  ld   ac,x        1251  ld(AC,X)                        #17
              0177 09fa  ld   [y,$fa]     1252  ld([Y,wavA])                    #18
              0178 1407  ld   $07,y       1253  ld(soundTable>>8,Y)             #19
              0179 8d00  adda [y,x]       1254  adda([Y,X])                     #20
              017a e87d  blt  $017d       1255  bmi(pc()+3)                     #21
              017b fc7e  bra  $017e       1256  bra(pc()+3)                     #22
              017c 203f  anda $3f         1257  anda(63)                        #23
              017d 003f  ld   $3f         1258  ld(63)                          #23(!)
              017e 8103  adda [$03]       1259  adda([sample])                  #24
              017f c203  st   [$03]       1260  st([sample])                    #25
                                          1261
              0180 0113  ld   [$13]       1262  ld([xout])                      #26 Gets copied to XOUT
              0181 1412  ld   $12,y       1263  ld(hi('vBlankLast#34'),Y)       #27 Prepare jumping out of page in last line
              0182 191f  ld   [$1f],out   1264  ld([videoSync0],OUT)            #28 End horizontal pulse
                                          1265
                                          1266  # Count through the vertical blank interval until its last scan line
              0183 0109  ld   [$09]       1267  ld([videoY])                    #29
                                          1268  bpl('.vBlankLast#32')           #30
              0184 f4b1  bge  .vBlankLast#32
              0185 8002  adda $02         1269  adda(2)                         #31
              0186 c209  st   [$09]       1270  st([videoY])                    #32
                                          1271
                                          1272  # Determine if we're in the vertical sync pulse
              0187 a0bd  suba $bd         1273  suba(1-2*(vBack+vPulse-1))      #33 Prepare sync values
              0188 ec8d  bne  .prepSync36 1274  bne('.prepSync36')              #34 Tests for start of vPulse
              0189 a10d  suba [$0d]       1275  suba([videoPulse])              #35
              018a 0040  ld   $40         1276  ld(syncBits^vSync)              #36 Entering vertical sync pulse
              018b fc92  bra  .prepSync39 1277  bra('.prepSync39')              #37
              018c c21f  st   [$1f]       1278  st([videoSync0])                #38
                                          1279  label('.prepSync36')
.prepSync36:  018d ec91  bne  .prepSync38 1280  bne('.prepSync38')              #36 Tests for end of vPulse
              018e 00c0  ld   $c0         1281  ld(syncBits)                    #37
              018f fc93  bra  .prepSync40 1282  bra('.prepSync40')              #38 Entering vertical back porch
              0190 c21f  st   [$1f]       1283  st([videoSync0])                #39
                                          1284  label('.prepSync38')
.prepSync38:  0191 011f  ld   [$1f]       1285  ld([videoSync0])                #38 Load current value
                                          1286  label('.prepSync39')
.prepSync39:  0192 0200  nop              1287  nop()                           #39
                                          1288  label('.prepSync40')
.prepSync40:  0193 6040  xora $40         1289  xora(hSync)                     #40 Precompute, as during the pulse there is no time
              0194 c220  st   [$20]       1290  st([videoSync1])                #41
                                          1291
                                          1292  # Capture the serial input before the '595 shifts it out
              0195 0109  ld   [$09]       1293  ld([videoY])                    #42 Capture serial input
              0196 60cf  xora $cf         1294  xora(1-2*(vBack-1-1))           #43 Exactly when the 74HC595 has captured all 8 controller bits
              0197 ec9a  bne  $019a       1295  bne(pc()+3)                     #44
              0198 fc9b  bra  $019b       1296  bra(pc()+3)                     #45
              0199 c30f  st   in,[$0f]    1297  st(IN, [serialRaw])             #46
              019a c000  st   $00,[$00]   1298  st(0,[0])                       #46(!) Reinitialize carry lookup, for robustness
                                          1299
                                          1300  # Update [xout] with the next sound sample every 4 scan lines.
                                          1301  # Keep doing this on 'videoC equivalent' scan lines in vertical blank.
              019b 0109  ld   [$09]       1302  ld([videoY])                    #47
              019c 2006  anda $06         1303  anda(6)                         #48
                                          1304  beq('vBlankSample')             #49
              019d f0a6  beq  vBlankSample
              019e 0103  ld   [$03]       1305  ld([sample])                    #50
                                          1306
                                          1307  label('vBlankNormal')
vBlankNormal: 019f 00a4  ld   $a4         1308  runVcpu(199-51, 'AB-D line 1-36')#51 Application cycles (vBlank scan lines without sound sample update)
              01a0 c21e  st   [$1e]
              01a1 1505  ld   [$05],y
              01a2 e0ff  jmp  y,$ff
              01a3 0035  ld   $35
              01a4 fc66  bra  sound1      1309  bra('sound1')                   #199
              01a5 191f  ld   [$1f],out   1310  ld([videoSync0],OUT)            #0 <New scan line start>
                                          1311
                                          1312  label('vBlankSample')
vBlankSample: 01a6 400f  ora  $0f         1313  ora(0x0f)                       #51 New sound sample is ready
              01a7 2114  anda [$14]       1314  anda([xoutMask])                #52
              01a8 c213  st   [$13]       1315  st([xout])                      #53
              01a9 c003  st   $03,[$03]   1316  st(sample, [sample])            #54 Reset for next sample
                                          1317
              01aa 00af  ld   $af         1318  runVcpu(199-55, '--C- line 3-39')#55 Application cycles (vBlank scan lines with sound sample update)
              01ab c21e  st   [$1e]
              01ac 1505  ld   [$05],y
              01ad e0ff  jmp  y,$ff
              01ae 0033  ld   $33
              01af fc66  bra  sound1      1319  bra('sound1')                   #199
              01b0 191f  ld   [$1f],out   1320  ld([videoSync0],OUT)            #0 <New scan line start>
                                          1321
                                          1322  #-----------------------------------------------------------------------
                                          1323
                                          1324  label('.vBlankLast#32')
.vBlankLast#32:
              01b1 e025  jmp  y,$25       1325  jmp(Y,'vBlankLast#34')          #32 Jump out of page for space reasons
                                          1326  #assert hi(controllerType) == hi(pc()) # Assume these share the high address
              01b2 1401  ld   $01,y       1327  ld(hi(pc()),Y)                  #33
                                          1328
                                          1329  label('vBlankLast#52')
                                          1330
                                          1331  # Respond to reset button (14 cycles)
                                          1332  # - ResetTimer decrements as long as just [Start] is pressed down
                                          1333  # - Reaching 0 (normal) or 128 (extended) triggers the soft reset sequence
                                          1334  # - Initial value is 128 (or 255 at boot), first decrement, then check
                                          1335  # - This starts vReset -> SYS_Reset_88 -> SYS_Exec_88 -> Reset.gcl -> Main.gcl
                                          1336  # - Main.gcl then recognizes extended presses if resetTimer is 0..127 ("paasei")
                                          1337  # - This requires a full cycle (4s) in the warm boot scenario
                                          1338  # - Or a half cycle (2s) when pressing [Select] down during hard reset
                                          1339  # - This furthermore requires >=1 frame (and <=128) to have passed between
                                          1340  #   reaching 128 and getting through Reset and the start of Main, while [Start]
                                          1341  #   was still pressed so the count reaches <128. Two reasonable expectations.
                                          1342  # - The unintended power-up scenarios of ROMv1 (pulling SER_DATA low, or
                                          1343  #   pressing [Select] together with another button) now don't trigger anymore.
                                          1344
vBlankLast#52:
              01b3 0111  ld   [$11]       1345  ld([buttonState])               #52 Check [Start] for soft reset
              01b4 60ef  xora $ef         1346  xora(~buttonStart)              #53
              01b5 ecbe  bne  .restart#56 1347  bne('.restart#56')              #54
              01b6 0112  ld   [$12]       1348  ld([resetTimer])                #55 As long as button pressed
              01b7 a001  suba $01         1349  suba(1)                         #56 ... count down the timer
              01b8 c212  st   [$12]       1350  st([resetTimer])                #57
              01b9 207f  anda $7f         1351  anda(127)                       #58
              01ba f0c6  beq  .restart#61 1352  beq('.restart#61')              #59 Reset at 0 (normal 2s) or 128 (extended 4s)
              01bb 00ee  ld   $ee         1353  ld((vReset&255)-2)              #60 Start force reset when hitting 0
              01bc fcc5  bra  .restart#63 1354  bra('.restart#63')              #61 ... otherwise do nothing yet
              01bd fcc4  bra  .restart#64 1355  bra('.restart#64')              #62
                                          1356  label('.restart#56')
.restart#56:  01be 0001  ld   $01         1357  wait(62-56)                     #56
              01bf ecbf  bne  $01bf
              01c0 a001  suba $01
              01c1 0200  nop
              01c2 0080  ld   $80         1358  ld(128)                         #62 Not pressed, reset the timer
              01c3 c212  st   [$12]       1359  st([resetTimer])                #63
                                          1360  label('.restart#64')
.restart#64:  01c4 fccb  bra  .restart#66 1361  bra('.restart#66')              #64
                                          1362  label('.restart#63')
.restart#63:  01c5 0200  nop              1363  nop()                           #63,65
                                          1364  label('.restart#61')
.restart#61:  01c6 c216  st   [$16]       1365  st([vPC])                       #61 Point vPC at vReset
              01c7 0001  ld   $01         1366  ld(vReset>>8)                   #62
              01c8 c217  st   [$17]       1367  st([vPC+1])                     #63
              01c9 0002  ld   $02         1368  ld(hi('ENTER'))                 #64 Set active interpreter to vCPU
              01ca c205  st   [$05]       1369  st([vCpuSelect])                #65
                                          1370  label('.restart#66')
                                          1371
                                          1372  # Switch video mode when (only) select is pressed (16 cycles)
                                          1373  # XXX We could make this a vCPU interrupt
.restart#66:  01cb 0111  ld   [$11]       1374  ld([buttonState])               #66 Check [Select] to switch modes
              01cc 60df  xora $df         1375  xora(~buttonSelect)             #67 Only trigger when just [Select] is pressed
              01cd ece2  bne  .select#70  1376  bne('.select#70')               #68
              01ce 010b  ld   [$0b]       1377  ld([videoModeC])                #69
              01cf e8d5  blt  .select#72  1378  bmi('.select#72')               #70 Branch when line C is off
              01d0 010a  ld   [$0a]       1379  ld([videoModeB])                #71 Rotate: Off->D->B->C
              01d1 c20b  st   [$0b]       1380  st([videoModeC])                #72
              01d2 010c  ld   [$0c]       1381  ld([videoModeD])                #73
              01d3 c20a  st   [$0a]       1382  st([videoModeB])                #74
              01d4 fcda  bra  .select#77  1383  bra('.select#77')               #75
                                          1384  label('.select#72')
.select#72:   01d5 00f6  ld   $f6         1385  ld('nopixels')                  #72,76
              01d6 000a  ld   $0a         1386  ld('pixels')                    #73 Reset: On->D->B->C
              01d7 c20b  st   [$0b]       1387  st([videoModeC])                #74
              01d8 c20a  st   [$0a]       1388  st([videoModeB])                #75
              01d9 0200  nop              1389  nop()                           #76
                                          1390  label('.select#77')
.select#77:   01da c20c  st   [$0c]       1391  st([videoModeD])                #77
              01db 0035  ld   $35         1392  wait(188-78)                    #78 Don't waste code space expanding runVcpu here
              01dc ecdc  bne  $01dc
              01dd a001  suba $01
              01de 0200  nop
                                          1393  # AC==255 now
              01df c211  st   [$11]       1394  st([buttonState])               #188
                                          1395  bra('vBlankEnd#191')            #189
              01e0 fcea  bra  vBlankEnd#191
              01e1 0000  ld   $00         1396  ld(0)                           #190
                                          1397  label('.select#70')
                                          1398
                                          1399  # Mitigation of runaway channel variable
.select#70:   01e2 0102  ld   [$02]       1400  ld([channel])                   #70 Normalize channel, for robustness
              01e3 2003  anda $03         1401  anda(0b00000011)                #71
              01e4 c202  st   [$02]       1402  st([channel])                   #72 Stop wild channel updates
                                          1403
              01e5 00ea  ld   $ea         1404  runVcpu(191-73, '---D line 40') #73 Application cycles (scan line 40)
              01e6 c21e  st   [$1e]
              01e7 1505  ld   [$05],y
              01e8 e0ff  jmp  y,$ff
              01e9 0026  ld   $26
                                          1405
                                          1406  # AC==0 now
                                          1407  label('vBlankEnd#191')
vBlankEnd#191:
              01ea 1401  ld   $01,y       1408  ld(videoTop_v5>>8,Y)            #191
              01eb 09f9  ld   [y,$f9]     1409  ld([Y,videoTop_v5])             #192
              01ec c209  st   [$09]       1410  st([videoY])                    #193
              01ed c21f  st   [$1f]       1411  st([frameX])                    #194
              01ee ecf1  bne  $01f1       1412  bne(pc()+3)                     #195
              01ef fcf2  bra  $01f2       1413  bra(pc()+3)                     #196
              01f0 0001  ld   $01         1414  ld('videoA')                    #197
              01f1 00ec  ld   $ec         1415  ld('videoF')                    #197(!)
              01f2 c20d  st   [$0d]       1416  st([nextVideo])                 #198
              01f3 0102  ld   [$02]       1417  ld([channel])                   #199 Advance to next sound channel
              01f4 2121  anda [$21]       1418  anda([channelMask])             #0 <New scan line start>
              01f5 8001  adda $01         1419  adda(1)                         #1
              01f6 1402  ld   $02,y       1420  ld(hi('sound2'),Y)              #2
              01f7 e0b1  jmp  y,$b1       1421  jmp(Y,'sound2')                 #3
              01f8 1880  ld   $80,out     1422  ld(syncBits^hSync,OUT)          #4 Start horizontal pulse
                                          1423
              01f9 0200  nop              1424  fillers(until=0xff)
              01fa 0200  nop
              01fb 0200  nop
              * 6 times
                                          1425
                                          1426  #-----------------------------------------------------------------------
                                          1427  # Return point for vCPU slices during visible screen area
                                          1428  #-----------------------------------------------------------------------
                                          1429
                                          1430  assert pc() == 0x1ff            # Enables runVcpu() to re-enter into the next page
              01ff fcae  bra  sound3      1431  bra('sound3')                   #200,0 <New scan line start>
                                          1432
                                          1433  #-----------------------------------------------------------------------
                                          1434  #
                                          1435  #  $0200 ROM page 2: Video loop visible scanlines
                                          1436  #
                                          1437  #-----------------------------------------------------------------------
                                          1438  align(0x100, size=0x100)
              0200 0102  ld   [$02]       1439  ld([channel])                   #1 Advance to next sound channel
                                          1440
                                          1441  # Back porch A: first of 4 repeated scan lines
                                          1442  # - Fetch next Yi and store it for retrieval in the next scan lines
                                          1443  # - Calculate Xi from dXi, but there is no cycle time left to store it as well
                                          1444  label('videoA')
videoA:       0201 00ca  ld   $ca         1445  ld('videoB')                    #29 1st scanline of 4 (always visible)
              0202 c20d  st   [$0d]       1446  st([nextVideo])                 #30
              0203 1401  ld   $01,y       1447  ld(videoTable>>8,Y)             #31
              0204 1109  ld   [$09],x     1448  ld([videoY],X)                  #32
              0205 0d00  ld   [y,x]       1449  ld([Y,X])                       #33
              0206 de00  st   [y,x++]     1450  st([Y,Xpp])                     #34 Just X++
              0207 c220  st   [$20]       1451  st([frameY])                    #35
              0208 0d00  ld   [y,x]       1452  ld([Y,X])                       #36
              0209 911f  adda [$1f],x     1453  adda([frameX],X)                #37
                                          1454  label('pixels')
pixels:       020a 1520  ld   [$20],y     1455  ld([frameY],Y)                  #38
              020b 00c0  ld   $c0         1456  ld(syncBits)                    #39
                                          1457
                                          1458  # Stream 160 pixels from memory location <Yi,Xi> onwards
                                          1459  # Superimpose the sync signal bits to be robust against misprogramming
                                          1460  for i in range(qqVgaWidth):
              020c 5d00  ora  [y,x++],out 1461    ora([Y,Xpp],OUT)              #40-199 Pixel burst
              020d 5d00  ora  [y,x++],out
              020e 5d00  ora  [y,x++],out
              * 160 times
              02ac 18c0  ld   $c0,out     1462  ld(syncBits,OUT)                #0 <New scan line start> Back to black
                                          1463
                                          1464  # Front porch
              02ad 0102  ld   [$02]       1465  ld([channel])                   #1 Advance to next sound channel
                                          1466  label('sound3')                 # Return from vCPU interpreter
sound3:       02ae 2121  anda [$21]       1467  anda([channelMask])             #2
              02af 8001  adda $01         1468  adda(1)                         #3
              02b0 1880  ld   $80,out     1469  ld(syncBits^hSync,OUT)          #4 Start horizontal pulse
                                          1470
                                          1471  # Horizontal sync and sound channel update for scanlines outside vBlank
                                          1472  label('sound2')
sound2:       02b1 d602  st   [$02],y     1473  st([channel],Y)                 #5
              02b2 007f  ld   $7f         1474  ld(0x7f)                        #6
              02b3 29fe  anda [y,$fe]     1475  anda([Y,oscL])                  #7
              02b4 89fc  adda [y,$fc]     1476  adda([Y,keyL])                  #8
              02b5 cafe  st   [y,$fe]     1477  st([Y,oscL])                    #9
              02b6 3080  anda $80,x       1478  anda(0x80,X)                    #10
              02b7 0500  ld   [x]         1479  ld([X])                         #11
              02b8 89ff  adda [y,$ff]     1480  adda([Y,oscH])                  #12
              02b9 89fd  adda [y,$fd]     1481  adda([Y,keyH])                  #13
              02ba caff  st   [y,$ff]     1482  st([Y,oscH] )                   #14
              02bb 20fc  anda $fc         1483  anda(0xfc)                      #15
              02bc 69fb  xora [y,$fb]     1484  xora([Y,wavX])                  #16
              02bd 1200  ld   ac,x        1485  ld(AC,X)                        #17
              02be 09fa  ld   [y,$fa]     1486  ld([Y,wavA])                    #18
              02bf 1407  ld   $07,y       1487  ld(soundTable>>8,Y)             #19
              02c0 8d00  adda [y,x]       1488  adda([Y,X])                     #20
              02c1 e8c4  blt  $02c4       1489  bmi(pc()+3)                     #21
              02c2 fcc5  bra  $02c5       1490  bra(pc()+3)                     #22
              02c3 203f  anda $3f         1491  anda(63)                        #23
              02c4 003f  ld   $3f         1492  ld(63)                          #23(!)
              02c5 8103  adda [$03]       1493  adda([sample])                  #24
              02c6 c203  st   [$03]       1494  st([sample])                    #25
                                          1495
              02c7 0113  ld   [$13]       1496  ld([xout])                      #26 Gets copied to XOUT
              02c8 fd0d  bra  [$0d]       1497  bra([nextVideo])                #27
              02c9 18c0  ld   $c0,out     1498  ld(syncBits,OUT)                #28 End horizontal pulse
                                          1499
                                          1500  # Back porch B: second of 4 repeated scan lines
                                          1501  # - Recompute Xi from dXi and store for retrieval in the next scan lines
                                          1502  label('videoB')
videoB:       02ca 00d3  ld   $d3         1503  ld('videoC')                    #29 2nd scanline of 4
              02cb c20d  st   [$0d]       1504  st([nextVideo])                 #30
              02cc 1401  ld   $01,y       1505  ld(videoTable>>8,Y)             #31
              02cd 0109  ld   [$09]       1506  ld([videoY])                    #32
              02ce 9001  adda $01,x       1507  adda(1,X)                       #33
              02cf 011f  ld   [$1f]       1508  ld([frameX])                    #34
              02d0 8d00  adda [y,x]       1509  adda([Y,X])                     #35
              02d1 fd0a  bra  [$0a]       1510  bra([videoModeB])               #36
              02d2 d21f  st   [$1f],x     1511  st([frameX],X)                  #37 Store in RAM and X
                                          1512
                                          1513  # Back porch C: third of 4 repeated scan lines
                                          1514  # - Nothing new to for video do as Yi and Xi are known,
                                          1515  # - This is the time to emit and reset the next sound sample
                                          1516  label('videoC')
videoC:       02d3 00dc  ld   $dc         1517  ld('videoD')                    #29 3rd scanline of 4
              02d4 c20d  st   [$0d]       1518  st([nextVideo])                 #30
              02d5 0103  ld   [$03]       1519  ld([sample])                    #31 New sound sample is ready (didn't fit in the audio loop)
              02d6 400f  ora  $0f         1520  ora(0x0f)                       #32
              02d7 2114  anda [$14]       1521  anda([xoutMask])                #33
              02d8 c213  st   [$13]       1522  st([xout])                      #34 Update [xout] with new sample (4 channels just updated)
              02d9 c003  st   $03,[$03]   1523  st(sample, [sample])            #35 Reset for next sample
              02da fd0b  bra  [$0b]       1524  bra([videoModeC])               #36
              02db 111f  ld   [$1f],x     1525  ld([frameX],X)                  #37
                                          1526
                                          1527  # Back porch D: last of 4 repeated scan lines
                                          1528  # - Calculate the next frame index
                                          1529  # - Decide if this is the last line or not
                                          1530  label('videoD')                 # Default video mode
videoD:       02dc 111f  ld   [$1f],x     1531  ld([frameX], X)                 #29 4th scanline of 4
              02dd 0109  ld   [$09]       1532  ld([videoY])                    #30
              02de a0ee  suba $ee         1533  suba((120-1)*2)                 #31
                                          1534  beq('.lastpixels#34')           #32
              02df f0e5  beq  .lastpixels#34
              02e0 80f0  adda $f0         1535  adda(120*2)                     #33 More pixel lines to go
              02e1 c209  st   [$09]       1536  st([videoY])                    #34
              02e2 0001  ld   $01         1537  ld('videoA')                    #35
              02e3 fd0c  bra  [$0c]       1538  bra([videoModeD])               #36
              02e4 c20d  st   [$0d]       1539  st([nextVideo])                 #37
                                          1540
                                          1541  label('.lastpixels#34')
                                          1542  if soundDiscontinuity == 1:
.lastpixels#34:
              02e5 c003  st   $03,[$03]   1543    st(sample, [sample])          #34 Sound continuity
                                          1544  else:
                                          1545    nop()                         #34
              02e6 00e9  ld   $e9         1546  ld('videoE')                    #35 No more pixel lines to go
              02e7 fd0c  bra  [$0c]       1547  bra([videoModeD])               #36
              02e8 c20d  st   [$0d]       1548  st([nextVideo])                 #37
                                          1549
                                          1550  # Back porch "E": after the last line
                                          1551  # - Go back and and enter vertical blank (program page 2)
                                          1552  label('videoE') # Exit visible area
videoE:       02e9 1401  ld   $01,y       1553  ld(hi('vBlankStart'),Y)         #29 Return to vertical blank interval
              02ea e004  jmp  y,$04       1554  jmp(Y,'vBlankStart')            #30
              02eb 00c0  ld   $c0         1555  ld(syncBits)                    #31
                                          1556
                                          1557  # Video mode that blacks out one or more pixel lines from the top of screen.
                                          1558  # This yields some speed, but also frees up screen memory for other purposes.
                                          1559  # Note: Sound output becomes choppier the more pixel lines are skipped
                                          1560  # Note: The vertical blank driver leaves 0x80 behind in [videoSync1]
                                          1561  label('videoF')
videoF:       02ec 0120  ld   [$20]       1562  ld([videoSync1])                #29 Completely black pixel line
              02ed 8080  adda $80         1563  adda(0x80)                      #30
              02ee d220  st   [$20],x     1564  st([videoSync1],X)              #31
              02ef 011f  ld   [$1f]       1565  ld([frameX])                    #32
              02f0 a500  suba [x]         1566  suba([X])                       #33 Decrements every two VGA scanlines
              02f1 f0f4  beq  .videoF#36  1567  beq('.videoF#36')               #34
              02f2 c21f  st   [$1f]       1568  st([frameX])                    #35
              02f3 fcf6  bra  nopixels    1569  bra('nopixels')                 #36
                                          1570  label('.videoF#36')
.videoF#36:   02f4 0001  ld   $01         1571  ld('videoA')                    #36,37 Transfer to visible screen area
              02f5 c20d  st   [$0d]       1572  st([nextVideo])                 #37
                                          1573  #
                                          1574  # Alternative for pixel burst: faster application mode
                                          1575  label('nopixels')
nopixels:     02f6 00ff  ld   $ff         1576  runVcpu(200-38, 'ABCD line 40-520',
              02f7 c21e  st   [$1e]
              02f8 1505  ld   [$05],y
              02f9 e0ff  jmp  y,$ff
              02fa 003c  ld   $3c
                                          1577    returnTo=0x1ff)               #38 Application interpreter (black scanlines)
                                          1578
                                          1579  #-----------------------------------------------------------------------
                                          1580  #
                                          1581  #  $0300 ROM page 3: Application interpreter primary page
                                          1582  #
                                          1583  #-----------------------------------------------------------------------
                                          1584
                                          1585  # Enter the timing-aware application interpreter (aka virtual CPU, vCPU)
                                          1586  #
                                          1587  # This routine will execute as many as possible instructions in the
                                          1588  # allotted time. When time runs out, it synchronizes such that the total
                                          1589  # duration matches the caller's request. Durations are counted in `ticks',
                                          1590  # which are multiples of 2 clock cycles.
                                          1591  #
                                          1592  # Synopsis: Use the runVcpu() macro as entry point
                                          1593
                                          1594  # We let 'ENTER' begin one word before the page boundary, for a bit extra
                                          1595  # precious space in the packed interpreter code page. Although ENTER's
                                          1596  # first instruction is bra() which normally doesn't cross page boundaries,
                                          1597  # in this case it will still jump into the right space, because branches
                                          1598  # from $xxFF land in the next page anyway.
                                          1599  while pc()&255 < 255:
              02fb 0200  nop              1600    nop()
              02fc 0200  nop
              02fd 0200  nop
              02fe 0200  nop
                                          1601  label('ENTER')
ENTER:        02ff fc03  bra  .next2      1602  bra('.next2')                   #0 Enter at '.next2' (so no startup overhead)
                                          1603  # --- Page boundary ---
                                          1604  align(0x100,size=0x100)
                                          1605  label('NEXTY')                  # Alternative for REENTER
NEXTY:        0300 1517  ld   [$17],y     1606  ld([vPC+1],Y)                   #1
                                          1607
                                          1608  # Fetch next instruction and execute it, but only if there are sufficient
                                          1609  # ticks left for the slowest instruction.
                                          1610  label('NEXT')
NEXT:         0301 8115  adda [$15]       1611  adda([vTicks])                  #0 Track elapsed ticks (actually counting down: AC<0)
              0302 e80b  blt  EXIT        1612  blt('EXIT')                     #1 Escape near time out
                                          1613  label('.next2')
.next2:       0303 c215  st   [$15]       1614  st([vTicks])                    #2
              0304 0116  ld   [$16]       1615  ld([vPC])                       #3 Advance vPC
              0305 8002  adda $02         1616  adda(2)                         #4
              0306 d216  st   [$16],x     1617  st([vPC],X)                     #5
              0307 0d00  ld   [y,x]       1618  ld([Y,X])                       #6 Fetch opcode (actually a branch target)
              0308 de00  st   [y,x++]     1619  st([Y,Xpp])                     #7 Just X++
              0309 fe00  bra  ac          1620  bra(AC)                         #8 Dispatch
              030a 0d00  ld   [y,x]       1621  ld([Y,X])                       #9 Prefetch operand
                                          1622
                                          1623  # Resync with video driver and transfer control
                                          1624  label('EXIT')
EXIT:         030b 800e  adda $0e         1625  adda(maxTicks)                  #3
                                          1626  label('RESYNC')
RESYNC:       030c e40c  bgt  RESYNC      1627  bgt(pc()&255)                   #4 Resync
              030d a001  suba $01         1628  suba(1)                         #5
              030e 1401  ld   $01,y       1629  ld(hi('vBlankStart'),Y)         #6
              030f e11e  jmp  y,[$1e]     1630  jmp(Y,[vReturn])                #7 To video driver
              0310 0000  ld   $00         1631  ld(0)                           #8 AC should be 0 already. Still..
                                          1632  assert vCPU_overhead ==          9
                                          1633
                                          1634  # Instruction LDWI: Load immediate word constant (vAC=D), 20 cycles
                                          1635  label('LDWI')
LDWI:         0311 c218  st   [$18]       1636  st([vAC])                       #10
              0312 de00  st   [y,x++]     1637  st([Y,Xpp])                     #11 Just X++
              0313 0d00  ld   [y,x]       1638  ld([Y,X])                       #12 Fetch second operand
              0314 c219  st   [$19]       1639  st([vAC+1])                     #13
              0315 0116  ld   [$16]       1640  ld([vPC])                       #14 Advance vPC one more
              0316 8001  adda $01         1641  adda(1)                         #15
              0317 c216  st   [$16]       1642  st([vPC])                       #16
              0318 00f6  ld   $f6         1643  ld(-20/2)                       #17
              0319 fc01  bra  NEXT        1644  bra('NEXT')                     #18
                                          1645  #dummy()                        #19 Overlap
                                          1646  #
                                          1647  # Instruction LD: Load byte from zero page (vAC=[D]), 22 cycles
                                          1648  label('LD')
LD:           031a 1200  ld   ac,x        1649  ld(AC,X)                        #10,19
              031b 0500  ld   [x]         1650  ld([X])                         #11
              031c 1404  ld   $04,y       1651  ld(hi('ld#15'),Y)               #12
              031d e013  jmp  y,$13       1652  jmp(Y,'ld#15')                  #13
              031e c218  st   [$18]       1653  st([vAC])                       #14
                                          1654
                                          1655  # Instruction CMPHS: Adjust high byte for signed compare (vACH=XXX), 28 cycles
                                          1656  label('CMPHS_v5')
CMPHS_v5:     031f 140b  ld   $0b,y       1657  ld(hi('cmphs#13'),Y)            #10
              0320 e0d2  jmp  y,$d2       1658  jmp(Y,'cmphs#13')               #11
                                          1659  #ld(AC,X)                       #12 Overlap
                                          1660  #
                                          1661  # Instruction LDW: Load word from zero page (vAC=[D]+256*[D+1]), 20 cycles
                                          1662  label('LDW')
LDW:          0321 1200  ld   ac,x        1663  ld(AC,X)                        #10,12
              0322 8001  adda $01         1664  adda(1)                         #11
              0323 c21d  st   [$1d]       1665  st([vTmp])                      #12 Address of high byte
              0324 0500  ld   [x]         1666  ld([X])                         #13
              0325 c218  st   [$18]       1667  st([vAC])                       #14
              0326 111d  ld   [$1d],x     1668  ld([vTmp],X)                    #15
              0327 0500  ld   [x]         1669  ld([X])                         #16
              0328 c219  st   [$19]       1670  st([vAC+1])                     #17
              0329 fc01  bra  NEXT        1671  bra('NEXT')                     #18
              032a 00f6  ld   $f6         1672  ld(-20/2)                       #19
                                          1673
                                          1674  # Instruction STW: Store word in zero page ([D],[D+1]=vAC&255,vAC>>8), 20 cycles
                                          1675  label('STW')
STW:          032b 1200  ld   ac,x        1676  ld(AC,X)                        #10,20
              032c 8001  adda $01         1677  adda(1)                         #11
              032d c21d  st   [$1d]       1678  st([vTmp])                      #12 Address of high byte
              032e 0118  ld   [$18]       1679  ld([vAC])                       #13
              032f c600  st   [x]         1680  st([X])                         #14
              0330 111d  ld   [$1d],x     1681  ld([vTmp],X)                    #15
              0331 0119  ld   [$19]       1682  ld([vAC+1])                     #16
              0332 c600  st   [x]         1683  st([X])                         #17
              0333 fc01  bra  NEXT        1684  bra('NEXT')                     #18
              0334 00f6  ld   $f6         1685  ld(-20/2)                       #19
                                          1686
                                          1687  # Instruction BCC: Test AC sign and branch conditionally, 28 cycles
                                          1688  label('BCC')
BCC:          0335 0119  ld   [$19]       1689  ld([vAC+1])                     #10 First inspect high byte of vAC
              0336 ec40  bne  .bcc#13     1690  bne('.bcc#13')                  #11
              0337 c21d  st   [$1d]       1691  st([vTmp])                      #12
              0338 0118  ld   [$18]       1692  ld([vAC])                       #13 Additionally inspect low byte of vAC
              0339 f043  beq  .bcc#16     1693  beq('.bcc#16')                  #14
              033a 0001  ld   $01         1694  ld(1)                           #15
              033b c21d  st   [$1d]       1695  st([vTmp])                      #16
              033c 0d00  ld   [y,x]       1696  ld([Y,X])                       #17 Operand is the conditional
                                          1697  label('.bcc#18')
.bcc#18:      033d fe00  bra  ac          1698  bra(AC)                         #18
              033e 011d  ld   [$1d]       1699  ld([vTmp])                      #19
                                          1700
                                          1701  # Conditional EQ: Branch if zero (if(vACL==0)vPCL=D)
                                          1702  label('EQ')
EQ:           033f ec45  bne  .bcc#22     1703  bne('.bcc#22')                  #20
                                          1704  label('.bcc#13')
.bcc#13:      0340 f048  beq  .bcc#23     1705  beq('.bcc#23')                  #21,13 AC=0 in EQ, AC!=0 from BCC... Overlap with BCC
              0341 0d00  ld   [y,x]       1706  ld([Y,X])                       #22,14 Overlap with BCC
                                          1707  #
                                          1708  # (continue BCC)
                                          1709  #label('.bcc#13')
                                          1710  #dummy()                        #13
                                          1711  #dummy()                        #14
              0342 0200  nop              1712  nop()                           #15
                                          1713  label('.bcc#16')
.bcc#16:      0343 fc3d  bra  .bcc#18     1714  bra('.bcc#18')                  #16
              0344 0d00  ld   [y,x]       1715  ld([Y,X])                       #17 Operand is the conditional
                                          1716  label('.bcc#22')
.bcc#22:      0345 0116  ld   [$16]       1717  ld([vPC])                       #22 False condition
              0346 fc4a  bra  .bcc#25     1718  bra('.bcc#25')                  #23
              0347 8001  adda $01         1719  adda(1)                         #24
                                          1720  label('.bcc#23')
.bcc#23:      0348 de00  st   [y,x++]     1721  st([Y,Xpp])                     #23 Just X++ True condition
              0349 0d00  ld   [y,x]       1722  ld([Y,X])                       #24
                                          1723  label('.bcc#25')
.bcc#25:      034a c216  st   [$16]       1724  st([vPC])                       #25
              034b fc01  bra  NEXT        1725  bra('NEXT')                     #26
              034c 00f2  ld   $f2         1726  ld(-28/2)                       #27
                                          1727
                                          1728  # Conditional GT: Branch if positive (if(vACL>0)vPCL=D)
                                          1729  label('GT')
GT:           034d f845  ble  .bcc#22     1730  ble('.bcc#22')                  #20
              034e e448  bgt  .bcc#23     1731  bgt('.bcc#23')                  #21
              034f 0d00  ld   [y,x]       1732  ld([Y,X])                       #22
                                          1733
                                          1734  # Conditional LT: Branch if negative (if(vACL<0)vPCL=D)
                                          1735  label('LT')
LT:           0350 f445  bge  .bcc#22     1736  bge('.bcc#22')                  #20
              0351 e848  blt  .bcc#23     1737  blt('.bcc#23')                  #21
              0352 0d00  ld   [y,x]       1738  ld([Y,X])                       #22
                                          1739
                                          1740  # Conditional GE: Branch if positive or zero (if(vACL>=0)vPCL=D)
                                          1741  label('GE')
GE:           0353 e845  blt  .bcc#22     1742  blt('.bcc#22')                  #20
              0354 f448  bge  .bcc#23     1743  bge('.bcc#23')                  #21
              0355 0d00  ld   [y,x]       1744  ld([Y,X])                       #22
                                          1745
                                          1746  # Conditional LE: Branch if negative or zero (if(vACL<=0)vPCL=D)
                                          1747  label('LE')
LE:           0356 e445  bgt  .bcc#22     1748  bgt('.bcc#22')                  #20
              0357 f848  ble  .bcc#23     1749  ble('.bcc#23')                  #21
              0358 0d00  ld   [y,x]       1750  ld([Y,X])                       #22
                                          1751
                                          1752  # Instruction LDI: Load immediate small positive constant (vAC=D), 16 cycles
                                          1753  label('LDI')
LDI:          0359 c218  st   [$18]       1754  st([vAC])                       #10
              035a 0000  ld   $00         1755  ld(0)                           #11
              035b c219  st   [$19]       1756  st([vAC+1])                     #12
              035c fc00  bra  NEXTY       1757  bra('NEXTY')                    #13
              035d 00f8  ld   $f8         1758  ld(-16/2)                       #14
                                          1759
                                          1760  # Instruction ST: Store byte in zero page ([D]=vAC&255), 16 cycles
                                          1761  label('ST')
ST:           035e 1200  ld   ac,x        1762  ld(AC,X)                        #10,15
              035f 0118  ld   [$18]       1763  ld([vAC])                       #11
              0360 c600  st   [x]         1764  st([X])                         #12
              0361 fc00  bra  NEXTY       1765  bra('NEXTY')                    #13
              0362 00f8  ld   $f8         1766  ld(-16/2)                       #14
                                          1767
                                          1768  # Instruction POP: Pop address from stack (vLR,vSP==[vSP]+256*[vSP+1],vSP+2), 26 cycles
                                          1769  label('POP')
POP:          0363 111c  ld   [$1c],x     1770  ld([vSP],X)                     #10,15
              0364 0500  ld   [x]         1771  ld([X])                         #11
              0365 c21a  st   [$1a]       1772  st([vLR])                       #12
              0366 011c  ld   [$1c]       1773  ld([vSP])                       #13
              0367 9001  adda $01,x       1774  adda(1,X)                       #14
              0368 0500  ld   [x]         1775  ld([X])                         #15
              0369 c21b  st   [$1b]       1776  st([vLR+1])                     #16
              036a 011c  ld   [$1c]       1777  ld([vSP])                       #17
              036b 8002  adda $02         1778  adda(2)                         #18
              036c c21c  st   [$1c]       1779  st([vSP])                       #19
                                          1780  label('.pop#20')
.pop#20:      036d 0116  ld   [$16]       1781  ld([vPC])                       #20
              036e a001  suba $01         1782  suba(1)                         #21
              036f c216  st   [$16]       1783  st([vPC])                       #22
              0370 fc00  bra  NEXTY       1784  bra('NEXTY')                    #23
              0371 00f3  ld   $f3         1785  ld(-26/2)                       #24
                                          1786
                                          1787  # Conditional NE: Branch if not zero (if(vACL!=0)vPCL=D)
                                          1788  label('NE')
NE:           0372 f045  beq  .bcc#22     1789  beq('.bcc#22')                  #20,25
              0373 ec48  bne  .bcc#23     1790  bne('.bcc#23')                  #21
              0374 0d00  ld   [y,x]       1791  ld([Y,X])                       #22
                                          1792
                                          1793  # Instruction PUSH: Push vLR on stack ([vSP-2],v[vSP-1],vSP=vLR&255,vLR>>8,vLR-2), 26 cycles
                                          1794  label('PUSH')
PUSH:         0375 011c  ld   [$1c]       1795  ld([vSP])                       #10
              0376 b001  suba $01,x       1796  suba(1,X)                       #11
              0377 011b  ld   [$1b]       1797  ld([vLR+1])                     #12
              0378 c600  st   [x]         1798  st([X])                         #13
              0379 011c  ld   [$1c]       1799  ld([vSP])                       #14
              037a a002  suba $02         1800  suba(2)                         #15
              037b d21c  st   [$1c],x     1801  st([vSP],X)                     #16
              037c 011a  ld   [$1a]       1802  ld([vLR])                       #17
              037d fc6d  bra  .pop#20     1803  bra('.pop#20')                  #18
              037e c600  st   [x]         1804  st([X])                         #19
                                          1805
                                          1806  # Instruction LUP: ROM lookup (vAC=ROM[vAC+D]), 26 cycles
                                          1807  label('LUP')
LUP:          037f 1519  ld   [$19],y     1808  ld([vAC+1],Y)                   #10
              0380 e0fb  jmp  y,$fb       1809  jmp(Y,251)                      #11 Trampoline offset
              0381 8118  adda [$18]       1810  adda([vAC])                     #12
                                          1811
                                          1812  # Instruction ANDI: Logical-AND with small constant (vAC&=D), 22 cycles
                                          1813  label('ANDI')
ANDI:         0382 1404  ld   $04,y       1814  ld(hi('andi#13'),Y)             #10
              0383 e011  jmp  y,$11       1815  jmp(Y,'andi#13')                #11
              0384 2118  anda [$18]       1816  anda([vAC])                     #12
                                          1817
                                          1818  # Instruction CALLI: Goto immediate address and remember vPC (vLR,vPC=vPC+3,$HHLL-2), 28 cycles
                                          1819  label('CALLI_v5')
CALLI_v5:     0385 140b  ld   $0b,y       1820  ld(hi('calli#13'),Y)            #10
              0386 e0c6  jmp  y,$c6       1821  jmp(Y,'calli#13')               #11
              0387 0116  ld   [$16]       1822  ld([vPC])                       #12
                                          1823
                                          1824  # Instruction ORI: Logical-OR with small constant (vAC|=D), 14 cycles
                                          1825  label('ORI')
ORI:          0388 4118  ora  [$18]       1826  ora([vAC])                      #10
              0389 c218  st   [$18]       1827  st([vAC])                       #11
              038a fc01  bra  NEXT        1828  bra('NEXT')                     #12
              038b 00f9  ld   $f9         1829  ld(-14/2)                       #13
                                          1830
                                          1831  # Instruction XORI: Logical-XOR with small constant (vAC^=D), 14 cycles
                                          1832  label('XORI')
XORI:         038c 6118  xora [$18]       1833  xora([vAC])                     #10
              038d c218  st   [$18]       1834  st([vAC])                       #11
              038e fc01  bra  NEXT        1835  bra('NEXT')                     #12
              038f 00f9  ld   $f9         1836  ld(-14/2)                       #13
                                          1837
                                          1838  # Instruction BRA: Branch unconditionally (vPC=(vPC&0xff00)+D), 14 cycles
                                          1839  label('BRA')
BRA:          0390 c216  st   [$16]       1840  st([vPC])                       #10
              0391 fc00  bra  NEXTY       1841  bra('NEXTY')                    #11
              0392 00f9  ld   $f9         1842  ld(-14/2)                       #12
                                          1843
                                          1844  # Instruction INC: Increment zero page byte ([D]++), 20 cycles
                                          1845  label('INC')
INC:          0393 1200  ld   ac,x        1846  ld(AC,X)                        #10,13
              0394 1404  ld   $04,y       1847  ld(hi('inc#14'),Y)              #11
              0395 e0e4  jmp  y,$e4       1848  jmp(Y,'inc#14')                 #12
              0396 0001  ld   $01         1849  ld(1)                           #13
                                          1850
                                          1851  # Instruction CMPHU: Adjust high byte for unsigned compare (vACH=XXX), 28 cycles
                                          1852  label('CMPHU_v5')
CMPHU_v5:     0397 140b  ld   $0b,y       1853  ld(hi('cmphu#13'),Y)            #10
              0398 e0de  jmp  y,$de       1854  jmp(Y,'cmphu#13')               #11
                                          1855  #ld(AC,X)                       #12 Overlap
                                          1856  #
                                          1857  # Instruction ADDW: Word addition with zero page (vAC+=[D]+256*[D+1]), 28 cycles
                                          1858  label('ADDW')
                                          1859  # The non-carry paths could be 26 cycles at the expense of (much) more code.
                                          1860  # But a smaller size is better so more instructions fit in this code page.
                                          1861  # 28 cycles is still 4.5 usec. The 6502 equivalent takes 20 cycles or 20 usec.
ADDW:         0399 1200  ld   ac,x        1862  ld(AC,X)                        #10,12 Address of low byte to be added
              039a 8001  adda $01         1863  adda(1)                         #11
              039b c21d  st   [$1d]       1864  st([vTmp])                      #12 Address of high byte to be added
              039c 0118  ld   [$18]       1865  ld([vAC])                       #13 Add the low bytes
              039d 8500  adda [x]         1866  adda([X])                       #14
              039e c218  st   [$18]       1867  st([vAC])                       #15 Store low result
              039f e8a3  blt  .addw#18    1868  bmi('.addw#18')                 #16 Now figure out if there was a carry
              03a0 a500  suba [x]         1869  suba([X])                       #17 Gets back the initial value of vAC
              03a1 fca5  bra  .addw#20    1870  bra('.addw#20')                 #18
              03a2 4500  ora  [x]         1871  ora([X])                        #19 Carry in bit 7
                                          1872  label('.addw#18')
.addw#18:     03a3 2500  anda [x]         1873  anda([X])                       #18 Carry in bit 7
              03a4 0200  nop              1874  nop()                           #19
                                          1875  label('.addw#20')
.addw#20:     03a5 3080  anda $80,x       1876  anda(0x80,X)                    #20 Move carry to bit 0
              03a6 0500  ld   [x]         1877  ld([X])                         #21
              03a7 8119  adda [$19]       1878  adda([vAC+1])                   #22 Add the high bytes with carry
              03a8 111d  ld   [$1d],x     1879  ld([vTmp],X)                    #23
              03a9 8500  adda [x]         1880  adda([X])                       #24
              03aa c219  st   [$19]       1881  st([vAC+1])                     #25 Store high result
              03ab fc01  bra  NEXT        1882  bra('NEXT')                     #26
              03ac 00f2  ld   $f2         1883  ld(-28/2)                       #27
                                          1884
                                          1885  # Instruction PEEK: Read byte from memory (vAC=[vAC]), 26 cycles
                                          1886  label('PEEK')
PEEK:         03ad 1404  ld   $04,y       1887  ld(hi('peek'),Y)                #10
              03ae e062  jmp  y,$62       1888  jmp(Y,'peek')                   #11
                                          1889  #ld([vPC])                      #12 Overlap
                                          1890  #
                                          1891  # Instruction SYS: Native call, <=256 cycles (<=128 ticks, in reality less)
                                          1892  #
                                          1893  # The 'SYS' vCPU instruction first checks the number of desired ticks given by
                                          1894  # the operand. As long as there are insufficient ticks available in the current
                                          1895  # time slice, the instruction will be retried. This will effectively wait for
                                          1896  # the next scan line if the current slice is almost out of time. Then a jump to
                                          1897  # native code is made. This code can do whatever it wants, but it must return
                                          1898  # to the 'REENTER' label when done. When returning, AC must hold (the negative
                                          1899  # of) the actual consumed number of whole ticks for the entire virtual
                                          1900  # instruction cycle (from NEXT to NEXT). This duration may not exceed the prior
                                          1901  # declared duration in the operand + 28 (or maxTicks). The operand specifies the
                                          1902  # (negative) of the maximum number of *extra* ticks that the native call will
                                          1903  # need. The GCL compiler automatically makes this calculation from gross number
                                          1904  # of cycles to excess number of ticks.
                                          1905  # SYS functions can modify vPC to implement repetition. For example to split
                                          1906  # up work into multiple chucks.
                                          1907  label('.sys#13')
.sys#13:      03af 0116  ld   [$16]       1908  ld([vPC])                       #13,12 Retry until sufficient time
              03b0 a002  suba $02         1909  suba(2)                         #14
              03b1 c216  st   [$16]       1910  st([vPC])                       #15
              03b2 fccb  bra  REENTER     1911  bra('REENTER')                  #16
              03b3 00f6  ld   $f6         1912  ld(-20/2)                       #17
                                          1913  label('SYS')
SYS:          03b4 8115  adda [$15]       1914  adda([vTicks])                  #10
              03b5 e8af  blt  .sys#13     1915  blt('.sys#13')                  #11
              03b6 1523  ld   [$23],y     1916  ld([sysFn+1],Y)                 #12
              03b7 e122  jmp  y,[$22]     1917  jmp(Y,[sysFn])                  #13
                                          1918  #dummy()                        #14 Overlap
                                          1919  #
                                          1920  # Instruction SUBW: Word subtract with zero page (AC-=[D]+256*[D+1]), 28 cycles
                                          1921  # All cases can be done in 26 cycles, but the code will become much larger
                                          1922  label('SUBW')
SUBW:         03b8 1200  ld   ac,x        1923  ld(AC,X)                        #10,14 Address of low byte to be subtracted
              03b9 8001  adda $01         1924  adda(1)                         #11
              03ba c21d  st   [$1d]       1925  st([vTmp])                      #12 Address of high byte to be subtracted
              03bb 0118  ld   [$18]       1926  ld([vAC])                       #13
              03bc e8c1  blt  .subw#16    1927  bmi('.subw#16')                 #14
              03bd a500  suba [x]         1928  suba([X])                       #15
              03be c218  st   [$18]       1929  st([vAC])                       #16 Store low result
              03bf fcc4  bra  .subw#19    1930  bra('.subw#19')                 #17
              03c0 4500  ora  [x]         1931  ora([X])                        #18 Carry in bit 7
                                          1932  label('.subw#16')
.subw#16:     03c1 c218  st   [$18]       1933  st([vAC])                       #16 Store low result
              03c2 2500  anda [x]         1934  anda([X])                       #17 Carry in bit 7
              03c3 0200  nop              1935  nop()                           #18
                                          1936  label('.subw#19')
.subw#19:     03c4 3080  anda $80,x       1937  anda(0x80,X)                    #19 Move carry to bit 0
              03c5 0119  ld   [$19]       1938  ld([vAC+1])                     #20
              03c6 a500  suba [x]         1939  suba([X])                       #21
              03c7 111d  ld   [$1d],x     1940  ld([vTmp],X)                    #22
              03c8 a500  suba [x]         1941  suba([X])                       #23
              03c9 c219  st   [$19]       1942  st([vAC+1])                     #24
                                          1943  label('REENTER_28')
REENTER_28:   03ca 00f2  ld   $f2         1944  ld(-28/2)                       #25
                                          1945  label('REENTER')
REENTER:      03cb fc01  bra  NEXT        1946  bra('NEXT')                     #26 Return from SYS calls
              03cc 1517  ld   [$17],y     1947  ld([vPC+1],Y)                   #27
                                          1948
                                          1949  # Instruction DEF: Define data or code (vAC,vPC=vPC+2,(vPC&0xff00)+D), 24 cycles
                                          1950  label('DEF')
DEF:          03cd 1404  ld   $04,y       1951  ld(hi('def#13'),Y)              #10
              03ce e007  jmp  y,$07       1952  jmp(Y,'def#13')                 #11
                                          1953  #st([vTmp])                     #12 Overlap
                                          1954  #
                                          1955  # Instruction CALL: Goto address and remember vPC (vLR,vPC=vPC+2,[D]+256*[D+1]-2), 26 cycles
                                          1956  label('CALL')
CALL:         03cf c21d  st   [$1d]       1957  st([vTmp])                      #10,12
              03d0 0116  ld   [$16]       1958  ld([vPC])                       #11
              03d1 8002  adda $02         1959  adda(2)                         #12 Point to instruction after CALL
              03d2 c21a  st   [$1a]       1960  st([vLR])                       #13
              03d3 0117  ld   [$17]       1961  ld([vPC+1])                     #14
              03d4 c21b  st   [$1b]       1962  st([vLR+1])                     #15
              03d5 111d  ld   [$1d],x     1963  ld([vTmp],X)                    #16
              03d6 0500  ld   [x]         1964  ld([X])                         #17
              03d7 a002  suba $02         1965  suba(2)                         #18 Because NEXT will add 2
              03d8 c216  st   [$16]       1966  st([vPC])                       #19
              03d9 011d  ld   [$1d]       1967  ld([vTmp])                      #20
              03da 9001  adda $01,x       1968  adda(1,X)                       #21
              03db 0500  ld   [x]         1969  ld([X])                         #22
              03dc d617  st   [$17],y     1970  st([vPC+1],Y)                   #23
              03dd fc01  bra  NEXT        1971  bra('NEXT')                     #24
              03de 00f3  ld   $f3         1972  ld(-26/2)                       #25
                                          1973
                                          1974  # Instruction ALLOC: Create or destroy stack frame (vSP+=D), 14 cycles
                                          1975  label('ALLOC')
ALLOC:        03df 811c  adda [$1c]       1976  adda([vSP])                     #10
              03e0 c21c  st   [$1c]       1977  st([vSP])                       #11
              03e1 fc01  bra  NEXT        1978  bra('NEXT')                     #12
              03e2 00f9  ld   $f9         1979  ld(-14/2)                       #13
                                          1980
                                          1981  # The instructions below are all implemented in the second code page. Jumping
                                          1982  # back and forth makes each 6 cycles slower, but it also saves space in the
                                          1983  # primary page for the instructions above. Most of them are in fact not very
                                          1984  # critical, as evidenced by the fact that they weren't needed for the first
                                          1985  # Gigatron applications (Snake, Racer, Mandelbrot, Loader). By providing them
                                          1986  # in this way, at least they don't need to be implemented as a SYS extension.
                                          1987
                                          1988  # Instruction ADDI: Add small positive constant (vAC+=D), 28 cycles
                                          1989  label('ADDI')
ADDI:         03e3 1404  ld   $04,y       1990  ld(hi('addi'),Y)                #10
              03e4 e018  jmp  y,$18       1991  jmp(Y,'addi')                   #11
              03e5 c21d  st   [$1d]       1992  st([vTmp])                      #12
                                          1993
                                          1994  # Instruction SUBI: Subtract small positive constant (vAC+=D), 28 cycles
                                          1995  label('SUBI')
SUBI:         03e6 1404  ld   $04,y       1996  ld(hi('subi'),Y)                #10
              03e7 e026  jmp  y,$26       1997  jmp(Y,'subi')                   #11
              03e8 c21d  st   [$1d]       1998  st([vTmp])                      #12
                                          1999
                                          2000  # Instruction LSLW: Logical shift left (vAC<<=1), 28 cycles
                                          2001  # Useful, because ADDW can't add vAC to itself. Also more compact.
                                          2002  label('LSLW')
LSLW:         03e9 1404  ld   $04,y       2003  ld(hi('lslw'),Y)                #10
              03ea e035  jmp  y,$35       2004  jmp(Y,'lslw')                   #11
              03eb 0118  ld   [$18]       2005  ld([vAC])                       #12
                                          2006
                                          2007  # Instruction STLW: Store word in stack frame ([vSP+D],[vSP+D+1]=vAC&255,vAC>>8), 26 cycles
                                          2008  label('STLW')
STLW:         03ec 1404  ld   $04,y       2009  ld(hi('stlw'),Y)                #10
              03ed e041  jmp  y,$41       2010  jmp(Y,'stlw')                   #11
                                          2011  #dummy()                        #12 Overlap
                                          2012  #
                                          2013  # Instruction LDLW: Load word from stack frame (vAC=[vSP+D]+256*[vSP+D+1]), 26 cycles
                                          2014  label('LDLW')
LDLW:         03ee 1404  ld   $04,y       2015  ld(hi('ldlw'),Y)                #10,12
              03ef e04c  jmp  y,$4c       2016  jmp(Y,'ldlw')                   #11
                                          2017  #dummy()                        #12 Overlap
                                          2018  #
                                          2019  # Instruction POKE: Write byte in memory ([[D+1],[D]]=vAC&255), 28 cycles
                                          2020  label('POKE')
POKE:         03f0 1404  ld   $04,y       2021  ld(hi('poke'),Y)                #10,12
              03f1 e057  jmp  y,$57       2022  jmp(Y,'poke')                   #11
              03f2 c21d  st   [$1d]       2023  st([vTmp])                      #12
                                          2024
                                          2025  # Instruction DOKE: Write word in memory ([[D+1],[D]],[[D+1],[D]+1]=vAC&255,vAC>>8), 28 cycles
                                          2026  label('DOKE')
DOKE:         03f3 1404  ld   $04,y       2027  ld(hi('doke'),Y)                #10
              03f4 e06d  jmp  y,$6d       2028  jmp(Y,'doke')                   #11
              03f5 c21d  st   [$1d]       2029  st([vTmp])                      #12
                                          2030
                                          2031  # Instruction DEEK: Read word from memory (vAC=[vAC]+256*[vAC+1]), 28 cycles
                                          2032  label('DEEK')
DEEK:         03f6 1404  ld   $04,y       2033  ld(hi('deek'),Y)                #10
              03f7 e07a  jmp  y,$7a       2034  jmp(Y,'deek')                   #11
                                          2035  #dummy()                        #12 Overlap
                                          2036  #
                                          2037  # Instruction ANDW: Word logical-AND with zero page (vAC&=[D]+256*[D+1]), 28 cycles
                                          2038  label('ANDW')
ANDW:         03f8 1404  ld   $04,y       2039  ld(hi('andw'),Y)                #10,12
              03f9 e086  jmp  y,$86       2040  jmp(Y,'andw')                   #11
                                          2041  #dummy()                        #12 Overlap
                                          2042  #
                                          2043  # Instruction ORW: Word logical-OR with zero page (vAC|=[D]+256*[D+1]), 28 cycles
                                          2044  label('ORW')
ORW:          03fa 1404  ld   $04,y       2045  ld(hi('orw'),Y)                 #10,12
              03fb e091  jmp  y,$91       2046  jmp(Y,'orw')                    #11
                                          2047  #dummy()                        #12 Overlap
                                          2048  #
                                          2049  # Instruction XORW: Word logical-XOR with zero page (vAC^=[D]+256*[D+1]), 26 cycles
                                          2050  label('XORW')
XORW:         03fc 1404  ld   $04,y       2051  ld(hi('xorw'),Y)                #10,12
              03fd e09c  jmp  y,$9c       2052  jmp(Y,'xorw')                   #11
              03fe c21d  st   [$1d]       2053  st([vTmp])                      #12
                                          2054  # We keep XORW 2 cycles faster than ANDW/ORW, because that
                                          2055  # can be useful for comparing numbers for equality a tiny
                                          2056  # bit faster than with SUBW
                                          2057
                                          2058  # Instruction RET: Function return (vPC=vLR-2), 16 cycles
                                          2059  label('RET')
RET:          03ff 011a  ld   [$1a]       2060  ld([vLR])                       #10
                                          2061  assert pc()&255 == 0
                                          2062
                                          2063  #-----------------------------------------------------------------------
                                          2064  #
                                          2065  #  $0400 ROM page 4: Application interpreter extension
                                          2066  #
                                          2067  #-----------------------------------------------------------------------
                                          2068  align(0x100, size=0x100)
                                          2069
                                          2070  # (Continue RET)
              0400 a002  suba $02         2071  suba(2)                         #11
              0401 c216  st   [$16]       2072  st([vPC])                       #12
              0402 011b  ld   [$1b]       2073  ld([vLR+1])                     #13
              0403 c217  st   [$17]       2074  st([vPC+1])                     #14
              0404 1403  ld   $03,y       2075  ld(hi('REENTER'),Y)             #15
              0405 e0cb  jmp  y,$cb       2076  jmp(Y,'REENTER')                #16
              0406 00f6  ld   $f6         2077  ld(-20/2)                       #17
                                          2078
                                          2079  # DEF implementation
                                          2080  label('def#13')
def#13:       0407 0116  ld   [$16]       2081  ld([vPC])                       #13
              0408 8002  adda $02         2082  adda(2)                         #14
              0409 c218  st   [$18]       2083  st([vAC])                       #15
              040a 0117  ld   [$17]       2084  ld([vPC+1])                     #16
              040b c219  st   [$19]       2085  st([vAC+1])                     #17
              040c 011d  ld   [$1d]       2086  ld([vTmp])                      #18
              040d c216  st   [$16]       2087  st([vPC])                       #19
              040e 1403  ld   $03,y       2088  ld(hi('NEXTY'),Y)               #20
              040f e000  jmp  y,$00       2089  jmp(Y,'NEXTY')                  #21
              0410 00f4  ld   $f4         2090  ld(-24/2)                       #22
                                          2091
                                          2092  # Clear vACH (continuation of ANDI and LD instructions)
                                          2093  label('andi#13')
andi#13:      0411 0200  nop              2094  nop()                           #13
              0412 c218  st   [$18]       2095  st([vAC])                       #14
                                          2096  #
                                          2097  label('ld#15')
ld#15:        0413 0000  ld   $00         2098  ld(0)                           #15 Clear high byte
              0414 c219  st   [$19]       2099  st([vAC+1])                     #16
              0415 1403  ld   $03,y       2100  ld(hi('REENTER'),Y)             #17
              0416 e0cb  jmp  y,$cb       2101  jmp(Y,'REENTER')                #18
              0417 00f5  ld   $f5         2102  ld(-22/2)                       #19
                                          2103
                                          2104  # ADDI implementation
                                          2105  label('addi')
addi:         0418 8118  adda [$18]       2106  adda([vAC])                     #13
              0419 c218  st   [$18]       2107  st([vAC])                       #14 Store low result
              041a e81e  blt  .addi#17    2108  bmi('.addi#17')                 #15 Now figure out if there was a carry
              041b a11d  suba [$1d]       2109  suba([vTmp])                    #16 Gets back the initial value of vAC
              041c fc20  bra  .addi#19    2110  bra('.addi#19')                 #17
              041d 411d  ora  [$1d]       2111  ora([vTmp])                     #18 Carry in bit 7
                                          2112  label('.addi#17')
.addi#17:     041e 211d  anda [$1d]       2113  anda([vTmp])                    #17 Carry in bit 7
              041f 0200  nop              2114  nop()                           #18
                                          2115  label('.addi#19')
.addi#19:     0420 3080  anda $80,x       2116  anda(0x80,X)                    #19 Move carry to bit 0
              0421 0500  ld   [x]         2117  ld([X])                         #20
              0422 8119  adda [$19]       2118  adda([vAC+1])                   #21 Add the high bytes with carry
              0423 1403  ld   $03,y       2119  ld(hi('REENTER_28'),Y)          #22
              0424 e0ca  jmp  y,$ca       2120  jmp(Y,'REENTER_28')             #23
              0425 c219  st   [$19]       2121  st([vAC+1])                     #24 Store high result
                                          2122
                                          2123  # SUBI implementation
                                          2124  label('subi')
subi:         0426 0118  ld   [$18]       2125  ld([vAC])                       #13
              0427 e82c  blt  .subi#16    2126  bmi('.subi#16')                 #14
              0428 a11d  suba [$1d]       2127  suba([vTmp])                    #15
              0429 c218  st   [$18]       2128  st([vAC])                       #16 Store low result
              042a fc2f  bra  .subi#19    2129  bra('.subi#19')                 #17
              042b 411d  ora  [$1d]       2130  ora([vTmp])                     #18 Carry in bit 7
                                          2131  label('.subi#16')
.subi#16:     042c c218  st   [$18]       2132  st([vAC])                       #16 Store low result
              042d 211d  anda [$1d]       2133  anda([vTmp])                    #17 Carry in bit 7
              042e 0200  nop              2134  nop()                           #18
                                          2135  label('.subi#19')
.subi#19:     042f 3080  anda $80,x       2136  anda(0x80,X)                    #19 Move carry to bit 0
              0430 0119  ld   [$19]       2137  ld([vAC+1])                     #20
              0431 a500  suba [x]         2138  suba([X])                       #21
              0432 1403  ld   $03,y       2139  ld(hi('REENTER_28'),Y)          #22
              0433 e0ca  jmp  y,$ca       2140  jmp(Y,'REENTER_28')             #23
              0434 c219  st   [$19]       2141  st([vAC+1])                     #24
                                          2142
                                          2143  # LSLW implementation
                                          2144  label('lslw')
lslw:         0435 3080  anda $80,x       2145  anda(128,X)                     #13
              0436 8118  adda [$18]       2146  adda([vAC])                     #14
              0437 c218  st   [$18]       2147  st([vAC])                       #15
              0438 0500  ld   [x]         2148  ld([X])                         #16
              0439 8119  adda [$19]       2149  adda([vAC+1])                   #17
              043a 8119  adda [$19]       2150  adda([vAC+1])                   #18
              043b c219  st   [$19]       2151  st([vAC+1])                     #19
              043c 0116  ld   [$16]       2152  ld([vPC])                       #20
              043d a001  suba $01         2153  suba(1)                         #21
              043e 1403  ld   $03,y       2154  ld(hi('REENTER_28'),Y)          #22
              043f e0ca  jmp  y,$ca       2155  jmp(Y,'REENTER_28')             #23
              0440 c216  st   [$16]       2156  st([vPC])                       #24
                                          2157
                                          2158  # STLW implementation
                                          2159  label('stlw')
stlw:         0441 811c  adda [$1c]       2160  adda([vSP])                     #13
              0442 c21d  st   [$1d]       2161  st([vTmp])                      #14
              0443 9001  adda $01,x       2162  adda(1,X)                       #15
              0444 0119  ld   [$19]       2163  ld([vAC+1])                     #16
              0445 c600  st   [x]         2164  st([X])                         #17
              0446 111d  ld   [$1d],x     2165  ld([vTmp],X)                    #18
              0447 0118  ld   [$18]       2166  ld([vAC])                       #19
              0448 c600  st   [x]         2167  st([X])                         #20
              0449 1403  ld   $03,y       2168  ld(hi('REENTER'),Y)             #21
              044a e0cb  jmp  y,$cb       2169  jmp(Y,'REENTER')                #22
              044b 00f3  ld   $f3         2170  ld(-26/2)                       #23
                                          2171
                                          2172  # LDLW implementation
                                          2173  label('ldlw')
ldlw:         044c 811c  adda [$1c]       2174  adda([vSP])                     #13
              044d c21d  st   [$1d]       2175  st([vTmp])                      #14
              044e 9001  adda $01,x       2176  adda(1,X)                       #15
              044f 0500  ld   [x]         2177  ld([X])                         #16
              0450 c219  st   [$19]       2178  st([vAC+1])                     #17
              0451 111d  ld   [$1d],x     2179  ld([vTmp],X)                    #18
              0452 0500  ld   [x]         2180  ld([X])                         #19
              0453 c218  st   [$18]       2181  st([vAC])                       #20
              0454 1403  ld   $03,y       2182  ld(hi('REENTER'),Y)             #21
              0455 e0cb  jmp  y,$cb       2183  jmp(Y,'REENTER')                #22
              0456 00f3  ld   $f3         2184  ld(-26/2)                       #23
                                          2185
                                          2186  # POKE implementation
                                          2187  label('poke')
poke:         0457 9001  adda $01,x       2188  adda(1,X)                       #13
              0458 0500  ld   [x]         2189  ld([X])                         #14
              0459 1600  ld   ac,y        2190  ld(AC,Y)                        #15
              045a 111d  ld   [$1d],x     2191  ld([vTmp],X)                    #16
              045b 0500  ld   [x]         2192  ld([X])                         #17
              045c 1200  ld   ac,x        2193  ld(AC,X)                        #18
              045d 0118  ld   [$18]       2194  ld([vAC])                       #19
              045e ce00  st   [y,x]       2195  st([Y,X])                       #20
              045f 1403  ld   $03,y       2196  ld(hi('REENTER'),Y)             #21
              0460 e0cb  jmp  y,$cb       2197  jmp(Y,'REENTER')                #22
              0461 00f3  ld   $f3         2198  ld(-26/2)                       #23
                                          2199
                                          2200  # PEEK implementation
                                          2201  label('peek')
peek:         0462 a001  suba $01         2202  suba(1)                         #13
              0463 c216  st   [$16]       2203  st([vPC])                       #14
              0464 1118  ld   [$18],x     2204  ld([vAC],X)                     #15
              0465 1519  ld   [$19],y     2205  ld([vAC+1],Y)                   #16
              0466 0d00  ld   [y,x]       2206  ld([Y,X])                       #17
              0467 c218  st   [$18]       2207  st([vAC])                       #18
                                          2208  label('lupReturn#19')           #Nice coincidence that lupReturn can be here
lupReturn#19: 0468 0000  ld   $00         2209  ld(0)                           #19
              0469 c219  st   [$19]       2210  st([vAC+1])                     #20
              046a 1403  ld   $03,y       2211  ld(hi('REENTER'),Y)             #21
              046b e0cb  jmp  y,$cb       2212  jmp(Y,'REENTER')                #22
              046c 00f3  ld   $f3         2213  ld(-26/2)                       #23
                                          2214
                                          2215  # DOKE implementation
                                          2216  label('doke')
doke:         046d 9001  adda $01,x       2217  adda(1,X)                       #13
              046e 0500  ld   [x]         2218  ld([X])                         #14
              046f 1600  ld   ac,y        2219  ld(AC,Y)                        #15
              0470 111d  ld   [$1d],x     2220  ld([vTmp],X)                    #16
              0471 0500  ld   [x]         2221  ld([X])                         #17
              0472 1200  ld   ac,x        2222  ld(AC,X)                        #18
              0473 0118  ld   [$18]       2223  ld([vAC])                       #19
              0474 de00  st   [y,x++]     2224  st([Y,Xpp])                     #20
              0475 0119  ld   [$19]       2225  ld([vAC+1])                     #21
              0476 ce00  st   [y,x]       2226  st([Y,X])                       #22 Incompatible with REENTER_28
              0477 1403  ld   $03,y       2227  ld(hi('REENTER'),Y)             #23
              0478 e0cb  jmp  y,$cb       2228  jmp(Y,'REENTER')                #24
              0479 00f2  ld   $f2         2229  ld(-28/2)                       #25
                                          2230
                                          2231  # DEEK implementation
                                          2232  label('deek')
deek:         047a 0116  ld   [$16]       2233  ld([vPC])                       #13
              047b a001  suba $01         2234  suba(1)                         #14
              047c c216  st   [$16]       2235  st([vPC])                       #15
              047d 1118  ld   [$18],x     2236  ld([vAC],X)                     #16
              047e 1519  ld   [$19],y     2237  ld([vAC+1],Y)                   #17
              047f 0d00  ld   [y,x]       2238  ld([Y,X])                       #18
              0480 de00  st   [y,x++]     2239  st([Y,Xpp])                     #19 Just X++
              0481 c218  st   [$18]       2240  st([vAC])                       #20
              0482 0d00  ld   [y,x]       2241  ld([Y,X])                       #21
              0483 1403  ld   $03,y       2242  ld(hi('REENTER_28'),Y)          #22
              0484 e0ca  jmp  y,$ca       2243  jmp(Y,'REENTER_28')             #23
              0485 c219  st   [$19]       2244  st([vAC+1])                     #24
                                          2245
                                          2246  # ANDW implementation
                                          2247  label('andw')
andw:         0486 c21d  st   [$1d]       2248  st([vTmp])                      #13
              0487 9001  adda $01,x       2249  adda(1,X)                       #14
              0488 0500  ld   [x]         2250  ld([X])                         #15
              0489 2119  anda [$19]       2251  anda([vAC+1])                   #16
              048a c219  st   [$19]       2252  st([vAC+1])                     #17
              048b 111d  ld   [$1d],x     2253  ld([vTmp],X)                    #18
              048c 0500  ld   [x]         2254  ld([X])                         #19
              048d 2118  anda [$18]       2255  anda([vAC])                     #20
              048e c218  st   [$18]       2256  st([vAC])                       #21
              048f 1403  ld   $03,y       2257  ld(hi('REENTER_28'),Y)          #22
              0490 e0ca  jmp  y,$ca       2258  jmp(Y,'REENTER_28')             #23
                                          2259  #dummy()                        #24 Overlap
                                          2260  #
                                          2261  # ORW implementation
                                          2262  label('orw')
orw:          0491 c21d  st   [$1d]       2263  st([vTmp])                      #13,24
              0492 9001  adda $01,x       2264  adda(1,X)                       #14
              0493 0500  ld   [x]         2265  ld([X])                         #15
              0494 4119  ora  [$19]       2266  ora([vAC+1])                    #16
              0495 c219  st   [$19]       2267  st([vAC+1])                     #17
              0496 111d  ld   [$1d],x     2268  ld([vTmp],X)                    #18
              0497 0500  ld   [x]         2269  ld([X])                         #19
              0498 4118  ora  [$18]       2270  ora([vAC])                      #20
              0499 c218  st   [$18]       2271  st([vAC])                       #21
              049a 1403  ld   $03,y       2272  ld(hi('REENTER_28'),Y)          #22
              049b e0ca  jmp  y,$ca       2273  jmp(Y,'REENTER_28')             #23
                                          2274  #dummy()                        #24 Overlap
                                          2275  #
                                          2276  # XORW implementation
                                          2277  label('xorw')
xorw:         049c 9001  adda $01,x       2278  adda(1,X)                       #13,24
              049d 0500  ld   [x]         2279  ld([X])                         #14
              049e 6119  xora [$19]       2280  xora([vAC+1])                   #15
              049f c219  st   [$19]       2281  st([vAC+1])                     #16
              04a0 111d  ld   [$1d],x     2282  ld([vTmp],X)                    #17
              04a1 0500  ld   [x]         2283  ld([X])                         #18
              04a2 6118  xora [$18]       2284  xora([vAC])                     #19
              04a3 c218  st   [$18]       2285  st([vAC])                       #20
              04a4 1403  ld   $03,y       2286  ld(hi('REENTER'),Y)             #21
              04a5 e0cb  jmp  y,$cb       2287  jmp(Y,'REENTER')                #22
              04a6 00f3  ld   $f3         2288  ld(-26/2)                       #23
                                          2289
                                          2290  #-----------------------------------------------------------------------
                                          2291  #
                                          2292  #  vCPU extension functions (for acceleration and compaction) follow below.
                                          2293  #
                                          2294  #  The naming convention is: SYS_<CamelCase>[_v<V>]_<N>
                                          2295  #
                                          2296  #  With <N> the maximum number of cycles the function will run
                                          2297  #  (counted from NEXT to NEXT). This is the same number that must
                                          2298  #  be passed to the 'SYS' vCPU instruction as operand, and it will
                                          2299  #  appear in the GCL code upon use.
                                          2300  #
                                          2301  #  If a SYS extension got introduced after ROM v1, the version number of
                                          2302  #  introduction is included in the name. This helps the programmer to be
                                          2303  #  reminded to verify the acutal ROM version and fail gracefully on older
                                          2304  #  ROMs than required. See also Docs/GT1-files.txt on using [romType].
                                          2305  #
                                          2306  #-----------------------------------------------------------------------
                                          2307
                                          2308  #-----------------------------------------------------------------------
                                          2309  # Extension SYS_Random_34: Update entropy and copy to vAC
                                          2310  #-----------------------------------------------------------------------
                                          2311
                                          2312  # This same algorithm runs automatically once per vertical blank.
                                          2313  # Use this function to get numbers at a higher rate.
                                          2314  #
                                          2315  # Variables:
                                          2316  #       vAC
                                          2317
                                          2318  label('SYS_Random_34')
SYS_Random_34:
              04a7 010e  ld   [$0e]       2319  ld([frameCount])                #15
              04a8 6107  xora [$07]       2320  xora([entropy+1])               #16
              04a9 610f  xora [$0f]       2321  xora([serialRaw])               #17
              04aa 8106  adda [$06]       2322  adda([entropy+0])               #18
              04ab c206  st   [$06]       2323  st([entropy+0])                 #19
              04ac c218  st   [$18]       2324  st([vAC+0])                     #20
              04ad 8108  adda [$08]       2325  adda([entropy+2])               #21
              04ae c208  st   [$08]       2326  st([entropy+2])                 #22
              04af e8b2  blt  .sysRnd0    2327  bmi('.sysRnd0')                 #23
              04b0 fcb3  bra  .sysRnd1    2328  bra('.sysRnd1')                 #24
              04b1 6053  xora $53         2329  xora(64+16+2+1)                 #25
                                          2330  label('.sysRnd0')
.sysRnd0:     04b2 606c  xora $6c         2331  xora(64+32+8+4)                 #25
                                          2332  label('.sysRnd1')
.sysRnd1:     04b3 8107  adda [$07]       2333  adda([entropy+1])               #26
              04b4 c207  st   [$07]       2334  st([entropy+1])                 #27
              04b5 c219  st   [$19]       2335  st([vAC+1])                     #28
              04b6 1403  ld   $03,y       2336  ld(hi('REENTER'),Y)             #29
              04b7 e0cb  jmp  y,$cb       2337  jmp(Y,'REENTER')                #30
              04b8 00ef  ld   $ef         2338  ld(-34/2)                       #31
                                          2339
                                          2340  label('SYS_LSRW7_30')
SYS_LSRW7_30: 04b9 0118  ld   [$18]       2341  ld([vAC])                       #15
              04ba 3080  anda $80,x       2342  anda(128,X)                     #16
              04bb 0119  ld   [$19]       2343  ld([vAC+1])                     #17
              04bc 8200  adda ac          2344  adda(AC)                        #18
              04bd 4500  ora  [x]         2345  ora([X])                        #19
              04be c218  st   [$18]       2346  st([vAC])                       #20
              04bf 0119  ld   [$19]       2347  ld([vAC+1])                     #21
              04c0 3080  anda $80,x       2348  anda(128,X)                     #22
              04c1 0500  ld   [x]         2349  ld([X])                         #23
              04c2 c219  st   [$19]       2350  st([vAC+1])                     #24
              04c3 1403  ld   $03,y       2351  ld(hi('REENTER'),Y)             #25
              04c4 e0cb  jmp  y,$cb       2352  jmp(Y,'REENTER')                #26
              04c5 00f1  ld   $f1         2353  ld(-30/2)                       #27
                                          2354
                                          2355  label('SYS_LSRW8_24')
SYS_LSRW8_24: 04c6 0119  ld   [$19]       2356  ld([vAC+1])                     #15
              04c7 c218  st   [$18]       2357  st([vAC])                       #16
              04c8 0000  ld   $00         2358  ld(0)                           #17
              04c9 c219  st   [$19]       2359  st([vAC+1])                     #18
              04ca 1403  ld   $03,y       2360  ld(hi('REENTER'),Y)             #19
              04cb e0cb  jmp  y,$cb       2361  jmp(Y,'REENTER')                #20
              04cc 00f4  ld   $f4         2362  ld(-24/2)                       #21
                                          2363
                                          2364  label('SYS_LSLW8_24')
SYS_LSLW8_24: 04cd 0118  ld   [$18]       2365  ld([vAC])                       #15
              04ce c219  st   [$19]       2366  st([vAC+1])                     #16
              04cf 0000  ld   $00         2367  ld(0)                           #17
              04d0 c218  st   [$18]       2368  st([vAC])                       #18
              04d1 1403  ld   $03,y       2369  ld(hi('REENTER'),Y)             #19
              04d2 e0cb  jmp  y,$cb       2370  jmp(Y,'REENTER')                #20
              04d3 00f4  ld   $f4         2371  ld(-24/2)                       #21
                                          2372
                                          2373  #-----------------------------------------------------------------------
                                          2374  # Extension SYS_Draw4_30
                                          2375  #-----------------------------------------------------------------------
                                          2376
                                          2377  # Draw 4 pixels on screen, horizontally next to each other
                                          2378  #
                                          2379  # Variables:
                                          2380  #       sysArgs[0:3]    Pixels (in)
                                          2381  #       sysArgs[4:5]    Position on screen (in)
                                          2382
                                          2383  label('SYS_Draw4_30')
SYS_Draw4_30: 04d4 1128  ld   [$28],x     2384  ld([sysArgs+4],X)               #15
              04d5 1529  ld   [$29],y     2385  ld([sysArgs+5],Y)               #16
              04d6 0124  ld   [$24]       2386  ld([sysArgs+0])                 #17
              04d7 de00  st   [y,x++]     2387  st([Y,Xpp])                     #18
              04d8 0125  ld   [$25]       2388  ld([sysArgs+1])                 #19
              04d9 de00  st   [y,x++]     2389  st([Y,Xpp])                     #20
              04da 0126  ld   [$26]       2390  ld([sysArgs+2])                 #21
              04db de00  st   [y,x++]     2391  st([Y,Xpp])                     #22
              04dc 0127  ld   [$27]       2392  ld([sysArgs+3])                 #23
              04dd de00  st   [y,x++]     2393  st([Y,Xpp])                     #24
              04de 1403  ld   $03,y       2394  ld(hi('REENTER'),Y)             #25
              04df e0cb  jmp  y,$cb       2395  jmp(Y,'REENTER')                #26
              04e0 00f1  ld   $f1         2396  ld(-30/2)                       #27
                                          2397
                                          2398  #-----------------------------------------------------------------------
                                          2399  # Extension SYS_VDrawBits_134:
                                          2400  #-----------------------------------------------------------------------
                                          2401
                                          2402  # Draw slice of a character, 8 pixels vertical
                                          2403  #
                                          2404  # Variables:
                                          2405  #       sysArgs[0]      Color 0 "background" (in)
                                          2406  #       sysArgs[1]      Color 1 "pen" (in)
                                          2407  #       sysArgs[2]      8 bits, highest bit first (in, changed)
                                          2408  #       sysArgs[4:5]    Position on screen (in)
                                          2409
                                          2410  label('SYS_VDrawBits_134')
SYS_VDrawBits_134:
              04e1 1412  ld   $12,y       2411  ld(hi('sys_VDrawBits'),Y)       #15
              04e2 e086  jmp  y,$86       2412  jmp(Y,'sys_VDrawBits')          #16
              04e3 1128  ld   [$28],x     2413  ld([sysArgs+4],X)               #17
                                          2414
                                          2415  #-----------------------------------------------------------------------
                                          2416
                                          2417  # INC implementation
                                          2418  label('inc#14')
inc#14:       04e4 8500  adda [x]         2419  adda([X])                       #14
              04e5 c600  st   [x]         2420  st([X])                         #15
              04e6 1403  ld   $03,y       2421  ld(hi('NEXTY'),Y)               #16
              04e7 e000  jmp  y,$00       2422  jmp(Y,'NEXTY')                  #17
              04e8 00f6  ld   $f6         2423  ld(-20/2)                       #18
                                          2424
                                          2425
                                          2426  # Interrupt handler:
                                          2427  #       ... IRQ payload ...
                                          2428  #       LDWI $400
                                          2429  #       LUP  $xx  ==> vRTI
              04e9 0200  nop              2430  fillers(until=251-17)
                                          2431
                                          2432  label('vRTI#18')
vRTI#18:      04ea 00ea  ld   $ea         2433  ld(-32//2-v6502_adjust)         #18
              04eb 8115  adda [$15]       2434  adda([vTicks])                  #19
              04ec f4f8  bge  vRTI#22     2435  bge('vRTI#22')                  #20
              04ed 0132  ld   [$32]       2436  ld([vIrqSave+2])                #21
              04ee c218  st   [$18]       2437  st([vAC])                       #22
              04ef 0133  ld   [$33]       2438  ld([vIrqSave+3])                #23
              04f0 c219  st   [$19]       2439  st([vAC+1])                     #24
              04f1 0134  ld   [$34]       2440  ld([vIrqSave+4])                #25
              04f2 c205  st   [$05]       2441  st([vCpuSelect])                #26
              04f3 0115  ld   [$15]       2442  ld([vTicks])                    #27
              04f4 8000  adda $00         2443  adda(maxTicks-28//2)            #28-28=0
              04f5 1403  ld   $03,y       2444  ld(hi('RESYNC'),Y)              #1
              04f6 e00c  jmp  y,$0c       2445  jmp(Y,'RESYNC')                 #2
              04f7 0200  nop              2446  nop()                           #3
                                          2447
                                          2448  label('vRTI#22')
vRTI#22:      04f8 1412  ld   $12,y       2449  ld(hi('vRTI#25'),Y)             #22
              04f9 e01e  jmp  y,$1e       2450  jmp(Y,'vRTI#25')                #23
              04fa c218  st   [$18]       2451  st([vAC])                       #24
                                          2452
                                          2453  # vRTI entry point
                                          2454  assert(pc()&255 == 251)         # The landing offset 251 for LUP trampoline is fixed
              04fb 0130  ld   [$30]       2455  ld([vIrqSave+0])                #13
              04fc c216  st   [$16]       2456  st([vPC])                       #14
              04fd 0131  ld   [$31]       2457  ld([vIrqSave+1])                #15
              04fe fcea  bra  vRTI#18     2458  bra('vRTI#18')                  #16
              04ff c217  st   [$17]       2459  st([vPC+1])                     #17
                                          2460
                                          2461
                                          2462
                                          2463  #-----------------------------------------------------------------------
                                          2464  #
                                          2465  #  $0500 ROM page 5-6: Shift table and code
                                          2466  #
                                          2467  #-----------------------------------------------------------------------
                                          2468
                                          2469  align(0x100, size=0x200)
                                          2470
                                          2471  # Lookup table for i>>n, with n in 1..6
                                          2472  # Indexing ix = i & ~b | (b-1), where b = 1<<(n-1)
                                          2473  #       ...
                                          2474  #       ld   <.ret
                                          2475  #       st   [vTmp]
                                          2476  #       ld   >shiftTable,y
                                          2477  #       <calculate ix>
                                          2478  #       jmp  y,ac
                                          2479  #       bra  $ff
                                          2480  # .ret: ...
                                          2481  #
                                          2482  # i >> 7 can be always be done with RAM: [i&128]
                                          2483  #       ...
                                          2484  #       anda $80,x
                                          2485  #       ld   [x]
                                          2486  #       ...
                                          2487
                                          2488  label('shiftTable')
                                          2489  shiftTable = pc()
                                          2490
                                          2491  for ix in range(255):
                                          2492    for n in range(1,7): # Find first zero
                                          2493      if ~ix & (1 << (n-1)):
                                          2494        break
                                          2495    pattern = ['x' if i<n else '1' if ix&(1<<i) else '0' for i in range(8)]
                                          2496    ld(ix>>n); C('0b%s >> %d' % (''.join(reversed(pattern)), n))
shiftTable:   0500 0000  ld   $00         ;0b0000000x >> 1
              0501 0000  ld   $00         ;0b000000xx >> 2
              0502 0001  ld   $01         ;0b0000001x >> 1
              0503 0000  ld   $00         ;0b00000xxx >> 3
              0504 0002  ld   $02         ;0b0000010x >> 1
              0505 0001  ld   $01         ;0b000001xx >> 2
              0506 0003  ld   $03         ;0b0000011x >> 1
              0507 0000  ld   $00         ;0b0000xxxx >> 4
              0508 0004  ld   $04         ;0b0000100x >> 1
              0509 0002  ld   $02         ;0b000010xx >> 2
              050a 0005  ld   $05         ;0b0000101x >> 1
              050b 0001  ld   $01         ;0b00001xxx >> 3
              050c 0006  ld   $06         ;0b0000110x >> 1
              050d 0003  ld   $03         ;0b000011xx >> 2
              050e 0007  ld   $07         ;0b0000111x >> 1
              050f 0000  ld   $00         ;0b000xxxxx >> 5
              0510 0008  ld   $08         ;0b0001000x >> 1
              0511 0004  ld   $04         ;0b000100xx >> 2
              0512 0009  ld   $09         ;0b0001001x >> 1
              0513 0002  ld   $02         ;0b00010xxx >> 3
              0514 000a  ld   $0a         ;0b0001010x >> 1
              0515 0005  ld   $05         ;0b000101xx >> 2
              0516 000b  ld   $0b         ;0b0001011x >> 1
              0517 0001  ld   $01         ;0b0001xxxx >> 4
              0518 000c  ld   $0c         ;0b0001100x >> 1
              0519 0006  ld   $06         ;0b000110xx >> 2
              051a 000d  ld   $0d         ;0b0001101x >> 1
              051b 0003  ld   $03         ;0b00011xxx >> 3
              051c 000e  ld   $0e         ;0b0001110x >> 1
              051d 0007  ld   $07         ;0b000111xx >> 2
              051e 000f  ld   $0f         ;0b0001111x >> 1
              051f 0000  ld   $00         ;0b00xxxxxx >> 6
              0520 0010  ld   $10         ;0b0010000x >> 1
              0521 0008  ld   $08         ;0b001000xx >> 2
              0522 0011  ld   $11         ;0b0010001x >> 1
              0523 0004  ld   $04         ;0b00100xxx >> 3
              0524 0012  ld   $12         ;0b0010010x >> 1
              0525 0009  ld   $09         ;0b001001xx >> 2
              0526 0013  ld   $13         ;0b0010011x >> 1
              0527 0002  ld   $02         ;0b0010xxxx >> 4
              0528 0014  ld   $14         ;0b0010100x >> 1
              0529 000a  ld   $0a         ;0b001010xx >> 2
              052a 0015  ld   $15         ;0b0010101x >> 1
              052b 0005  ld   $05         ;0b00101xxx >> 3
              052c 0016  ld   $16         ;0b0010110x >> 1
              052d 000b  ld   $0b         ;0b001011xx >> 2
              052e 0017  ld   $17         ;0b0010111x >> 1
              052f 0001  ld   $01         ;0b001xxxxx >> 5
              0530 0018  ld   $18         ;0b0011000x >> 1
              0531 000c  ld   $0c         ;0b001100xx >> 2
              0532 0019  ld   $19         ;0b0011001x >> 1
              0533 0006  ld   $06         ;0b00110xxx >> 3
              0534 001a  ld   $1a         ;0b0011010x >> 1
              0535 000d  ld   $0d         ;0b001101xx >> 2
              0536 001b  ld   $1b         ;0b0011011x >> 1
              0537 0003  ld   $03         ;0b0011xxxx >> 4
              0538 001c  ld   $1c         ;0b0011100x >> 1
              0539 000e  ld   $0e         ;0b001110xx >> 2
              053a 001d  ld   $1d         ;0b0011101x >> 1
              053b 0007  ld   $07         ;0b00111xxx >> 3
              053c 001e  ld   $1e         ;0b0011110x >> 1
              053d 000f  ld   $0f         ;0b001111xx >> 2
              053e 001f  ld   $1f         ;0b0011111x >> 1
              053f 0000  ld   $00         ;0b00xxxxxx >> 6
              0540 0020  ld   $20         ;0b0100000x >> 1
              0541 0010  ld   $10         ;0b010000xx >> 2
              0542 0021  ld   $21         ;0b0100001x >> 1
              0543 0008  ld   $08         ;0b01000xxx >> 3
              0544 0022  ld   $22         ;0b0100010x >> 1
              0545 0011  ld   $11         ;0b010001xx >> 2
              0546 0023  ld   $23         ;0b0100011x >> 1
              0547 0004  ld   $04         ;0b0100xxxx >> 4
              0548 0024  ld   $24         ;0b0100100x >> 1
              0549 0012  ld   $12         ;0b010010xx >> 2
              054a 0025  ld   $25         ;0b0100101x >> 1
              054b 0009  ld   $09         ;0b01001xxx >> 3
              054c 0026  ld   $26         ;0b0100110x >> 1
              054d 0013  ld   $13         ;0b010011xx >> 2
              054e 0027  ld   $27         ;0b0100111x >> 1
              054f 0002  ld   $02         ;0b010xxxxx >> 5
              0550 0028  ld   $28         ;0b0101000x >> 1
              0551 0014  ld   $14         ;0b010100xx >> 2
              0552 0029  ld   $29         ;0b0101001x >> 1
              0553 000a  ld   $0a         ;0b01010xxx >> 3
              0554 002a  ld   $2a         ;0b0101010x >> 1
              0555 0015  ld   $15         ;0b010101xx >> 2
              0556 002b  ld   $2b         ;0b0101011x >> 1
              0557 0005  ld   $05         ;0b0101xxxx >> 4
              0558 002c  ld   $2c         ;0b0101100x >> 1
              0559 0016  ld   $16         ;0b010110xx >> 2
              055a 002d  ld   $2d         ;0b0101101x >> 1
              055b 000b  ld   $0b         ;0b01011xxx >> 3
              055c 002e  ld   $2e         ;0b0101110x >> 1
              055d 0017  ld   $17         ;0b010111xx >> 2
              055e 002f  ld   $2f         ;0b0101111x >> 1
              055f 0001  ld   $01         ;0b01xxxxxx >> 6
              0560 0030  ld   $30         ;0b0110000x >> 1
              0561 0018  ld   $18         ;0b011000xx >> 2
              0562 0031  ld   $31         ;0b0110001x >> 1
              0563 000c  ld   $0c         ;0b01100xxx >> 3
              0564 0032  ld   $32         ;0b0110010x >> 1
              0565 0019  ld   $19         ;0b011001xx >> 2
              0566 0033  ld   $33         ;0b0110011x >> 1
              0567 0006  ld   $06         ;0b0110xxxx >> 4
              0568 0034  ld   $34         ;0b0110100x >> 1
              0569 001a  ld   $1a         ;0b011010xx >> 2
              056a 0035  ld   $35         ;0b0110101x >> 1
              056b 000d  ld   $0d         ;0b01101xxx >> 3
              056c 0036  ld   $36         ;0b0110110x >> 1
              056d 001b  ld   $1b         ;0b011011xx >> 2
              056e 0037  ld   $37         ;0b0110111x >> 1
              056f 0003  ld   $03         ;0b011xxxxx >> 5
              0570 0038  ld   $38         ;0b0111000x >> 1
              0571 001c  ld   $1c         ;0b011100xx >> 2
              0572 0039  ld   $39         ;0b0111001x >> 1
              0573 000e  ld   $0e         ;0b01110xxx >> 3
              0574 003a  ld   $3a         ;0b0111010x >> 1
              0575 001d  ld   $1d         ;0b011101xx >> 2
              0576 003b  ld   $3b         ;0b0111011x >> 1
              0577 0007  ld   $07         ;0b0111xxxx >> 4
              0578 003c  ld   $3c         ;0b0111100x >> 1
              0579 001e  ld   $1e         ;0b011110xx >> 2
              057a 003d  ld   $3d         ;0b0111101x >> 1
              057b 000f  ld   $0f         ;0b01111xxx >> 3
              057c 003e  ld   $3e         ;0b0111110x >> 1
              057d 001f  ld   $1f         ;0b011111xx >> 2
              057e 003f  ld   $3f         ;0b0111111x >> 1
              057f 0001  ld   $01         ;0b01xxxxxx >> 6
              0580 0040  ld   $40         ;0b1000000x >> 1
              0581 0020  ld   $20         ;0b100000xx >> 2
              0582 0041  ld   $41         ;0b1000001x >> 1
              0583 0010  ld   $10         ;0b10000xxx >> 3
              0584 0042  ld   $42         ;0b1000010x >> 1
              0585 0021  ld   $21         ;0b100001xx >> 2
              0586 0043  ld   $43         ;0b1000011x >> 1
              0587 0008  ld   $08         ;0b1000xxxx >> 4
              0588 0044  ld   $44         ;0b1000100x >> 1
              0589 0022  ld   $22         ;0b100010xx >> 2
              058a 0045  ld   $45         ;0b1000101x >> 1
              058b 0011  ld   $11         ;0b10001xxx >> 3
              058c 0046  ld   $46         ;0b1000110x >> 1
              058d 0023  ld   $23         ;0b100011xx >> 2
              058e 0047  ld   $47         ;0b1000111x >> 1
              058f 0004  ld   $04         ;0b100xxxxx >> 5
              0590 0048  ld   $48         ;0b1001000x >> 1
              0591 0024  ld   $24         ;0b100100xx >> 2
              0592 0049  ld   $49         ;0b1001001x >> 1
              0593 0012  ld   $12         ;0b10010xxx >> 3
              0594 004a  ld   $4a         ;0b1001010x >> 1
              0595 0025  ld   $25         ;0b100101xx >> 2
              0596 004b  ld   $4b         ;0b1001011x >> 1
              0597 0009  ld   $09         ;0b1001xxxx >> 4
              0598 004c  ld   $4c         ;0b1001100x >> 1
              0599 0026  ld   $26         ;0b100110xx >> 2
              059a 004d  ld   $4d         ;0b1001101x >> 1
              059b 0013  ld   $13         ;0b10011xxx >> 3
              059c 004e  ld   $4e         ;0b1001110x >> 1
              059d 0027  ld   $27         ;0b100111xx >> 2
              059e 004f  ld   $4f         ;0b1001111x >> 1
              059f 0002  ld   $02         ;0b10xxxxxx >> 6
              05a0 0050  ld   $50         ;0b1010000x >> 1
              05a1 0028  ld   $28         ;0b101000xx >> 2
              05a2 0051  ld   $51         ;0b1010001x >> 1
              05a3 0014  ld   $14         ;0b10100xxx >> 3
              05a4 0052  ld   $52         ;0b1010010x >> 1
              05a5 0029  ld   $29         ;0b101001xx >> 2
              05a6 0053  ld   $53         ;0b1010011x >> 1
              05a7 000a  ld   $0a         ;0b1010xxxx >> 4
              05a8 0054  ld   $54         ;0b1010100x >> 1
              05a9 002a  ld   $2a         ;0b101010xx >> 2
              05aa 0055  ld   $55         ;0b1010101x >> 1
              05ab 0015  ld   $15         ;0b10101xxx >> 3
              05ac 0056  ld   $56         ;0b1010110x >> 1
              05ad 002b  ld   $2b         ;0b101011xx >> 2
              05ae 0057  ld   $57         ;0b1010111x >> 1
              05af 0005  ld   $05         ;0b101xxxxx >> 5
              05b0 0058  ld   $58         ;0b1011000x >> 1
              05b1 002c  ld   $2c         ;0b101100xx >> 2
              05b2 0059  ld   $59         ;0b1011001x >> 1
              05b3 0016  ld   $16         ;0b10110xxx >> 3
              05b4 005a  ld   $5a         ;0b1011010x >> 1
              05b5 002d  ld   $2d         ;0b101101xx >> 2
              05b6 005b  ld   $5b         ;0b1011011x >> 1
              05b7 000b  ld   $0b         ;0b1011xxxx >> 4
              05b8 005c  ld   $5c         ;0b1011100x >> 1
              05b9 002e  ld   $2e         ;0b101110xx >> 2
              05ba 005d  ld   $5d         ;0b1011101x >> 1
              05bb 0017  ld   $17         ;0b10111xxx >> 3
              05bc 005e  ld   $5e         ;0b1011110x >> 1
              05bd 002f  ld   $2f         ;0b101111xx >> 2
              05be 005f  ld   $5f         ;0b1011111x >> 1
              05bf 0002  ld   $02         ;0b10xxxxxx >> 6
              05c0 0060  ld   $60         ;0b1100000x >> 1
              05c1 0030  ld   $30         ;0b110000xx >> 2
              05c2 0061  ld   $61         ;0b1100001x >> 1
              05c3 0018  ld   $18         ;0b11000xxx >> 3
              05c4 0062  ld   $62         ;0b1100010x >> 1
              05c5 0031  ld   $31         ;0b110001xx >> 2
              05c6 0063  ld   $63         ;0b1100011x >> 1
              05c7 000c  ld   $0c         ;0b1100xxxx >> 4
              05c8 0064  ld   $64         ;0b1100100x >> 1
              05c9 0032  ld   $32         ;0b110010xx >> 2
              05ca 0065  ld   $65         ;0b1100101x >> 1
              05cb 0019  ld   $19         ;0b11001xxx >> 3
              05cc 0066  ld   $66         ;0b1100110x >> 1
              05cd 0033  ld   $33         ;0b110011xx >> 2
              05ce 0067  ld   $67         ;0b1100111x >> 1
              05cf 0006  ld   $06         ;0b110xxxxx >> 5
              05d0 0068  ld   $68         ;0b1101000x >> 1
              05d1 0034  ld   $34         ;0b110100xx >> 2
              05d2 0069  ld   $69         ;0b1101001x >> 1
              05d3 001a  ld   $1a         ;0b11010xxx >> 3
              05d4 006a  ld   $6a         ;0b1101010x >> 1
              05d5 0035  ld   $35         ;0b110101xx >> 2
              05d6 006b  ld   $6b         ;0b1101011x >> 1
              05d7 000d  ld   $0d         ;0b1101xxxx >> 4
              05d8 006c  ld   $6c         ;0b1101100x >> 1
              05d9 0036  ld   $36         ;0b110110xx >> 2
              05da 006d  ld   $6d         ;0b1101101x >> 1
              05db 001b  ld   $1b         ;0b11011xxx >> 3
              05dc 006e  ld   $6e         ;0b1101110x >> 1
              05dd 0037  ld   $37         ;0b110111xx >> 2
              05de 006f  ld   $6f         ;0b1101111x >> 1
              05df 0003  ld   $03         ;0b11xxxxxx >> 6
              05e0 0070  ld   $70         ;0b1110000x >> 1
              05e1 0038  ld   $38         ;0b111000xx >> 2
              05e2 0071  ld   $71         ;0b1110001x >> 1
              05e3 001c  ld   $1c         ;0b11100xxx >> 3
              05e4 0072  ld   $72         ;0b1110010x >> 1
              05e5 0039  ld   $39         ;0b111001xx >> 2
              05e6 0073  ld   $73         ;0b1110011x >> 1
              05e7 000e  ld   $0e         ;0b1110xxxx >> 4
              05e8 0074  ld   $74         ;0b1110100x >> 1
              05e9 003a  ld   $3a         ;0b111010xx >> 2
              05ea 0075  ld   $75         ;0b1110101x >> 1
              05eb 001d  ld   $1d         ;0b11101xxx >> 3
              05ec 0076  ld   $76         ;0b1110110x >> 1
              05ed 003b  ld   $3b         ;0b111011xx >> 2
              05ee 0077  ld   $77         ;0b1110111x >> 1
              05ef 0007  ld   $07         ;0b111xxxxx >> 5
              05f0 0078  ld   $78         ;0b1111000x >> 1
              05f1 003c  ld   $3c         ;0b111100xx >> 2
              05f2 0079  ld   $79         ;0b1111001x >> 1
              05f3 001e  ld   $1e         ;0b11110xxx >> 3
              05f4 007a  ld   $7a         ;0b1111010x >> 1
              05f5 003d  ld   $3d         ;0b111101xx >> 2
              05f6 007b  ld   $7b         ;0b1111011x >> 1
              05f7 000f  ld   $0f         ;0b1111xxxx >> 4
              05f8 007c  ld   $7c         ;0b1111100x >> 1
              05f9 003e  ld   $3e         ;0b111110xx >> 2
              05fa 007d  ld   $7d         ;0b1111101x >> 1
              05fb 001f  ld   $1f         ;0b11111xxx >> 3
              05fc 007e  ld   $7e         ;0b1111110x >> 1
              05fd 003f  ld   $3f         ;0b111111xx >> 2
              05fe 007f  ld   $7f         ;0b1111111x >> 1
                                          2497
                                          2498  assert pc()&255 == 255
              05ff fd1d  bra  [$1d]       2499  bra([vTmp])                     # Jumps back into next page
                                          2500
                                          2501  label('SYS_LSRW1_48')
                                          2502  assert pc()&255 == 0            # First instruction on this page *must* be a nop
SYS_LSRW1_48: 0600 0200  nop              2503  nop()                           #15
              0601 1405  ld   $05,y       2504  ld(hi('shiftTable'),Y)          #16 Logical shift right 1 bit (X >> 1)
              0602 0008  ld   $08         2505  ld('.sysLsrw1a')                #17 Shift low byte
              0603 c21d  st   [$1d]       2506  st([vTmp])                      #18
              0604 0118  ld   [$18]       2507  ld([vAC])                       #19
              0605 20fe  anda $fe         2508  anda(0b11111110)                #20
              0606 e200  jmp  y,ac        2509  jmp(Y,AC)                       #21
              0607 fcff  bra  $ff         2510  bra(255)                        #22 bra shiftTable+255
                                          2511  label('.sysLsrw1a')
.sysLsrw1a:   0608 c218  st   [$18]       2512  st([vAC])                       #26
              0609 0119  ld   [$19]       2513  ld([vAC+1])                     #27 Transfer bit 8
              060a 2001  anda $01         2514  anda(1)                         #28
              060b 807f  adda $7f         2515  adda(127)                       #29
              060c 2080  anda $80         2516  anda(128)                       #30
              060d 4118  ora  [$18]       2517  ora([vAC])                      #31
              060e c218  st   [$18]       2518  st([vAC])                       #32
              060f 0015  ld   $15         2519  ld('.sysLsrw1b')                #33 Shift high byte
              0610 c21d  st   [$1d]       2520  st([vTmp])                      #34
              0611 0119  ld   [$19]       2521  ld([vAC+1])                     #35
              0612 20fe  anda $fe         2522  anda(0b11111110)                #36
              0613 e200  jmp  y,ac        2523  jmp(Y,AC)                       #37
              0614 fcff  bra  $ff         2524  bra(255)                        #38 bra shiftTable+255
                                          2525  label('.sysLsrw1b')
.sysLsrw1b:   0615 c219  st   [$19]       2526  st([vAC+1])                     #42
              0616 1403  ld   $03,y       2527  ld(hi('REENTER'),Y)             #43
              0617 e0cb  jmp  y,$cb       2528  jmp(Y,'REENTER')                #44
              0618 00e8  ld   $e8         2529  ld(-48/2)                       #45
                                          2530
                                          2531  label('SYS_LSRW2_52')
SYS_LSRW2_52: 0619 1405  ld   $05,y       2532  ld(hi('shiftTable'),Y)          #15 Logical shift right 2 bit (X >> 2)
              061a 0021  ld   $21         2533  ld('.sysLsrw2a')                #16 Shift low byte
              061b c21d  st   [$1d]       2534  st([vTmp])                      #17
              061c 0118  ld   [$18]       2535  ld([vAC])                       #18
              061d 20fc  anda $fc         2536  anda(0b11111100)                #19
              061e 4001  ora  $01         2537  ora( 0b00000001)                #20
              061f e200  jmp  y,ac        2538  jmp(Y,AC)                       #21
              0620 fcff  bra  $ff         2539  bra(255)                        #22 bra shiftTable+255
                                          2540  label('.sysLsrw2a')
.sysLsrw2a:   0621 c218  st   [$18]       2541  st([vAC])                       #26
              0622 0119  ld   [$19]       2542  ld([vAC+1])                     #27 Transfer bit 8:9
              0623 8200  adda ac          2543  adda(AC)                        #28
              0624 8200  adda ac          2544  adda(AC)                        #29
              0625 8200  adda ac          2545  adda(AC)                        #30
              0626 8200  adda ac          2546  adda(AC)                        #31
              0627 8200  adda ac          2547  adda(AC)                        #32
              0628 8200  adda ac          2548  adda(AC)                        #33
              0629 4118  ora  [$18]       2549  ora([vAC])                      #34
              062a c218  st   [$18]       2550  st([vAC])                       #35
              062b 0032  ld   $32         2551  ld('.sysLsrw2b')                #36 Shift high byte
              062c c21d  st   [$1d]       2552  st([vTmp])                      #37
              062d 0119  ld   [$19]       2553  ld([vAC+1])                     #38
              062e 20fc  anda $fc         2554  anda(0b11111100)                #39
              062f 4001  ora  $01         2555  ora( 0b00000001)                #40
              0630 e200  jmp  y,ac        2556  jmp(Y,AC)                       #41
              0631 fcff  bra  $ff         2557  bra(255)                        #42 bra shiftTable+255
                                          2558  label('.sysLsrw2b')
.sysLsrw2b:   0632 c219  st   [$19]       2559  st([vAC+1])                     #46
              0633 1403  ld   $03,y       2560  ld(hi('REENTER'),Y)             #47
              0634 e0cb  jmp  y,$cb       2561  jmp(Y,'REENTER')                #48
              0635 00e6  ld   $e6         2562  ld(-52/2)                       #49
                                          2563
                                          2564  label('SYS_LSRW3_52')
SYS_LSRW3_52: 0636 1405  ld   $05,y       2565  ld(hi('shiftTable'),Y)          #15 Logical shift right 3 bit (X >> 3)
              0637 003e  ld   $3e         2566  ld('.sysLsrw3a')                #16 Shift low byte
              0638 c21d  st   [$1d]       2567  st([vTmp])                      #17
              0639 0118  ld   [$18]       2568  ld([vAC])                       #18
              063a 20f8  anda $f8         2569  anda(0b11111000)                #19
              063b 4003  ora  $03         2570  ora( 0b00000011)                #20
              063c e200  jmp  y,ac        2571  jmp(Y,AC)                       #21
              063d fcff  bra  $ff         2572  bra(255)                        #22 bra shiftTable+255
                                          2573  label('.sysLsrw3a')
.sysLsrw3a:   063e c218  st   [$18]       2574  st([vAC])                       #26
              063f 0119  ld   [$19]       2575  ld([vAC+1])                     #27 Transfer bit 8:10
              0640 8200  adda ac          2576  adda(AC)                        #28
              0641 8200  adda ac          2577  adda(AC)                        #29
              0642 8200  adda ac          2578  adda(AC)                        #30
              0643 8200  adda ac          2579  adda(AC)                        #31
              0644 8200  adda ac          2580  adda(AC)                        #32
              0645 4118  ora  [$18]       2581  ora([vAC])                      #33
              0646 c218  st   [$18]       2582  st([vAC])                       #34
              0647 004e  ld   $4e         2583  ld('.sysLsrw3b')                #35 Shift high byte
              0648 c21d  st   [$1d]       2584  st([vTmp])                      #36
              0649 0119  ld   [$19]       2585  ld([vAC+1])                     #37
              064a 20f8  anda $f8         2586  anda(0b11111000)                #38
              064b 4003  ora  $03         2587  ora( 0b00000011)                #39
              064c e200  jmp  y,ac        2588  jmp(Y,AC)                       #40
              064d fcff  bra  $ff         2589  bra(255)                        #41 bra shiftTable+255
                                          2590  label('.sysLsrw3b')
.sysLsrw3b:   064e c219  st   [$19]       2591  st([vAC+1])                     #45
              064f 00e6  ld   $e6         2592  ld(-52/2)                       #46
              0650 1403  ld   $03,y       2593  ld(hi('REENTER'),Y)             #47
              0651 e0cb  jmp  y,$cb       2594  jmp(Y,'REENTER')                #48
                                          2595  #nop()                          #49
                                          2596
                                          2597  label('SYS_LSRW4_50')
SYS_LSRW4_50: 0652 1405  ld   $05,y       2598  ld(hi('shiftTable'),Y)          #15,49 Logical shift right 4 bit (X >> 4)
              0653 005a  ld   $5a         2599  ld('.sysLsrw4a')                #16 Shift low byte
              0654 c21d  st   [$1d]       2600  st([vTmp])                      #17
              0655 0118  ld   [$18]       2601  ld([vAC])                       #18
              0656 20f0  anda $f0         2602  anda(0b11110000)                #19
              0657 4007  ora  $07         2603  ora( 0b00000111)                #20
              0658 e200  jmp  y,ac        2604  jmp(Y,AC)                       #21
              0659 fcff  bra  $ff         2605  bra(255)                        #22 bra shiftTable+255
                                          2606  label('.sysLsrw4a')
.sysLsrw4a:   065a c218  st   [$18]       2607  st([vAC])                       #26
              065b 0119  ld   [$19]       2608  ld([vAC+1])                     #27 Transfer bit 8:11
              065c 8200  adda ac          2609  adda(AC)                        #28
              065d 8200  adda ac          2610  adda(AC)                        #29
              065e 8200  adda ac          2611  adda(AC)                        #30
              065f 8200  adda ac          2612  adda(AC)                        #31
              0660 4118  ora  [$18]       2613  ora([vAC])                      #32
              0661 c218  st   [$18]       2614  st([vAC])                       #33
              0662 0069  ld   $69         2615  ld('.sysLsrw4b')                #34 Shift high byte'
              0663 c21d  st   [$1d]       2616  st([vTmp])                      #35
              0664 0119  ld   [$19]       2617  ld([vAC+1])                     #36
              0665 20f0  anda $f0         2618  anda(0b11110000)                #37
              0666 4007  ora  $07         2619  ora( 0b00000111)                #38
              0667 e200  jmp  y,ac        2620  jmp(Y,AC)                       #39
              0668 fcff  bra  $ff         2621  bra(255)                        #40 bra shiftTable+255
                                          2622  label('.sysLsrw4b')
.sysLsrw4b:   0669 c219  st   [$19]       2623  st([vAC+1])                     #44
              066a 1403  ld   $03,y       2624  ld(hi('REENTER'),Y)             #45
              066b e0cb  jmp  y,$cb       2625  jmp(Y,'REENTER')                #46
              066c 00e7  ld   $e7         2626  ld(-50/2)                       #47
                                          2627
                                          2628  label('SYS_LSRW5_50')
SYS_LSRW5_50: 066d 1405  ld   $05,y       2629  ld(hi('shiftTable'),Y)          #15 Logical shift right 5 bit (X >> 5)
              066e 0075  ld   $75         2630  ld('.sysLsrw5a')                #16 Shift low byte
              066f c21d  st   [$1d]       2631  st([vTmp])                      #17
              0670 0118  ld   [$18]       2632  ld([vAC])                       #18
              0671 20e0  anda $e0         2633  anda(0b11100000)                #19
              0672 400f  ora  $0f         2634  ora( 0b00001111)                #20
              0673 e200  jmp  y,ac        2635  jmp(Y,AC)                       #21
              0674 fcff  bra  $ff         2636  bra(255)                        #22 bra shiftTable+255
                                          2637  label('.sysLsrw5a')
.sysLsrw5a:   0675 c218  st   [$18]       2638  st([vAC])                       #26
              0676 0119  ld   [$19]       2639  ld([vAC+1])                     #27 Transfer bit 8:13
              0677 8200  adda ac          2640  adda(AC)                        #28
              0678 8200  adda ac          2641  adda(AC)                        #29
              0679 8200  adda ac          2642  adda(AC)                        #30
              067a 4118  ora  [$18]       2643  ora([vAC])                      #31
              067b c218  st   [$18]       2644  st([vAC])                       #32
              067c 0083  ld   $83         2645  ld('.sysLsrw5b')                #33 Shift high byte
              067d c21d  st   [$1d]       2646  st([vTmp])                      #34
              067e 0119  ld   [$19]       2647  ld([vAC+1])                     #35
              067f 20e0  anda $e0         2648  anda(0b11100000)                #36
              0680 400f  ora  $0f         2649  ora( 0b00001111)                #37
              0681 e200  jmp  y,ac        2650  jmp(Y,AC)                       #38
              0682 fcff  bra  $ff         2651  bra(255)                        #39 bra shiftTable+255
                                          2652  label('.sysLsrw5b')
.sysLsrw5b:   0683 c219  st   [$19]       2653  st([vAC+1])                     #44
              0684 00e7  ld   $e7         2654  ld(-50/2)                       #45
              0685 1403  ld   $03,y       2655  ld(hi('REENTER'),Y)             #46
              0686 e0cb  jmp  y,$cb       2656  jmp(Y,'REENTER')                #47
                                          2657  #nop()                          #48
                                          2658
                                          2659  label('SYS_LSRW6_48')
SYS_LSRW6_48: 0687 1405  ld   $05,y       2660  ld(hi('shiftTable'),Y)          #15,44 Logical shift right 6 bit (X >> 6)
              0688 008f  ld   $8f         2661  ld('.sysLsrw6a')                #16 Shift low byte
              0689 c21d  st   [$1d]       2662  st([vTmp])                      #17
              068a 0118  ld   [$18]       2663  ld([vAC])                       #18
              068b 20c0  anda $c0         2664  anda(0b11000000)                #19
              068c 401f  ora  $1f         2665  ora( 0b00011111)                #20
              068d e200  jmp  y,ac        2666  jmp(Y,AC)                       #21
              068e fcff  bra  $ff         2667  bra(255)                        #22 bra shiftTable+255
                                          2668  label('.sysLsrw6a')
.sysLsrw6a:   068f c218  st   [$18]       2669  st([vAC])                       #26
              0690 0119  ld   [$19]       2670  ld([vAC+1])                     #27 Transfer bit 8:13
              0691 8200  adda ac          2671  adda(AC)                        #28
              0692 8200  adda ac          2672  adda(AC)                        #29
              0693 4118  ora  [$18]       2673  ora([vAC])                      #30
              0694 c218  st   [$18]       2674  st([vAC])                       #31
              0695 009c  ld   $9c         2675  ld('.sysLsrw6b')                #32 Shift high byte
              0696 c21d  st   [$1d]       2676  st([vTmp])                      #33
              0697 0119  ld   [$19]       2677  ld([vAC+1])                     #34
              0698 20c0  anda $c0         2678  anda(0b11000000)                #35
              0699 401f  ora  $1f         2679  ora( 0b00011111)                #36
              069a e200  jmp  y,ac        2680  jmp(Y,AC)                       #37
              069b fcff  bra  $ff         2681  bra(255)                        #38 bra shiftTable+255
                                          2682  label('.sysLsrw6b')
.sysLsrw6b:   069c c219  st   [$19]       2683  st([vAC+1])                     #42
              069d 1403  ld   $03,y       2684  ld(hi('REENTER'),Y)             #43
              069e e0cb  jmp  y,$cb       2685  jmp(Y,'REENTER')                #44
              069f 00e8  ld   $e8         2686  ld(-48/2)                       #45
                                          2687
                                          2688  label('SYS_LSLW4_46')
SYS_LSLW4_46: 06a0 1405  ld   $05,y       2689  ld(hi('shiftTable'),Y)          #15 Logical shift left 4 bit (X << 4)
              06a1 00ae  ld   $ae         2690  ld('.sysLsrl4')                 #16
              06a2 c21d  st   [$1d]       2691  st([vTmp])                      #17
              06a3 0119  ld   [$19]       2692  ld([vAC+1])                     #18
              06a4 8200  adda ac          2693  adda(AC)                        #19
              06a5 8200  adda ac          2694  adda(AC)                        #20
              06a6 8200  adda ac          2695  adda(AC)                        #21
              06a7 8200  adda ac          2696  adda(AC)                        #22
              06a8 c219  st   [$19]       2697  st([vAC+1])                     #23
              06a9 0118  ld   [$18]       2698  ld([vAC])                       #24
              06aa 20f0  anda $f0         2699  anda(0b11110000)                #25
              06ab 4007  ora  $07         2700  ora( 0b00000111)                #26
              06ac e200  jmp  y,ac        2701  jmp(Y,AC)                       #27
              06ad fcff  bra  $ff         2702  bra(255)                        #28 bra shiftTable+255
                                          2703  label('.sysLsrl4')
.sysLsrl4:    06ae 4119  ora  [$19]       2704  ora([vAC+1])                    #32
              06af c219  st   [$19]       2705  st([vAC+1])                     #33
              06b0 0118  ld   [$18]       2706  ld([vAC])                       #34
              06b1 8200  adda ac          2707  adda(AC)                        #35
              06b2 8200  adda ac          2708  adda(AC)                        #36
              06b3 8200  adda ac          2709  adda(AC)                        #37
              06b4 8200  adda ac          2710  adda(AC)                        #38
              06b5 c218  st   [$18]       2711  st([vAC])                       #39
              06b6 00e9  ld   $e9         2712  ld(-46/2)                       #40
              06b7 1403  ld   $03,y       2713  ld(hi('REENTER'),Y)             #41
              06b8 e0cb  jmp  y,$cb       2714  jmp(Y,'REENTER')                #42
                                          2715  #nop()                          #43
                                          2716
                                          2717  #-----------------------------------------------------------------------
                                          2718  # Extension SYS_Read3_40
                                          2719  #-----------------------------------------------------------------------
                                          2720
                                          2721  # Read 3 consecutive bytes from ROM
                                          2722  #
                                          2723  # Note: This function a bit obsolete, as it has very limited use. It's
                                          2724  #       effectively an application-specific SYS function for the Pictures
                                          2725  #       application from ROM v1. It requires the ROM data be organized
                                          2726  #       with trampoline3a and trampoline3b fragments, and their address
                                          2727  #       in ROM to be known. Better avoid using this.
                                          2728  #
                                          2729  # Variables:
                                          2730  #       sysArgs[0:2]    Bytes (out)
                                          2731  #       sysArgs[6:7]    ROM pointer (in)
                                          2732
                                          2733  label('SYS_Read3_40')
SYS_Read3_40: 06b9 152b  ld   [$2b],y     2734  ld([sysArgs+7],Y)               #15,32
              06ba e079  jmp  y,$79       2735  jmp(Y,128-7)                    #16 trampoline3a
              06bb 012a  ld   [$2a]       2736  ld([sysArgs+6])                 #17
                                          2737  label('txReturn')
txReturn:     06bc c226  st   [$26]       2738  st([sysArgs+2])                 #34
              06bd 1403  ld   $03,y       2739  ld(hi('REENTER'),Y)             #35
              06be e0cb  jmp  y,$cb       2740  jmp(Y,'REENTER')                #36
              06bf 00ec  ld   $ec         2741  ld(-40/2)                       #37
                                          2742
                                          2743  def trampoline3a():
                                          2744    """Read 3 bytes from ROM page"""
                                          2745    while pc()&255 < 128-7:
                                          2746      nop()
                                          2747    bra(AC)                       #18
                                          2748    C('Trampoline for page $%02x00 reading (entry)' % (pc()>>8))
                                          2749    bra(123)                      #19
                                          2750    st([sysArgs+0])               #21
                                          2751    ld([sysArgs+6])               #22
                                          2752    adda(1)                       #23
                                          2753    bra(AC)                       #24
                                          2754    bra(250)                      #25 trampoline3b
                                          2755    align(1, size=0x80)
                                          2756
                                          2757  def trampoline3b():
                                          2758    """Read 3 bytes from ROM page (continue)"""
                                          2759    while pc()&255 < 256-6:
                                          2760      nop()
                                          2761    st([sysArgs+1])               #27
                                          2762    C('Trampoline for page $%02x00 reading (continue)' % (pc()>>8))
                                          2763    ld([sysArgs+6])               #28
                                          2764    adda(2)                       #29
                                          2765    ld(hi('txReturn'),Y)          #30
                                          2766    bra(AC)                       #31
                                          2767    jmp(Y,'txReturn')             #32
                                          2768    align(1, size=0x100)
                                          2769
                                          2770  #-----------------------------------------------------------------------
                                          2771  # Extension SYS_Unpack_56
                                          2772  #-----------------------------------------------------------------------
                                          2773
                                          2774  # Unpack 3 bytes into 4 pixels
                                          2775  #
                                          2776  # Variables:
                                          2777  #       sysArgs[0:2]    Packed bytes (in)
                                          2778  #       sysArgs[0:3]    Pixels (out)
                                          2779
                                          2780  label('SYS_Unpack_56')
SYS_Unpack_56:
              06c0 1407  ld   $07,y       2781  ld(soundTable>>8,Y)             #15
              06c1 0126  ld   [$26]       2782  ld([sysArgs+2])                 #16 a[2]>>2
              06c2 5003  ora  $03,x       2783  ora(0x03,X)                     #17
              06c3 0d00  ld   [y,x]       2784  ld([Y,X])                       #18
              06c4 c227  st   [$27]       2785  st([sysArgs+3])                 #19 -> Pixel 3
                                          2786
              06c5 0126  ld   [$26]       2787  ld([sysArgs+2])                 #20 (a[2]&3)<<4
              06c6 2003  anda $03         2788  anda(0x03)                      #21
              06c7 8200  adda ac          2789  adda(AC)                        #22
              06c8 8200  adda ac          2790  adda(AC)                        #23
              06c9 8200  adda ac          2791  adda(AC)                        #24
              06ca 8200  adda ac          2792  adda(AC)                        #25
              06cb c226  st   [$26]       2793  st([sysArgs+2])                 #26
              06cc 0125  ld   [$25]       2794  ld([sysArgs+1])                 #27 | a[1]>>4
              06cd 5003  ora  $03,x       2795  ora(0x03,X)                     #28
              06ce 0d00  ld   [y,x]       2796  ld([Y,X])                       #29
              06cf 5003  ora  $03,x       2797  ora(0x03,X)                     #30
              06d0 0d00  ld   [y,x]       2798  ld([Y,X])                       #31
              06d1 4126  ora  [$26]       2799  ora([sysArgs+2])                #32
              06d2 c226  st   [$26]       2800  st([sysArgs+2])                 #33 -> Pixel 2
                                          2801
              06d3 0125  ld   [$25]       2802  ld([sysArgs+1])                 #34 (a[1]&15)<<2
              06d4 200f  anda $0f         2803  anda(0x0f)                      #35
              06d5 8200  adda ac          2804  adda(AC)                        #36
              06d6 8200  adda ac          2805  adda(AC)                        #37
              06d7 c225  st   [$25]       2806  st([sysArgs+1])                 #38
                                          2807
              06d8 0124  ld   [$24]       2808  ld([sysArgs+0])                 #39 | a[0]>>6
              06d9 5003  ora  $03,x       2809  ora(0x03,X)                     #40
              06da 0d00  ld   [y,x]       2810  ld([Y,X])                       #41
              06db 5003  ora  $03,x       2811  ora(0x03,X)                     #42
              06dc 0d00  ld   [y,x]       2812  ld([Y,X])                       #43
              06dd 5003  ora  $03,x       2813  ora(0x03,X)                     #44
              06de 0d00  ld   [y,x]       2814  ld([Y,X])                       #45
              06df 4125  ora  [$25]       2815  ora([sysArgs+1])                #46
              06e0 c225  st   [$25]       2816  st([sysArgs+1])                 #47 -> Pixel 1
                                          2817
              06e1 0124  ld   [$24]       2818  ld([sysArgs+0])                 #48 a[1]&63
              06e2 203f  anda $3f         2819  anda(0x3f)                      #49
              06e3 c224  st   [$24]       2820  st([sysArgs+0])                 #50 -> Pixel 0
                                          2821
              06e4 1403  ld   $03,y       2822  ld(hi('REENTER'),Y)             #51
              06e5 e0cb  jmp  y,$cb       2823  jmp(Y,'REENTER')                #52
              06e6 00e4  ld   $e4         2824  ld(-56/2)                       #53
                                          2825
                                          2826  #-----------------------------------------------------------------------
                                          2827  #       v6502 right shift instruction
                                          2828  #-----------------------------------------------------------------------
                                          2829
                                          2830  label('v6502_lsr#30')
v6502_lsr#30: 06e7 1525  ld   [$25],y     2831  ld([v6502_ADH],Y)               #30 Result
              06e8 ce00  st   [y,x]       2832  st([Y,X])                       #31
              06e9 c228  st   [$28]       2833  st([v6502_Qz])                  #32 Z flag
              06ea c229  st   [$29]       2834  st([v6502_Qn])                  #33 N flag
              06eb 140e  ld   $0e,y       2835  ld(hi('v6502_next'),Y)          #34
              06ec 00ed  ld   $ed         2836  ld(-38/2)                       #35
              06ed e020  jmp  y,$20       2837  jmp(Y,'v6502_next')             #36
                                          2838  #nop()                          #37 Overlap
                                          2839  #
                                          2840  label('v6502_ror#38')
v6502_ror#38: 06ee 1525  ld   [$25],y     2841  ld([v6502_ADH],Y)               #38,38 Result
              06ef 4119  ora  [$19]       2842  ora([v6502_BI])                 #39 Transfer bit 8
              06f0 ce00  st   [y,x]       2843  st([Y,X])                       #40
              06f1 c228  st   [$28]       2844  st([v6502_Qz])                  #41 Z flag
              06f2 c229  st   [$29]       2845  st([v6502_Qn])                  #42 N flag
              06f3 140e  ld   $0e,y       2846  ld(hi('v6502_next'),Y)          #43
              06f4 e020  jmp  y,$20       2847  jmp(Y,'v6502_next')             #44
              06f5 00e9  ld   $e9         2848  ld(-46/2)                       #45
                                          2849
                                          2850  #-----------------------------------------------------------------------
                                          2851  #       Reserved
                                          2852  #-----------------------------------------------------------------------
                                          2853
                                          2854  # XXX Reserve space for LSRW?
                                          2855
                                          2856  #-----------------------------------------------------------------------
                                          2857  #
                                          2858  #  $0700 ROM page 7-8: Gigatron font data
                                          2859  #
                                          2860  #-----------------------------------------------------------------------
                                          2861
              06f6 0200  nop              2862  align(0x100, size=0x100)
              06f7 0200  nop
              06f8 0200  nop
              * 10 times
                                          2863
                                          2864  label('font32up')
                                          2865  for ch in range(32, 32+50):
                                          2866    comment = 'Char %s' % repr(chr(ch))
                                          2867    for byte in font.font[ch-32]:
                                          2868      ld(byte)
font32up:     0700 0000  ld   $00         ;Char ' '
              0701 0000  ld   $00
              0702 0000  ld   $00
              * 5 times
              0705 0000  ld   $00         ;Char '!'
              0706 0000  ld   $00
              0707 00fa  ld   $fa
              0708 0000  ld   $00
              0709 0000  ld   $00
              070a 00a0  ld   $a0         ;Char '"'
              070b 00c0  ld   $c0
              070c 0000  ld   $00
              070d 00a0  ld   $a0
              070e 00c0  ld   $c0
              070f 0028  ld   $28         ;Char '#'
              0710 00fe  ld   $fe
              0711 0028  ld   $28
              0712 00fe  ld   $fe
              0713 0028  ld   $28
              0714 0024  ld   $24         ;Char '$'
              0715 0054  ld   $54
              0716 00fe  ld   $fe
              0717 0054  ld   $54
              0718 0048  ld   $48
              0719 00c4  ld   $c4         ;Char '%'
              071a 00c8  ld   $c8
              071b 0010  ld   $10
              071c 0026  ld   $26
              071d 0046  ld   $46
              071e 006c  ld   $6c         ;Char '&'
              071f 0092  ld   $92
              0720 006a  ld   $6a
              0721 0004  ld   $04
              0722 000a  ld   $0a
              0723 0000  ld   $00         ;Char "'"
              0724 00a0  ld   $a0
              0725 00c0  ld   $c0
              0726 0000  ld   $00
              0727 0000  ld   $00
              0728 0000  ld   $00         ;Char '('
              0729 0038  ld   $38
              072a 0044  ld   $44
              072b 0082  ld   $82
              072c 0000  ld   $00
              072d 0000  ld   $00         ;Char ')'
              072e 0082  ld   $82
              072f 0044  ld   $44
              0730 0038  ld   $38
              0731 0000  ld   $00
              0732 0028  ld   $28         ;Char '*'
              0733 0010  ld   $10
              0734 007c  ld   $7c
              0735 0010  ld   $10
              0736 0028  ld   $28
              0737 0010  ld   $10         ;Char '+'
              0738 0010  ld   $10
              0739 007c  ld   $7c
              073a 0010  ld   $10
              073b 0010  ld   $10
              073c 0000  ld   $00         ;Char ','
              073d 0005  ld   $05
              073e 0006  ld   $06
              073f 0000  ld   $00
              0740 0000  ld   $00
              0741 0010  ld   $10         ;Char '-'
              0742 0010  ld   $10
              0743 0010  ld   $10
              * 5 times
              0746 0000  ld   $00         ;Char '.'
              0747 0002  ld   $02
              0748 0002  ld   $02
              0749 0000  ld   $00
              074a 0000  ld   $00
              074b 0000  ld   $00         ;Char '/'
              074c 0006  ld   $06
              074d 0018  ld   $18
              074e 0060  ld   $60
              074f 0000  ld   $00
              0750 007c  ld   $7c         ;Char '0'
              0751 008a  ld   $8a
              0752 0092  ld   $92
              0753 00a2  ld   $a2
              0754 007c  ld   $7c
              0755 0022  ld   $22         ;Char '1'
              0756 0042  ld   $42
              0757 00fe  ld   $fe
              0758 0002  ld   $02
              0759 0002  ld   $02
              075a 0046  ld   $46         ;Char '2'
              075b 008a  ld   $8a
              075c 0092  ld   $92
              075d 0092  ld   $92
              075e 0062  ld   $62
              075f 0044  ld   $44         ;Char '3'
              0760 0082  ld   $82
              0761 0092  ld   $92
              0762 0092  ld   $92
              0763 006c  ld   $6c
              0764 0018  ld   $18         ;Char '4'
              0765 0028  ld   $28
              0766 0048  ld   $48
              0767 00fe  ld   $fe
              0768 0008  ld   $08
              0769 00e4  ld   $e4         ;Char '5'
              076a 00a2  ld   $a2
              076b 00a2  ld   $a2
              076c 00a2  ld   $a2
              076d 009c  ld   $9c
              076e 003c  ld   $3c         ;Char '6'
              076f 0052  ld   $52
              0770 0092  ld   $92
              0771 0092  ld   $92
              0772 000c  ld   $0c
              0773 0080  ld   $80         ;Char '7'
              0774 008e  ld   $8e
              0775 0090  ld   $90
              0776 00a0  ld   $a0
              0777 00c0  ld   $c0
              0778 006c  ld   $6c         ;Char '8'
              0779 0092  ld   $92
              077a 0092  ld   $92
              077b 0092  ld   $92
              077c 006c  ld   $6c
              077d 0060  ld   $60         ;Char '9'
              077e 0092  ld   $92
              077f 0092  ld   $92
              0780 0094  ld   $94
              0781 0078  ld   $78
              0782 0000  ld   $00         ;Char ':'
              0783 0024  ld   $24
              0784 0024  ld   $24
              0785 0000  ld   $00
              0786 0000  ld   $00
              0787 0000  ld   $00         ;Char ';'
              0788 0025  ld   $25
              0789 0026  ld   $26
              078a 0000  ld   $00
              078b 0000  ld   $00
              078c 0010  ld   $10         ;Char '<'
              078d 0028  ld   $28
              078e 0044  ld   $44
              078f 0082  ld   $82
              0790 0000  ld   $00
              0791 0028  ld   $28         ;Char '='
              0792 0028  ld   $28
              0793 0028  ld   $28
              * 5 times
              0796 0000  ld   $00         ;Char '>'
              0797 0082  ld   $82
              0798 0044  ld   $44
              0799 0028  ld   $28
              079a 0010  ld   $10
              079b 0040  ld   $40         ;Char '?'
              079c 0080  ld   $80
              079d 008a  ld   $8a
              079e 0090  ld   $90
              079f 0060  ld   $60
              07a0 007c  ld   $7c         ;Char '@'
              07a1 0082  ld   $82
              07a2 00ba  ld   $ba
              07a3 00aa  ld   $aa
              07a4 0078  ld   $78
              07a5 003e  ld   $3e         ;Char 'A'
              07a6 0048  ld   $48
              07a7 0088  ld   $88
              07a8 0048  ld   $48
              07a9 003e  ld   $3e
              07aa 00fe  ld   $fe         ;Char 'B'
              07ab 0092  ld   $92
              07ac 0092  ld   $92
              07ad 0092  ld   $92
              07ae 006c  ld   $6c
              07af 007c  ld   $7c         ;Char 'C'
              07b0 0082  ld   $82
              07b1 0082  ld   $82
              07b2 0082  ld   $82
              07b3 0044  ld   $44
              07b4 00fe  ld   $fe         ;Char 'D'
              07b5 0082  ld   $82
              07b6 0082  ld   $82
              07b7 0044  ld   $44
              07b8 0038  ld   $38
              07b9 00fe  ld   $fe         ;Char 'E'
              07ba 0092  ld   $92
              07bb 0092  ld   $92
              07bc 0092  ld   $92
              07bd 0082  ld   $82
              07be 00fe  ld   $fe         ;Char 'F'
              07bf 0090  ld   $90
              07c0 0090  ld   $90
              07c1 0090  ld   $90
              07c2 0080  ld   $80
              07c3 007c  ld   $7c         ;Char 'G'
              07c4 0082  ld   $82
              07c5 0082  ld   $82
              07c6 0092  ld   $92
              07c7 005c  ld   $5c
              07c8 00fe  ld   $fe         ;Char 'H'
              07c9 0010  ld   $10
              07ca 0010  ld   $10
              07cb 0010  ld   $10
              07cc 00fe  ld   $fe
              07cd 0000  ld   $00         ;Char 'I'
              07ce 0082  ld   $82
              07cf 00fe  ld   $fe
              07d0 0082  ld   $82
              07d1 0000  ld   $00
              07d2 0004  ld   $04         ;Char 'J'
              07d3 0002  ld   $02
              07d4 0082  ld   $82
              07d5 00fc  ld   $fc
              07d6 0080  ld   $80
              07d7 00fe  ld   $fe         ;Char 'K'
              07d8 0010  ld   $10
              07d9 0028  ld   $28
              07da 0044  ld   $44
              07db 0082  ld   $82
              07dc 00fe  ld   $fe         ;Char 'L'
              07dd 0002  ld   $02
              07de 0002  ld   $02
              07df 0002  ld   $02
              07e0 0002  ld   $02
              07e1 00fe  ld   $fe         ;Char 'M'
              07e2 0040  ld   $40
              07e3 0030  ld   $30
              07e4 0040  ld   $40
              07e5 00fe  ld   $fe
              07e6 00fe  ld   $fe         ;Char 'N'
              07e7 0020  ld   $20
              07e8 0010  ld   $10
              07e9 0008  ld   $08
              07ea 00fe  ld   $fe
              07eb 007c  ld   $7c         ;Char 'O'
              07ec 0082  ld   $82
              07ed 0082  ld   $82
              07ee 0082  ld   $82
              07ef 007c  ld   $7c
              07f0 00fe  ld   $fe         ;Char 'P'
              07f1 0090  ld   $90
              07f2 0090  ld   $90
              07f3 0090  ld   $90
              07f4 0060  ld   $60
              07f5 007c  ld   $7c         ;Char 'Q'
              07f6 0082  ld   $82
              07f7 008a  ld   $8a
              07f8 0084  ld   $84
              07f9 007a  ld   $7a
                                          2869      comment = C(comment)
                                          2870
              07fa 0200  nop              2871  trampoline()
              07fb fe00  bra  ac          ;+-----------------------------------+
              07fc fcfd  bra  $07fd       ;|                                   |
              07fd 1404  ld   $04,y       ;| Trampoline for page $0700 lookups |
              07fe e068  jmp  y,$68       ;|                                   |
              07ff c218  st   [$18]       ;+-----------------------------------+
                                          2872
                                          2873  #-----------------------------------------------------------------------
                                          2874
                                          2875  align(0x100, size=0x100)
                                          2876
                                          2877  label('font82up')
                                          2878  for ch in range(32+50, 132):
                                          2879    comment = 'Char %s' % repr(chr(ch))
                                          2880    for byte in font.font[ch-32]:
                                          2881      ld(byte)
font82up:     0800 00fe  ld   $fe         ;Char 'R'
              0801 0090  ld   $90
              0802 0098  ld   $98
              0803 0094  ld   $94
              0804 0062  ld   $62
              0805 0062  ld   $62         ;Char 'S'
              0806 0092  ld   $92
              0807 0092  ld   $92
              0808 0092  ld   $92
              0809 000c  ld   $0c
              080a 0080  ld   $80         ;Char 'T'
              080b 0080  ld   $80
              080c 00fe  ld   $fe
              080d 0080  ld   $80
              080e 0080  ld   $80
              080f 00fc  ld   $fc         ;Char 'U'
              0810 0002  ld   $02
              0811 0002  ld   $02
              0812 0002  ld   $02
              0813 00fc  ld   $fc
              0814 00f0  ld   $f0         ;Char 'V'
              0815 000c  ld   $0c
              0816 0002  ld   $02
              0817 000c  ld   $0c
              0818 00f0  ld   $f0
              0819 00fe  ld   $fe         ;Char 'W'
              081a 0004  ld   $04
              081b 0018  ld   $18
              081c 0004  ld   $04
              081d 00fe  ld   $fe
              081e 00c6  ld   $c6         ;Char 'X'
              081f 0028  ld   $28
              0820 0010  ld   $10
              0821 0028  ld   $28
              0822 00c6  ld   $c6
              0823 00e0  ld   $e0         ;Char 'Y'
              0824 0010  ld   $10
              0825 000e  ld   $0e
              0826 0010  ld   $10
              0827 00e0  ld   $e0
              0828 0086  ld   $86         ;Char 'Z'
              0829 008a  ld   $8a
              082a 0092  ld   $92
              082b 00a2  ld   $a2
              082c 00c2  ld   $c2
              082d 0000  ld   $00         ;Char '['
              082e 00fe  ld   $fe
              082f 0082  ld   $82
              0830 0082  ld   $82
              0831 0000  ld   $00
              0832 0000  ld   $00         ;Char '\\'
              0833 0060  ld   $60
              0834 0018  ld   $18
              0835 0006  ld   $06
              0836 0000  ld   $00
              0837 0000  ld   $00         ;Char ']'
              0838 0082  ld   $82
              0839 0082  ld   $82
              083a 00fe  ld   $fe
              083b 0000  ld   $00
              083c 0020  ld   $20         ;Char '^'
              083d 0040  ld   $40
              083e 0080  ld   $80
              083f 0040  ld   $40
              0840 0020  ld   $20
              0841 0002  ld   $02         ;Char '_'
              0842 0002  ld   $02
              0843 0002  ld   $02
              * 5 times
              0846 0000  ld   $00         ;Char '`'
              0847 0000  ld   $00
              0848 00c0  ld   $c0
              0849 00a0  ld   $a0
              084a 0000  ld   $00
              084b 0004  ld   $04         ;Char 'a'
              084c 002a  ld   $2a
              084d 002a  ld   $2a
              084e 002a  ld   $2a
              084f 001e  ld   $1e
              0850 00fe  ld   $fe         ;Char 'b'
              0851 0022  ld   $22
              0852 0022  ld   $22
              0853 0022  ld   $22
              0854 001c  ld   $1c
              0855 001c  ld   $1c         ;Char 'c'
              0856 0022  ld   $22
              0857 0022  ld   $22
              0858 0022  ld   $22
              0859 0002  ld   $02
              085a 001c  ld   $1c         ;Char 'd'
              085b 0022  ld   $22
              085c 0022  ld   $22
              085d 0022  ld   $22
              085e 00fe  ld   $fe
              085f 001c  ld   $1c         ;Char 'e'
              0860 002a  ld   $2a
              0861 002a  ld   $2a
              0862 002a  ld   $2a
              0863 0018  ld   $18
              0864 0010  ld   $10         ;Char 'f'
              0865 007e  ld   $7e
              0866 0090  ld   $90
              0867 0080  ld   $80
              0868 0040  ld   $40
              0869 0018  ld   $18         ;Char 'g'
              086a 0025  ld   $25
              086b 0025  ld   $25
              086c 0025  ld   $25
              086d 001e  ld   $1e
              086e 00fe  ld   $fe         ;Char 'h'
              086f 0020  ld   $20
              0870 0020  ld   $20
              0871 0020  ld   $20
              0872 001e  ld   $1e
              0873 0000  ld   $00         ;Char 'i'
              0874 0022  ld   $22
              0875 00be  ld   $be
              0876 0002  ld   $02
              0877 0000  ld   $00
              0878 0002  ld   $02         ;Char 'j'
              0879 0001  ld   $01
              087a 0021  ld   $21
              087b 00be  ld   $be
              087c 0000  ld   $00
              087d 00fe  ld   $fe         ;Char 'k'
              087e 0008  ld   $08
              087f 0018  ld   $18
              0880 0024  ld   $24
              0881 0002  ld   $02
              0882 0000  ld   $00         ;Char 'l'
              0883 0082  ld   $82
              0884 00fe  ld   $fe
              0885 0002  ld   $02
              0886 0000  ld   $00
              0887 003e  ld   $3e         ;Char 'm'
              0888 0020  ld   $20
              0889 001c  ld   $1c
              088a 0020  ld   $20
              088b 001e  ld   $1e
              088c 003e  ld   $3e         ;Char 'n'
              088d 0010  ld   $10
              088e 0020  ld   $20
              088f 0020  ld   $20
              0890 001e  ld   $1e
              0891 001c  ld   $1c         ;Char 'o'
              0892 0022  ld   $22
              0893 0022  ld   $22
              0894 0022  ld   $22
              0895 001c  ld   $1c
              0896 003f  ld   $3f         ;Char 'p'
              0897 0024  ld   $24
              0898 0024  ld   $24
              0899 0024  ld   $24
              089a 0018  ld   $18
              089b 0018  ld   $18         ;Char 'q'
              089c 0024  ld   $24
              089d 0024  ld   $24
              089e 0024  ld   $24
              089f 003f  ld   $3f
              08a0 003e  ld   $3e         ;Char 'r'
              08a1 0010  ld   $10
              08a2 0020  ld   $20
              08a3 0020  ld   $20
              08a4 0010  ld   $10
              08a5 0012  ld   $12         ;Char 's'
              08a6 002a  ld   $2a
              08a7 002a  ld   $2a
              08a8 002a  ld   $2a
              08a9 0004  ld   $04
              08aa 0020  ld   $20         ;Char 't'
              08ab 00fc  ld   $fc
              08ac 0022  ld   $22
              08ad 0002  ld   $02
              08ae 0004  ld   $04
              08af 003c  ld   $3c         ;Char 'u'
              08b0 0002  ld   $02
              08b1 0002  ld   $02
              08b2 0004  ld   $04
              08b3 003e  ld   $3e
              08b4 0038  ld   $38         ;Char 'v'
              08b5 0004  ld   $04
              08b6 0002  ld   $02
              08b7 0004  ld   $04
              08b8 0038  ld   $38
              08b9 003c  ld   $3c         ;Char 'w'
              08ba 0002  ld   $02
              08bb 000c  ld   $0c
              08bc 0002  ld   $02
              08bd 003c  ld   $3c
              08be 0022  ld   $22         ;Char 'x'
              08bf 0014  ld   $14
              08c0 0008  ld   $08
              08c1 0014  ld   $14
              08c2 0022  ld   $22
              08c3 0038  ld   $38         ;Char 'y'
              08c4 0005  ld   $05
              08c5 0005  ld   $05
              08c6 0005  ld   $05
              08c7 003e  ld   $3e
              08c8 0022  ld   $22         ;Char 'z'
              08c9 0026  ld   $26
              08ca 002a  ld   $2a
              08cb 0032  ld   $32
              08cc 0022  ld   $22
              08cd 0010  ld   $10         ;Char '{'
              08ce 006c  ld   $6c
              08cf 0082  ld   $82
              08d0 0082  ld   $82
              08d1 0000  ld   $00
              08d2 0000  ld   $00         ;Char '|'
              08d3 0000  ld   $00
              08d4 00fe  ld   $fe
              08d5 0000  ld   $00
              08d6 0000  ld   $00
              08d7 0000  ld   $00         ;Char '}'
              08d8 0082  ld   $82
              08d9 0082  ld   $82
              08da 006c  ld   $6c
              08db 0010  ld   $10
              08dc 0040  ld   $40         ;Char '~'
              08dd 0080  ld   $80
              08de 0040  ld   $40
              08df 0020  ld   $20
              08e0 0040  ld   $40
              08e1 00fe  ld   $fe         ;Char '\x7f'
              08e2 00fe  ld   $fe
              08e3 00fe  ld   $fe
              * 5 times
              08e6 0010  ld   $10         ;Char '\x80'
              08e7 0038  ld   $38
              08e8 0054  ld   $54
              08e9 0010  ld   $10
              08ea 0010  ld   $10
              08eb 0010  ld   $10         ;Char '\x81'
              08ec 0020  ld   $20
              08ed 007c  ld   $7c
              08ee 0020  ld   $20
              08ef 0010  ld   $10
              08f0 0010  ld   $10         ;Char '\x82'
              08f1 0010  ld   $10
              08f2 0054  ld   $54
              08f3 0038  ld   $38
              08f4 0010  ld   $10
              08f5 0010  ld   $10         ;Char '\x83'
              08f6 0008  ld   $08
              08f7 007c  ld   $7c
              08f8 0008  ld   $08
              08f9 0010  ld   $10
                                          2882      comment = C(comment)
                                          2883
              08fa 0200  nop              2884  trampoline()
              08fb fe00  bra  ac          ;+-----------------------------------+
              08fc fcfd  bra  $08fd       ;|                                   |
              08fd 1404  ld   $04,y       ;| Trampoline for page $0800 lookups |
              08fe e068  jmp  y,$68       ;|                                   |
              08ff c218  st   [$18]       ;+-----------------------------------+
                                          2885
                                          2886  #-----------------------------------------------------------------------
                                          2887  #
                                          2888  #  $0900 ROM page 9: Key table for music
                                          2889  #
                                          2890  #-----------------------------------------------------------------------
                                          2891
                                          2892  align(0x100, size=0x100)
                                          2893  notes = 'CCDDEFFGGAAB'
                                          2894  sampleRate = cpuClock / 200.0 / 4
                                          2895  label('notesTable')
notesTable:   0900 0000  ld   $00         2896  ld(0)
              0901 0000  ld   $00         2897  ld(0)
                                          2898  for i in range(0, 250, 2):
                                          2899    j = i//2-1
                                          2900    freq = 440.0*2.0**((j-57)/12.0)
                                          2901    if j>=0 and freq <= sampleRate/2.0:
                                          2902      key = int(round(32768 * freq / sampleRate))
                                          2903      octave, note = j//12, notes[j%12]
                                          2904      sharp = '-' if notes[j%12-1] != note else '#'
                                          2905      comment = '%s%s%s (%0.1f Hz)' % (note, sharp, octave, freq)
                                          2906      ld(key&127); C(comment); ld(key>>7)
              0902 0045  ld   $45         ;C-0 (16.4 Hz)
              0903 0000  ld   $00
              0904 0049  ld   $49         ;C#0 (17.3 Hz)
              0905 0000  ld   $00
              0906 004d  ld   $4d         ;D-0 (18.4 Hz)
              0907 0000  ld   $00
              0908 0052  ld   $52         ;D#0 (19.4 Hz)
              0909 0000  ld   $00
              090a 0056  ld   $56         ;E-0 (20.6 Hz)
              090b 0000  ld   $00
              090c 005c  ld   $5c         ;F-0 (21.8 Hz)
              090d 0000  ld   $00
              090e 0061  ld   $61         ;F#0 (23.1 Hz)
              090f 0000  ld   $00
              0910 0067  ld   $67         ;G-0 (24.5 Hz)
              0911 0000  ld   $00
              0912 006d  ld   $6d         ;G#0 (26.0 Hz)
              0913 0000  ld   $00
              0914 0073  ld   $73         ;A-0 (27.5 Hz)
              0915 0000  ld   $00
              0916 007a  ld   $7a         ;A#0 (29.1 Hz)
              0917 0000  ld   $00
              0918 0001  ld   $01         ;B-0 (30.9 Hz)
              0919 0001  ld   $01
              091a 0009  ld   $09         ;C-1 (32.7 Hz)
              091b 0001  ld   $01
              091c 0011  ld   $11         ;C#1 (34.6 Hz)
              091d 0001  ld   $01
              091e 001a  ld   $1a         ;D-1 (36.7 Hz)
              091f 0001  ld   $01
              0920 0023  ld   $23         ;D#1 (38.9 Hz)
              0921 0001  ld   $01
              0922 002d  ld   $2d         ;E-1 (41.2 Hz)
              0923 0001  ld   $01
              0924 0037  ld   $37         ;F-1 (43.7 Hz)
              0925 0001  ld   $01
              0926 0042  ld   $42         ;F#1 (46.2 Hz)
              0927 0001  ld   $01
              0928 004e  ld   $4e         ;G-1 (49.0 Hz)
              0929 0001  ld   $01
              092a 005a  ld   $5a         ;G#1 (51.9 Hz)
              092b 0001  ld   $01
              092c 0067  ld   $67         ;A-1 (55.0 Hz)
              092d 0001  ld   $01
              092e 0074  ld   $74         ;A#1 (58.3 Hz)
              092f 0001  ld   $01
              0930 0003  ld   $03         ;B-1 (61.7 Hz)
              0931 0002  ld   $02
              0932 0012  ld   $12         ;C-2 (65.4 Hz)
              0933 0002  ld   $02
              0934 0023  ld   $23         ;C#2 (69.3 Hz)
              0935 0002  ld   $02
              0936 0034  ld   $34         ;D-2 (73.4 Hz)
              0937 0002  ld   $02
              0938 0046  ld   $46         ;D#2 (77.8 Hz)
              0939 0002  ld   $02
              093a 005a  ld   $5a         ;E-2 (82.4 Hz)
              093b 0002  ld   $02
              093c 006e  ld   $6e         ;F-2 (87.3 Hz)
              093d 0002  ld   $02
              093e 0004  ld   $04         ;F#2 (92.5 Hz)
              093f 0003  ld   $03
              0940 001b  ld   $1b         ;G-2 (98.0 Hz)
              0941 0003  ld   $03
              0942 0033  ld   $33         ;G#2 (103.8 Hz)
              0943 0003  ld   $03
              0944 004d  ld   $4d         ;A-2 (110.0 Hz)
              0945 0003  ld   $03
              0946 0069  ld   $69         ;A#2 (116.5 Hz)
              0947 0003  ld   $03
              0948 0006  ld   $06         ;B-2 (123.5 Hz)
              0949 0004  ld   $04
              094a 0025  ld   $25         ;C-3 (130.8 Hz)
              094b 0004  ld   $04
              094c 0045  ld   $45         ;C#3 (138.6 Hz)
              094d 0004  ld   $04
              094e 0068  ld   $68         ;D-3 (146.8 Hz)
              094f 0004  ld   $04
              0950 000c  ld   $0c         ;D#3 (155.6 Hz)
              0951 0005  ld   $05
              0952 0033  ld   $33         ;E-3 (164.8 Hz)
              0953 0005  ld   $05
              0954 005c  ld   $5c         ;F-3 (174.6 Hz)
              0955 0005  ld   $05
              0956 0008  ld   $08         ;F#3 (185.0 Hz)
              0957 0006  ld   $06
              0958 0036  ld   $36         ;G-3 (196.0 Hz)
              0959 0006  ld   $06
              095a 0067  ld   $67         ;G#3 (207.7 Hz)
              095b 0006  ld   $06
              095c 001b  ld   $1b         ;A-3 (220.0 Hz)
              095d 0007  ld   $07
              095e 0052  ld   $52         ;A#3 (233.1 Hz)
              095f 0007  ld   $07
              0960 000c  ld   $0c         ;B-3 (246.9 Hz)
              0961 0008  ld   $08
              0962 0049  ld   $49         ;C-4 (261.6 Hz)
              0963 0008  ld   $08
              0964 000b  ld   $0b         ;C#4 (277.2 Hz)
              0965 0009  ld   $09
              0966 0050  ld   $50         ;D-4 (293.7 Hz)
              0967 0009  ld   $09
              0968 0019  ld   $19         ;D#4 (311.1 Hz)
              0969 000a  ld   $0a
              096a 0067  ld   $67         ;E-4 (329.6 Hz)
              096b 000a  ld   $0a
              096c 0039  ld   $39         ;F-4 (349.2 Hz)
              096d 000b  ld   $0b
              096e 0010  ld   $10         ;F#4 (370.0 Hz)
              096f 000c  ld   $0c
              0970 006c  ld   $6c         ;G-4 (392.0 Hz)
              0971 000c  ld   $0c
              0972 004e  ld   $4e         ;G#4 (415.3 Hz)
              0973 000d  ld   $0d
              0974 0035  ld   $35         ;A-4 (440.0 Hz)
              0975 000e  ld   $0e
              0976 0023  ld   $23         ;A#4 (466.2 Hz)
              0977 000f  ld   $0f
              0978 0017  ld   $17         ;B-4 (493.9 Hz)
              0979 0010  ld   $10
              097a 0013  ld   $13         ;C-5 (523.3 Hz)
              097b 0011  ld   $11
              097c 0015  ld   $15         ;C#5 (554.4 Hz)
              097d 0012  ld   $12
              097e 001f  ld   $1f         ;D-5 (587.3 Hz)
              097f 0013  ld   $13
              0980 0032  ld   $32         ;D#5 (622.3 Hz)
              0981 0014  ld   $14
              0982 004d  ld   $4d         ;E-5 (659.3 Hz)
              0983 0015  ld   $15
              0984 0072  ld   $72         ;F-5 (698.5 Hz)
              0985 0016  ld   $16
              0986 0020  ld   $20         ;F#5 (740.0 Hz)
              0987 0018  ld   $18
              0988 0058  ld   $58         ;G-5 (784.0 Hz)
              0989 0019  ld   $19
              098a 001c  ld   $1c         ;G#5 (830.6 Hz)
              098b 001b  ld   $1b
              098c 006b  ld   $6b         ;A-5 (880.0 Hz)
              098d 001c  ld   $1c
              098e 0046  ld   $46         ;A#5 (932.3 Hz)
              098f 001e  ld   $1e
              0990 002f  ld   $2f         ;B-5 (987.8 Hz)
              0991 0020  ld   $20
              0992 0025  ld   $25         ;C-6 (1046.5 Hz)
              0993 0022  ld   $22
              0994 002a  ld   $2a         ;C#6 (1108.7 Hz)
              0995 0024  ld   $24
              0996 003f  ld   $3f         ;D-6 (1174.7 Hz)
              0997 0026  ld   $26
              0998 0064  ld   $64         ;D#6 (1244.5 Hz)
              0999 0028  ld   $28
              099a 001a  ld   $1a         ;E-6 (1318.5 Hz)
              099b 002b  ld   $2b
              099c 0063  ld   $63         ;F-6 (1396.9 Hz)
              099d 002d  ld   $2d
              099e 003f  ld   $3f         ;F#6 (1480.0 Hz)
              099f 0030  ld   $30
              09a0 0031  ld   $31         ;G-6 (1568.0 Hz)
              09a1 0033  ld   $33
              09a2 0038  ld   $38         ;G#6 (1661.2 Hz)
              09a3 0036  ld   $36
              09a4 0056  ld   $56         ;A-6 (1760.0 Hz)
              09a5 0039  ld   $39
              09a6 000d  ld   $0d         ;A#6 (1864.7 Hz)
              09a7 003d  ld   $3d
              09a8 005e  ld   $5e         ;B-6 (1975.5 Hz)
              09a9 0040  ld   $40
              09aa 004b  ld   $4b         ;C-7 (2093.0 Hz)
              09ab 0044  ld   $44
              09ac 0055  ld   $55         ;C#7 (2217.5 Hz)
              09ad 0048  ld   $48
              09ae 007e  ld   $7e         ;D-7 (2349.3 Hz)
              09af 004c  ld   $4c
              09b0 0048  ld   $48         ;D#7 (2489.0 Hz)
              09b1 0051  ld   $51
              09b2 0034  ld   $34         ;E-7 (2637.0 Hz)
              09b3 0056  ld   $56
              09b4 0046  ld   $46         ;F-7 (2793.8 Hz)
              09b5 005b  ld   $5b
              09b6 007f  ld   $7f         ;F#7 (2960.0 Hz)
              09b7 0060  ld   $60
              09b8 0061  ld   $61         ;G-7 (3136.0 Hz)
              09b9 0066  ld   $66
              09ba 006f  ld   $6f         ;G#7 (3322.4 Hz)
              09bb 006c  ld   $6c
              09bc 002c  ld   $2c         ;A-7 (3520.0 Hz)
              09bd 0073  ld   $73
              09be 001a  ld   $1a         ;A#7 (3729.3 Hz)
              09bf 007a  ld   $7a
                                          2907
              09c0 0200  nop              2908  trampoline()
              09c1 0200  nop
              09c2 0200  nop
              * 59 times
              09fb fe00  bra  ac          ;+-----------------------------------+
              09fc fcfd  bra  $09fd       ;|                                   |
              09fd 1404  ld   $04,y       ;| Trampoline for page $0900 lookups |
              09fe e068  jmp  y,$68       ;|                                   |
              09ff c218  st   [$18]       ;+-----------------------------------+
                                          2909
                                          2910  #-----------------------------------------------------------------------
                                          2911  #
                                          2912  #  $0a00 ROM page 10: Inversion table
                                          2913  #
                                          2914  #-----------------------------------------------------------------------
                                          2915
                                          2916  align(0x100, size=0x100)
                                          2917  label('invTable')
                                          2918
                                          2919  # Unit 64, table offset 16 (=1/4), value offset 1: (x+16)*(y+1) == 64*64 - e
                                          2920  for i in range(251):
invTable:     0a00 00ff  ld   $ff         2921    ld(4096//(i+16)-1)
              0a01 00ef  ld   $ef
              0a02 00e2  ld   $e2
              0a03 00d6  ld   $d6
              0a04 00cb  ld   $cb
              0a05 00c2  ld   $c2
              0a06 00b9  ld   $b9
              0a07 00b1  ld   $b1
              0a08 00a9  ld   $a9
              0a09 00a2  ld   $a2
              0a0a 009c  ld   $9c
              0a0b 0096  ld   $96
              0a0c 0091  ld   $91
              0a0d 008c  ld   $8c
              0a0e 0087  ld   $87
              0a0f 0083  ld   $83
              0a10 007f  ld   $7f
              0a11 007b  ld   $7b
              0a12 0077  ld   $77
              0a13 0074  ld   $74
              0a14 0070  ld   $70
              0a15 006d  ld   $6d
              0a16 006a  ld   $6a
              0a17 0068  ld   $68
              0a18 0065  ld   $65
              0a19 0062  ld   $62
              0a1a 0060  ld   $60
              0a1b 005e  ld   $5e
              0a1c 005c  ld   $5c
              0a1d 005a  ld   $5a
              0a1e 0058  ld   $58
              0a1f 0056  ld   $56
              0a20 0054  ld   $54
              0a21 0052  ld   $52
              0a22 0050  ld   $50
              0a23 004f  ld   $4f
              0a24 004d  ld   $4d
              0a25 004c  ld   $4c
              0a26 004a  ld   $4a
              0a27 0049  ld   $49
              0a28 0048  ld   $48
              0a29 0046  ld   $46
              0a2a 0045  ld   $45
              0a2b 0044  ld   $44
              0a2c 0043  ld   $43
              0a2d 0042  ld   $42
              0a2e 0041  ld   $41
              0a2f 0040  ld   $40
              0a30 003f  ld   $3f
              0a31 003e  ld   $3e
              0a32 003d  ld   $3d
              0a33 003c  ld   $3c
              0a34 003b  ld   $3b
              0a35 003a  ld   $3a
              0a36 0039  ld   $39
              0a37 0038  ld   $38
              0a38 0037  ld   $37
              0a39 0037  ld   $37
              0a3a 0036  ld   $36
              0a3b 0035  ld   $35
              0a3c 0034  ld   $34
              0a3d 0034  ld   $34
              0a3e 0033  ld   $33
              0a3f 0032  ld   $32
              0a40 0032  ld   $32
              0a41 0031  ld   $31
              0a42 0030  ld   $30
              0a43 0030  ld   $30
              0a44 002f  ld   $2f
              0a45 002f  ld   $2f
              0a46 002e  ld   $2e
              0a47 002e  ld   $2e
              0a48 002d  ld   $2d
              0a49 002d  ld   $2d
              0a4a 002c  ld   $2c
              0a4b 002c  ld   $2c
              0a4c 002b  ld   $2b
              0a4d 002b  ld   $2b
              0a4e 002a  ld   $2a
              0a4f 002a  ld   $2a
              0a50 0029  ld   $29
              0a51 0029  ld   $29
              0a52 0028  ld   $28
              0a53 0028  ld   $28
              0a54 0027  ld   $27
              0a55 0027  ld   $27
              0a56 0027  ld   $27
              0a57 0026  ld   $26
              0a58 0026  ld   $26
              0a59 0026  ld   $26
              0a5a 0025  ld   $25
              0a5b 0025  ld   $25
              0a5c 0024  ld   $24
              0a5d 0024  ld   $24
              0a5e 0024  ld   $24
              0a5f 0023  ld   $23
              0a60 0023  ld   $23
              0a61 0023  ld   $23
              0a62 0022  ld   $22
              0a63 0022  ld   $22
              0a64 0022  ld   $22
              0a65 0022  ld   $22
              0a66 0021  ld   $21
              0a67 0021  ld   $21
              0a68 0021  ld   $21
              0a69 0020  ld   $20
              0a6a 0020  ld   $20
              0a6b 0020  ld   $20
              0a6c 0020  ld   $20
              0a6d 001f  ld   $1f
              0a6e 001f  ld   $1f
              0a6f 001f  ld   $1f
              0a70 001f  ld   $1f
              0a71 001e  ld   $1e
              0a72 001e  ld   $1e
              0a73 001e  ld   $1e
              0a74 001e  ld   $1e
              0a75 001d  ld   $1d
              0a76 001d  ld   $1d
              0a77 001d  ld   $1d
              0a78 001d  ld   $1d
              0a79 001c  ld   $1c
              0a7a 001c  ld   $1c
              0a7b 001c  ld   $1c
              * 5 times
              0a7e 001b  ld   $1b
              0a7f 001b  ld   $1b
              0a80 001b  ld   $1b
              * 5 times
              0a83 001a  ld   $1a
              0a84 001a  ld   $1a
              0a85 001a  ld   $1a
              * 5 times
              0a88 0019  ld   $19
              0a89 0019  ld   $19
              0a8a 0019  ld   $19
              * 6 times
              0a8e 0018  ld   $18
              0a8f 0018  ld   $18
              0a90 0018  ld   $18
              * 6 times
              0a94 0017  ld   $17
              0a95 0017  ld   $17
              0a96 0017  ld   $17
              * 7 times
              0a9b 0016  ld   $16
              0a9c 0016  ld   $16
              0a9d 0016  ld   $16
              * 8 times
              0aa3 0015  ld   $15
              0aa4 0015  ld   $15
              0aa5 0015  ld   $15
              * 8 times
              0aab 0014  ld   $14
              0aac 0014  ld   $14
              0aad 0014  ld   $14
              * 9 times
              0ab4 0013  ld   $13
              0ab5 0013  ld   $13
              0ab6 0013  ld   $13
              * 9 times
              0abd 0012  ld   $12
              0abe 0012  ld   $12
              0abf 0012  ld   $12
              * 11 times
              0ac8 0011  ld   $11
              0ac9 0011  ld   $11
              0aca 0011  ld   $11
              * 12 times
              0ad4 0010  ld   $10
              0ad5 0010  ld   $10
              0ad6 0010  ld   $10
              * 13 times
              0ae1 000f  ld   $0f
              0ae2 000f  ld   $0f
              0ae3 000f  ld   $0f
              * 16 times
              0af1 000e  ld   $0e
              0af2 000e  ld   $0e
              0af3 000e  ld   $0e
              * 10 times
                                          2922
                                          2923  trampoline()
              0afb fe00  bra  ac          ;+-----------------------------------+
              0afc fcfd  bra  $0afd       ;|                                   |
              0afd 1404  ld   $04,y       ;| Trampoline for page $0a00 lookups |
              0afe e068  jmp  y,$68       ;|                                   |
              0aff c218  st   [$18]       ;+-----------------------------------+
                                          2924
                                          2925  #-----------------------------------------------------------------------
                                          2926  #
                                          2927  #  $0d00 ROM page 11: More SYS functions
                                          2928  #
                                          2929  #-----------------------------------------------------------------------
                                          2930
                                          2931  align(0x100, size=0x100)
                                          2932
                                          2933  #-----------------------------------------------------------------------
                                          2934  # Extension SYS_SetMode_v2_80
                                          2935  #-----------------------------------------------------------------------
                                          2936
                                          2937  # Set video mode to 0 to 3 black scanlines per pixel line.
                                          2938  #
                                          2939  # Mainly for making the MODE command available in Tiny BASIC, so that
                                          2940  # the user can experiment. It's adviced to refrain from using
                                          2941  # SYS_SetMode_v2_80 in regular applications. Video mode is a deeply
                                          2942  # personal preference, and the programmer shouldn't overrule the user
                                          2943  # in that choice. The Gigatron philisophy is that the end user has
                                          2944  # the final say on what happens on the system, not the application,
                                          2945  # even if that implies a degraded performance. This doesn't mean that
                                          2946  # all applications must work well in all video modes: mode 1 is still
                                          2947  # the default. If an application really doesn't work at all in that
                                          2948  # mode, it's acceptable to change mode once after loading.
                                          2949  #
                                          2950  # There's no "SYS_GetMode" function.
                                          2951  #
                                          2952  # Variables:
                                          2953  #       vAC bit 0:1     Mode:
                                          2954  #                         0      "ABCD" -> Full mode (slowest)
                                          2955  #                         1      "ABC-" -> Default mode after reset
                                          2956  #                         2      "A-C-" -> at67's mode
                                          2957  #                         3      "A---" -> HGM's mode
                                          2958  #       vAC bit 2:15    Ignored bits and should be 0
                                          2959  #
                                          2960  # Special values (ROM v4):
                                          2961  #       vAC = 1975      Zombie mode (no video signals, no input,
                                          2962  #                        no blinkenlights).
                                          2963  #       vAC = -1        Leave zombie mode and restore previous mode.
                                          2964
                                          2965  # Actual duration is <80 cycles, but keep some room for future extensions
                                          2966  label('SYS_SetMode_v2_80')
SYS_SetMode_v2_80:
              0b00 140b  ld   $0b,y       2967  ld(hi('sys_SetMode'),Y)         #15
              0b01 e056  jmp  y,$56       2968  jmp(Y,'sys_SetMode')            #16
              0b02 011e  ld   [$1e]       2969  ld([vReturn])                   #17
                                          2970
                                          2971  #-----------------------------------------------------------------------
                                          2972  # Extension SYS_SetMemory_v2_54
                                          2973  #-----------------------------------------------------------------------
                                          2974
                                          2975  # SYS function for setting 1..256 bytes
                                          2976  #
                                          2977  # sysArgs[0]   Copy count (in, changed)
                                          2978  # sysArgs[1]   Copy value (in)
                                          2979  # sysArgs[2:3] Destination address (in, changed)
                                          2980  #
                                          2981  # Sets up to 8 bytes per invocation before restarting itself through vCPU.
                                          2982  # Doesn't wrap around page boundary. Can run 3 times per 148-cycle time slice.
                                          2983  # All combined that gives a 300% speedup over ROMv4 and before.
                                          2984
                                          2985  label('SYS_SetMemory_v2_54')
SYS_SetMemory_v2_54:
              0b03 0124  ld   [$24]       2986  ld([sysArgs+0])                 #15
                                          2987  bra('sys_SetMemory#18')         #16
              0b04 fc1a  bra  sys_SetMemory#18
              0b05 1126  ld   [$26],x     2988  ld([sysArgs+2],X)               #17
                                          2989
                                          2990  #-----------------------------------------------------------------------
                                          2991  # Extension SYS_SendSerial1_v3_80
                                          2992  #-----------------------------------------------------------------------
                                          2993
                                          2994  # SYS function for sending data over serial controller port using
                                          2995  # pulse width modulation of the vertical sync signal.
                                          2996  #
                                          2997  # Variables:
                                          2998  #       sysArgs[0:1]    Source address               (in, changed)
                                          2999  #       sysArgs[2]      Start bit mask (typically 1) (in, changed)
                                          3000  #       sysArgs[3]      Number of send frames X      (in, changed)
                                          3001  #
                                          3002  # The sending will abort if input data is detected on the serial port.
                                          3003  # Returns 0 in case of all bits sent, or <>0 in case of abort
                                          3004  #
                                          3005  # This modulates the next upcoming X vertical pulses with the supplied
                                          3006  # data. A zero becomes a 7 line vPulse, a one will be 9 lines.
                                          3007  # After that, the vPulse width falls back to 8 lines (idle).
                                          3008
                                          3009  label('SYS_SendSerial1_v3_80')
SYS_SendSerial1_v3_80:
              0b06 0109  ld   [$09]       3010  ld([videoY])                    #15
                                          3011  bra('sys_SendSerial1')          #16
              0b07 fc85  bra  sys_SendSerial1
              0b08 60b3  xora $b3         3012  xora(videoYline0)               #17 First line of vertical blank
                                          3013
                                          3014  #-----------------------------------------------------------------------
                                          3015  # Extension SYS_ExpanderControl_v4_40
                                          3016  #-----------------------------------------------------------------------
                                          3017
                                          3018  # Sets the I/O and RAM expander's control register
                                          3019  #
                                          3020  # Variables:
                                          3021  #       vAC bit 2       Device enable /SS0
                                          3022  #           bit 3       Device enable /SS1
                                          3023  #           bit 4       Device enable /SS2
                                          3024  #           bit 5       Device enable /SS3
                                          3025  #           bit 6       Banking B0
                                          3026  #           bit 7       Banking B1
                                          3027  #           bit 15      Data out MOSI
                                          3028  #       sysArgs[7]      Cache for control state (written to)
                                          3029  #
                                          3030  # Intended for prototyping, and probably too low-level for most applications
                                          3031  # Still there's a safeguard: it's not possible to disable RAM using this
                                          3032
                                          3033  label('SYS_ExpanderControl_v4_40')
SYS_ExpanderControl_v4_40:
              0b09 140d  ld   $0d,y       3034  ld(hi('sys_ExpanderControl'),Y) #15
              0b0a e000  jmp  y,$00       3035  jmp(Y,'sys_ExpanderControl')    #16
              0b0b 000c  ld   $0c         3036  ld(0b00001100)                  #17
                                          3037  #    ^^^^^^^^
                                          3038  #    |||||||`-- SCLK
                                          3039  #    ||||||`--- Not connected
                                          3040  #    |||||`---- /SS0
                                          3041  #    ||||`----- /SS1
                                          3042  #    |||`------ /SS2 or /CPOL
                                          3043  #    ||`------- /SS3 or /ZPBANK
                                          3044  #    |`-------- B0
                                          3045  #    `--------- B1
                                          3046
                                          3047  #-----------------------------------------------------------------------
                                          3048  # Extension SYS_Run6502_v4_80
                                          3049  #-----------------------------------------------------------------------
                                          3050
                                          3051  # Transfer control to v6502
                                          3052  #
                                          3053  # Calling 6502 code from vCPU goes (only) through this SYS function.
                                          3054  # Directly modifying the vCpuSelect variable is unreliable. The
                                          3055  # control transfer is immediate, without waiting for the current
                                          3056  # time slice to end or first returning to vCPU.
                                          3057  #
                                          3058  # vCPU code and v6502 code can interoperate without much hassle:
                                          3059  # - The v6502 program counter is vLR, and v6502 doesn't touch vPC
                                          3060  # - Returning to vCPU is with the BRK instruction
                                          3061  # - BRK doesn't dump process state on the stack
                                          3062  # - vCPU can save/restore the vLR with PUSH/POP
                                          3063  # - Stacks are shared, vAC is shared
                                          3064  # - vAC can indicate what the v6502 code wants. vAC+1 will be cleared
                                          3065  # - Alternative is to leave a word in sysArgs[6:7] (v6502 X and Y registers)
                                          3066  # - Another way is to set vPC before BRK, and vCPU will continue there(+2)
                                          3067  #
                                          3068  # Calling v6502 code from vCPU looks like this:
                                          3069  #       LDWI  SYS_Run6502_v4_80
                                          3070  #       STW   sysFn
                                          3071  #       LDWI  $6502_start_address
                                          3072  #       STW   vLR
                                          3073  #       SYS   80
                                          3074  #
                                          3075  # Variables:
                                          3076  #       vAC             Accumulator
                                          3077  #       vLR             Program Counter
                                          3078  #       vSP             Stack Pointer (+1)
                                          3079  #       sysArgs[6]      Index Register X
                                          3080  #       sysArgs[7]      Index Register Y
                                          3081  # For info:
                                          3082  #       sysArgs[0:1]    Address Register, free to clobber
                                          3083  #       sysArgs[2]      Instruction Register, free to clobber
                                          3084  #       sysArgs[3:5]    Flags, don't touch
                                          3085  #
                                          3086  # Implementation details::
                                          3087  #
                                          3088  #  The time to reserve for this transition is the maximum time
                                          3089  #  between NEXT and v6502_check. This is
                                          3090  #       SYS call duration + 2*v6502_maxTicks + (v6502_overhead - vCPU_overhead)
                                          3091  #     = 22 + 28 + (11 - 9) = 62 cycles.
                                          3092  #  So reserving 80 cycles is future proof. This isn't overhead, as it includes
                                          3093  #  the fetching of the first 6502 opcode and its operands..
                                          3094  #
                                          3095  #                      0            10                 28=0         9
                                          3096  #    ---+----+---------+------------+------------------+-----------+---
                                          3097  # video | nop| runVcpu |   ENTER    | At least one ins |   EXIT    | video
                                          3098  #    ---+----+---------+------------+------------------+-----------+---
                                          3099  #        sync  prelude  ENTER-to-ins    ins-to-NEXT     NEXT-to-video
                                          3100  #       |<-->|
                                          3101  #        0/1 |<------->|
                                          3102  #                 5    |<----------------------------->|
                                          3103  #          runVCpu_overhead           28               |<--------->|
                                          3104  #                                 2*maxTicks                 9
                                          3105  #                                                      vCPU_overhead
                                          3106  #
                                          3107  #                      0                21                    38=0       11
                                          3108  #    ---+----+---------+----------------+--------------------+-----------+---
                                          3109  # video | nop| runVcpu |   v6502_ENTER  | At least one fetch |v6502_exitB| video
                                          3110  #    ---+----+---------+----------------+--------------------+-----------+---
                                          3111  #        sync  prelude   enter-to-fetch     fetch-to-check    check-to-video
                                          3112  #       |<-->|
                                          3113  #        0/1 |<------->|
                                          3114  #                 5    |<----------------------------------->|
                                          3115  #          runVcpu_overhead           38                     |<--------->|
                                          3116  #                              2*v6520_maxTicks                    11
                                          3117  #                                                            v6502_overhead
                                          3118
                                          3119  label('SYS_Run6502_v4_80')
SYS_Run6502_v4_80:
              0b0c 140d  ld   $0d,y       3120  ld(hi('sys_v6502'),Y)           #15
              0b0d e08b  jmp  y,$8b       3121  jmp(Y,'sys_v6502')              #16
              0b0e 000d  ld   $0d         3122  ld(hi('v6502_ENTER'))           #17 Activate v6502
                                          3123
                                          3124  #-----------------------------------------------------------------------
                                          3125  # Extension SYS_ResetWaveforms_v4_50
                                          3126  #-----------------------------------------------------------------------
                                          3127
                                          3128  # soundTable[4x+0] = sawtooth, to be modified into metallic/noise
                                          3129  # soundTable[4x+1] = pulse
                                          3130  # soundTable[4x+2] = triangle
                                          3131  # soundTable[4x+3] = sawtooth, also useful to right shift 2 bits
                                          3132
                                          3133  label('SYS_ResetWaveforms_v4_50')
SYS_ResetWaveforms_v4_50:
              0b0f 1412  ld   $12,y       3134  ld(hi('sys_ResetWaveforms'),Y)  #15 Initial setup of waveforms. [vAC+0]=i
              0b10 e0a5  jmp  y,$a5       3135  jmp(Y,'sys_ResetWaveforms')     #16
              0b11 1407  ld   $07,y       3136  ld(soundTable>>8,Y)             #17
                                          3137
                                          3138  #-----------------------------------------------------------------------
                                          3139  # Extension SYS_ShuffleNoise_v4_46
                                          3140  #-----------------------------------------------------------------------
                                          3141
                                          3142  # Use simple 6-bits variation of RC4 to permutate waveform 0 in soundTable
                                          3143
                                          3144  label('SYS_ShuffleNoise_v4_46')
SYS_ShuffleNoise_v4_46:
              0b12 1412  ld   $12,y       3145  ld(hi('sys_ShuffleNoise'),Y)    #15 Shuffle soundTable[4i+0]. [vAC+0]=4j, [vAC+1]=4i
              0b13 e0c6  jmp  y,$c6       3146  jmp(Y,'sys_ShuffleNoise')       #16
              0b14 1407  ld   $07,y       3147  ld(soundTable>>8,Y)             #17
                                          3148
                                          3149  #-----------------------------------------------------------------------
                                          3150  # Extension SYS_SpiExchangeBytes_v4_134
                                          3151  #-----------------------------------------------------------------------
                                          3152
                                          3153  # Send AND receive 1..256 bytes over SPI interface
                                          3154
                                          3155  # Variables:
                                          3156  #       sysArgs[0]      Page index start, for both send/receive (in, changed)
                                          3157  #       sysArgs[1]      Memory page for send data (in)
                                          3158  #       sysArgs[2]      Page index stop (in)
                                          3159  #       sysArgs[3]      Memory page for receive data (in)
                                          3160  #       sysArgs[4]      Scratch (changed)
                                          3161
                                          3162  label('SYS_SpiExchangeBytes_v4_134')
SYS_SpiExchangeBytes_v4_134:
              0b15 140d  ld   $0d,y       3163  ld(hi('sys_SpiExchangeBytes'),Y)#15
              0b16 e015  jmp  y,$15       3164  jmp(Y,'sys_SpiExchangeBytes')   #16
              0b17 1401  ld   $01,y       3165  ld(hi(ctrlBits),Y)              #17 Control state as saved by SYS_ExpanderControl
                                          3166
                                          3167
                                          3168  #-----------------------------------------------------------------------
                                          3169  # Extension SYS_ReceiveSerial1_v6_32
                                          3170  #-----------------------------------------------------------------------
                                          3171
                                          3172  # SYS function for receiving one byte over the serial controller port.
                                          3173  # This is a public version of SYS_NextByteIn from the loader private
                                          3174  # extension.  A byte is read from IN when videoY reaches
                                          3175  # sysArgs[3]. The byte is added to the checksum sysArgs[2] then stored
                                          3176  # at address sysArgs[0:1] which gets incremented.
                                          3177  #
                                          3178  # The 65 bytes of a serial frame can be read for the following values
                                          3179  # of videoY: 207 (protocol byte) 219 (length, 6 bits only) 235, 251
                                          3180  # (address) then 2, 6, 10, .. 238 stepping by four, then 185.
                                          3181  #
                                          3182  # Variables:
                                          3183  #     sysArgs[0:1] Address
                                          3184  #     sysArgs[2]   Checksum
                                          3185  #     sysArgs[3]   Wait value (videoY)
                                          3186
                                          3187  label('SYS_ReceiveSerial1_v6_32')
SYS_ReceiveSerial1_v6_32:                 3188  bra('sys_ReceiveSerial1')       #15
              0b18 fcb2  bra  sys_ReceiveSerial1
              0b19 0127  ld   [$27]       3189  ld([sysArgs+3])                 #16
                                          3190
                                          3191  #-----------------------------------------------------------------------
                                          3192  #  Implementations
                                          3193  #-----------------------------------------------------------------------
                                          3194
                                          3195  # SYS_SetMemory_54 implementation
                                          3196  label('sys_SetMemory#18')
sys_SetMemory#18:
              0b1a 1527  ld   [$27],y     3197  ld([sysArgs+3],Y)               #18
              0b1b f83e  ble  .sysSb#21   3198  ble('.sysSb#21')                #19 Enter fast lane if >=128 or at 0 (-> 256)
              0b1c a008  suba $08         3199  suba(8)                         #20
              0b1d f440  bge  .sysSb#23   3200  bge('.sysSb#23')                #21 Or when >=8
              0b1e c224  st   [$24]       3201  st([sysArgs+0])                 #22
              0b1f 2004  anda $04         3202  anda(4)                         #23
              0b20 f027  beq  .sysSb#26   3203  beq('.sysSb#26')                #24
              0b21 0125  ld   [$25]       3204  ld([sysArgs+1])                 #25 Set 4 pixels
              0b22 de00  st   [y,x++]     3205  st([Y,Xpp])                     #26
              0b23 de00  st   [y,x++]     3206  st([Y,Xpp])                     #27
              0b24 de00  st   [y,x++]     3207  st([Y,Xpp])                     #28
              0b25 fc2a  bra  .sysSb#31   3208  bra('.sysSb#31')                #29
              0b26 de00  st   [y,x++]     3209  st([Y,Xpp])                     #30
                                          3210  label('.sysSb#26')
.sysSb#26:    0b27 0001  ld   $01         3211  wait(31-26)                     #26
              0b28 ec28  bne  $0b28
              0b29 a001  suba $01
                                          3212  label('.sysSb#31')
.sysSb#31:    0b2a 0124  ld   [$24]       3213  ld([sysArgs+0])                 #31
              0b2b 2002  anda $02         3214  anda(2)                         #32
              0b2c f031  beq  .sysSb#35   3215  beq('.sysSb#35')                #33
              0b2d 0125  ld   [$25]       3216  ld([sysArgs+1])                 #34 Set 2 pixels
              0b2e de00  st   [y,x++]     3217  st([Y,Xpp])                     #35
              0b2f fc34  bra  .sysSb#38   3218  bra('.sysSb#38')                #36
              0b30 de00  st   [y,x++]     3219  st([Y,Xpp])                     #37
                                          3220  label('.sysSb#35')
.sysSb#35:    0b31 0200  nop              3221  wait(38-35)                     #35
              0b32 0200  nop
              0b33 0200  nop
                                          3222  label('.sysSb#38')
.sysSb#38:    0b34 0124  ld   [$24]       3223  ld([sysArgs+0])                 #38
              0b35 2001  anda $01         3224  anda(1)                         #39
              0b36 f039  beq  $0b39       3225  beq(pc()+3)                     #40
              0b37 fc3a  bra  $0b3a       3226  bra(pc()+3)                     #41
              0b38 0125  ld   [$25]       3227  ld([sysArgs+1])                 #42 Set 1 pixel
              0b39 0d00  ld   [y,x]       3228  ld([Y,X])                       #42(!) No change
              0b3a ce00  st   [y,x]       3229  st([Y,X])                       #43
              0b3b 1403  ld   $03,y       3230  ld(hi('NEXTY'),Y)               #44 Return
              0b3c e000  jmp  y,$00       3231  jmp(Y,'NEXTY')                  #45 All done
              0b3d 00e8  ld   $e8         3232  ld(-48/2)                       #46
                                          3233  label('.sysSb#21')
.sysSb#21:    0b3e 0200  nop              3234  nop()                           #21
              0b3f c224  st   [$24]       3235  st([sysArgs+0])                 #22
                                          3236  label('.sysSb#23')
.sysSb#23:    0b40 0125  ld   [$25]       3237  ld([sysArgs+1])                 #23 Set 8 pixels
              0b41 de00  st   [y,x++]     3238  st([Y,Xpp])                     #24
              0b42 de00  st   [y,x++]     3239  st([Y,Xpp])                     #25
              0b43 de00  st   [y,x++]     3240  st([Y,Xpp])                     #26
              0b44 de00  st   [y,x++]     3241  st([Y,Xpp])                     #27
              0b45 de00  st   [y,x++]     3242  st([Y,Xpp])                     #28
              0b46 de00  st   [y,x++]     3243  st([Y,Xpp])                     #29
              0b47 de00  st   [y,x++]     3244  st([Y,Xpp])                     #30
              0b48 de00  st   [y,x++]     3245  st([Y,Xpp])                     #31
              0b49 0126  ld   [$26]       3246  ld([sysArgs+2])                 #32 Advance write pointer
              0b4a 8008  adda $08         3247  adda(8)                         #33
              0b4b c226  st   [$26]       3248  st([sysArgs+2])                 #34
              0b4c 0124  ld   [$24]       3249  ld([sysArgs+0])                 #35
              0b4d f050  beq  $0b50       3250  beq(pc()+3)                     #36
              0b4e fc51  bra  $0b51       3251  bra(pc()+3)                     #37
              0b4f 00fe  ld   $fe         3252  ld(-2)                          #38 Self-restart when more to do
              0b50 0000  ld   $00         3253  ld(0)                           #38(!)
              0b51 8116  adda [$16]       3254  adda([vPC])                     #39
              0b52 c216  st   [$16]       3255  st([vPC])                       #40
              0b53 1403  ld   $03,y       3256  ld(hi('REENTER'),Y)             #41
              0b54 e0cb  jmp  y,$cb       3257  jmp(Y,'REENTER')                #42
              0b55 00e9  ld   $e9         3258  ld(-46/2)                       #43
                                          3259
                                          3260  # SYS_SetMode_80 implementation
                                          3261  label('sys_SetMode')
sys_SetMode:  0b56 ec59  bne  $0b59       3262  bne(pc()+3)                     #18
              0b57 fc59  bra  $0b59       3263  bra(pc()+2)                     #19
              0b58 0003  ld   $03         3264  ld('startVideo')                #20 First enable video if disabled
              0b59 c21e  st   [$1e]       3265  st([vReturn])                   #20,21
              0b5a 0119  ld   [$19]       3266  ld([vAC+1])                     #22
              0b5b f065  beq  .sysSm#25   3267  beq('.sysSm#25')                #23
              0b5c 1403  ld   $03,y       3268  ld(hi('REENTER'),Y)             #24
              0b5d 6118  xora [$18]       3269  xora([vAC])                     #25
              0b5e 60b0  xora $b0         3270  xora((1975>>8)^(1975&255))      #26 Poor man\'s 1975 detection
              0b5f ec62  bne  $0b62       3271  bne(pc()+3)                     #27
              0b60 fc63  bra  $0b63       3272  bra(pc()+3)                     #28
                                          3273  assert videoZ == 0x0100
              0b61 c21e  st   [$1e]       3274  st([vReturn])                   #29 DISABLE video/audio/serial/etc
              0b62 0200  nop              3275  nop()                           #29(!) Ignore and return
              0b63 e0cb  jmp  y,$cb       3276  jmp(Y,'REENTER')                #30
              0b64 00ef  ld   $ef         3277  ld(-34/2)                       #31
                                          3278  label('.sysSm#25')
.sysSm#25:    0b65 0118  ld   [$18]       3279  ld([vAC])                       #25 Mode 0,1,2,3
              0b66 2003  anda $03         3280  anda(3)                         #26
              0b67 806a  adda $6a         3281  adda('.sysSm#30')               #27
              0b68 fe00  bra  ac          3282  bra(AC)                         #28
              0b69 fc6e  bra  .sysSm#31   3283  bra('.sysSm#31')                #29
                                          3284  label('.sysSm#30')
.sysSm#30:    0b6a 000a  ld   $0a         3285  ld('pixels')                    #30 videoB lines
              0b6b 000a  ld   $0a         3286  ld('pixels')                    #30
              0b6c 00f6  ld   $f6         3287  ld('nopixels')                  #30
              0b6d 00f6  ld   $f6         3288  ld('nopixels')                  #30
                                          3289  label('.sysSm#31')
.sysSm#31:    0b6e c20a  st   [$0a]       3290  st([videoModeB])                #31
              0b6f 0118  ld   [$18]       3291  ld([vAC])                       #32
              0b70 2003  anda $03         3292  anda(3)                         #33
              0b71 8074  adda $74         3293  adda('.sysSm#37')               #34
              0b72 fe00  bra  ac          3294  bra(AC)                         #35
              0b73 fc78  bra  .sysSm#38   3295  bra('.sysSm#38')                #36
                                          3296  label('.sysSm#37')
.sysSm#37:    0b74 000a  ld   $0a         3297  ld('pixels')                    #37 videoC lines
              0b75 000a  ld   $0a         3298  ld('pixels')                    #37
              0b76 000a  ld   $0a         3299  ld('pixels')                    #37
              0b77 00f6  ld   $f6         3300  ld('nopixels')                  #37
                                          3301  label('.sysSm#38')
.sysSm#38:    0b78 c20b  st   [$0b]       3302  st([videoModeC])                #38
              0b79 0118  ld   [$18]       3303  ld([vAC])                       #39
              0b7a 2003  anda $03         3304  anda(3)                         #40
              0b7b 807e  adda $7e         3305  adda('.sysSm#44')               #41
              0b7c fe00  bra  ac          3306  bra(AC)                         #42
              0b7d fc82  bra  .sysSm#45   3307  bra('.sysSm#45')                #43
                                          3308  label('.sysSm#44')
.sysSm#44:    0b7e 000a  ld   $0a         3309  ld('pixels')                    #44 videoD lines
              0b7f 00f6  ld   $f6         3310  ld('nopixels')                  #44
              0b80 00f6  ld   $f6         3311  ld('nopixels')                  #44
              0b81 00f6  ld   $f6         3312  ld('nopixels')                  #44
                                          3313  label('.sysSm#45')
.sysSm#45:    0b82 c20c  st   [$0c]       3314  st([videoModeD])                #45
              0b83 e0cb  jmp  y,$cb       3315  jmp(Y,'REENTER')                #46
              0b84 00e7  ld   $e7         3316  ld(-50/2)                       #47
                                          3317
                                          3318  # SYS_SendSerial1_v3_80 implementation
                                          3319  label('sys_SendSerial1')
sys_SendSerial1:
              0b85 f08c  beq  .sysSs#20   3320  beq('.sysSs#20')                #18
              0b86 1124  ld   [$24],x     3321  ld([sysArgs+0],X)               #19
              0b87 0116  ld   [$16]       3322  ld([vPC])                       #20 Wait for vBlank
              0b88 a002  suba $02         3323  suba(2)                         #21
              0b89 1403  ld   $03,y       3324  ld(hi('REENTER_28'),Y)          #22
              0b8a e0ca  jmp  y,$ca       3325  jmp(Y,'REENTER_28')             #23
              0b8b c216  st   [$16]       3326  st([vPC])                       #24
                                          3327  label('.sysSs#20')
.sysSs#20:    0b8c 1525  ld   [$25],y     3328  ld([sysArgs+1],Y)               #20 Synchronized with vBlank
              0b8d 0d00  ld   [y,x]       3329  ld([Y,X])                       #21 Copy next bit
              0b8e 2126  anda [$26]       3330  anda([sysArgs+2])               #22
              0b8f ec92  bne  $0b92       3331  bne(pc()+3)                     #23
              0b90 fc93  bra  $0b93       3332  bra(pc()+3)                     #24
              0b91 000e  ld   $0e         3333  ld(7*2)                         #25
              0b92 0012  ld   $12         3334  ld(9*2)                         #25
              0b93 c20d  st   [$0d]       3335  st([videoPulse])                #26
              0b94 0126  ld   [$26]       3336  ld([sysArgs+2])                 #27 Rotate input bit
              0b95 8200  adda ac          3337  adda(AC)                        #28
              0b96 ec99  bne  $0b99       3338  bne(pc()+3)                     #29
              0b97 fc99  bra  $0b99       3339  bra(pc()+2)                     #30
              0b98 0001  ld   $01         3340  ld(1)                           #31
              0b99 c226  st   [$26]       3341  st([sysArgs+2])                 #31,32 (must be idempotent)
              0b9a 2001  anda $01         3342  anda(1)                         #33 Optionally increment pointer
              0b9b 8124  adda [$24]       3343  adda([sysArgs+0])               #34
              0b9c d224  st   [$24],x     3344  st([sysArgs+0],X)               #35
              0b9d 0127  ld   [$27]       3345  ld([sysArgs+3])                 #36 Frame counter
              0b9e a001  suba $01         3346  suba(1)                         #37
              0b9f f0ae  beq  .sysSs#40   3347  beq('.sysSs#40')                #38
              0ba0 1403  ld   $03,y       3348  ld(hi('REENTER'),Y)             #39
              0ba1 c227  st   [$27]       3349  st([sysArgs+3])                 #40
              0ba2 010f  ld   [$0f]       3350  ld([serialRaw])                 #41 Test for anything being sent back
              0ba3 60ff  xora $ff         3351  xora(255)                       #42
              0ba4 f0a9  beq  .sysSs#45   3352  beq('.sysSs#45')                #43
              0ba5 c218  st   [$18]       3353  st([vAC])                       #44 Abort after key press with non-zero error
              0ba6 c219  st   [$19]       3354  st([vAC+1])                     #45
              0ba7 e0cb  jmp  y,$cb       3355  jmp(Y,'REENTER')                #46
              0ba8 00e7  ld   $e7         3356  ld(-50/2)                       #47
                                          3357  label('.sysSs#45')
.sysSs#45:    0ba9 0116  ld   [$16]       3358  ld([vPC])                       #45 Continue sending bits
              0baa a002  suba $02         3359  suba(2)                         #46
              0bab c216  st   [$16]       3360  st([vPC])                       #47
              0bac e0cb  jmp  y,$cb       3361  jmp(Y,'REENTER')                #48
              0bad 00e6  ld   $e6         3362  ld(-52/2)                       #49
                                          3363  label('.sysSs#40')
.sysSs#40:    0bae c218  st   [$18]       3364  st([vAC])                       #40 Stop sending bits, no error
              0baf c219  st   [$19]       3365  st([vAC+1])                     #41
              0bb0 e0cb  jmp  y,$cb       3366  jmp(Y,'REENTER')                #42
              0bb1 00e9  ld   $e9         3367  ld(-46/2)                       #43
                                          3368
                                          3369  # SYS_ReceiveSerialByte implementation
                                          3370  label('sys_ReceiveSerial1')
sys_ReceiveSerial1:
              0bb2 6109  xora [$09]       3371  xora([videoY])                  #17
              0bb3 ecc0  bne  .sysRsb#20  3372  bne('.sysRsb#20')               #18
              0bb4 1124  ld   [$24],x     3373  ld([sysArgs+0],X)               #19
              0bb5 1525  ld   [$25],y     3374  ld([sysArgs+1],Y)               #20
              0bb6 0300  ld   in          3375  ld(IN)                          #21
              0bb7 ce00  st   [y,x]       3376  st([Y,X])                       #22
              0bb8 8126  adda [$26]       3377  adda([sysArgs+2])               #23
              0bb9 c226  st   [$26]       3378  st([sysArgs+2])                 #24
              0bba 0124  ld   [$24]       3379  ld([sysArgs+0])                 #25
              0bbb 8001  adda $01         3380  adda(1)                         #26
              0bbc c224  st   [$24]       3381  st([sysArgs+0])                 #27
              0bbd 1403  ld   $03,y       3382  ld(hi('NEXTY'),Y)               #28
              0bbe e000  jmp  y,$00       3383  jmp(Y,'NEXTY')                  #29
              0bbf 00f0  ld   $f0         3384  ld(-32/2)                       #30
                                          3385  # Restart the instruction in the next timeslice
                                          3386  label('.sysRsb#20')
.sysRsb#20:   0bc0 0116  ld   [$16]       3387  ld([vPC])                       #20
              0bc1 a002  suba $02         3388  suba(2)                         #21
              0bc2 c216  st   [$16]       3389  st([vPC])                       #22
              0bc3 1403  ld   $03,y       3390  ld(hi('REENTER'),Y)             #23
              0bc4 e0cb  jmp  y,$cb       3391  jmp(Y,'REENTER')                #24
              0bc5 00f2  ld   $f2         3392  ld(-28/2)                       #25
                                          3393
                                          3394  # CALLI implementation (vCPU instruction)
                                          3395  label('calli#13')
calli#13:     0bc6 8003  adda $03         3396  adda(3)                         #13,43
              0bc7 c21a  st   [$1a]       3397  st([vLR])                       #14
              0bc8 0117  ld   [$17]       3398  ld([vPC+1])                     #15
              0bc9 d61b  st   [$1b],y     3399  st([vLR+1],Y)                   #16
              0bca 0d00  ld   [y,x]       3400  ld([Y,X])                       #17
              0bcb de00  st   [y,x++]     3401  st([Y,Xpp])                     #18 Just X++
              0bcc a002  suba $02         3402  suba(2)                         #19
              0bcd c216  st   [$16]       3403  st([vPC])                       #20
              0bce 0d00  ld   [y,x]       3404  ld([Y,X])                       #21
              0bcf 1403  ld   $03,y       3405  ld(hi('REENTER_28'),Y)          #22
              0bd0 e0ca  jmp  y,$ca       3406  jmp(Y,'REENTER_28')             #23
              0bd1 c217  st   [$17]       3407  st([vPC+1])                     #24
                                          3408
                                          3409  # -------------------------------------------------------------
                                          3410  # vCPU instructions for comparisons between two 16-bit operands
                                          3411  # -------------------------------------------------------------
                                          3412  #
                                          3413  # vCPU's conditional branching (BCC) always compares vAC against 0,
                                          3414  # treating vAC as a two's complement 16-bit number. When we need to
                                          3415  # compare two arbitrary numnbers we normally first take their difference
                                          3416  # with SUBW.  However, when this difference is too large, the subtraction
                                          3417  # overflows and we get the wrong outcome. To get it right over the
                                          3418  # entire range, an elaborate sequence is needed. TinyBASIC uses this
                                          3419  # blurp for its relational operators. (It compares stack variable $02
                                          3420  # with zero page variable $3a.)
                                          3421  #
                                          3422  #       0461  ee 02            LDLW  $02
                                          3423  #       0463  fc 3a            XORW  $3a
                                          3424  #       0465  35 53 6a         BGE   $046c
                                          3425  #       0468  ee 02            LDLW  $02
                                          3426  #       046a  90 6e            BRA   $0470
                                          3427  #       046c  ee 02            LDLW  $02
                                          3428  #       046e  b8 3a            SUBW  $3a
                                          3429  #       0470  35 56 73         BLE   $0475
                                          3430  #
                                          3431  # The CMPHS and CMPHU instructions were introduced to simplify this.
                                          3432  # They inspect both operands to see if there is an overflow risk. If
                                          3433  # so, they modify vAC such that their difference gets smaller, while
                                          3434  # preserving the relation between the two operands. After that, the
                                          3435  # SUBW instruction can't overflow and we achieve a correct comparison.
                                          3436  # Use CMPHS for signed comparisons and CMPHU for unsigned. With these,
                                          3437  # the sequence above becomes:
                                          3438  #
                                          3439  #       0461  ee 02            LDLW  $02
                                          3440  #       0463  1f 3b            CMPHS $3b        Note: high byte of operand
                                          3441  #       0465  b8 3a            SUBW  $3a
                                          3442  #       0467  35 56 73         BLE   $0475
                                          3443  #
                                          3444  # CMPHS/CMPHU don't make much sense other than in combination with
                                          3445  # SUBW. These modify vACH, if needed, as given in the following table:
                                          3446  #
                                          3447  #       vACH  varH  |     vACH
                                          3448  #       bit7  bit7  | CMPHS  CMPHU
                                          3449  #       ---------------------------
                                          3450  #         0     0   |  vACH   vACH      no change needed
                                          3451  #         0     1   | varH+1 varH-1     narrowing the range
                                          3452  #         1     0   | varH-1 varH+1     narrowing the range
                                          3453  #         1     1   |  vACH   vACH      no change needed
                                          3454  #       ---------------------------
                                          3455
                                          3456  # CMPHS implementation (vCPU instruction)
                                          3457  label('cmphs#13')
cmphs#13:     0bd2 1403  ld   $03,y       3458  ld(hi('REENTER'),Y)             #13
              0bd3 0500  ld   [x]         3459  ld([X])                         #14
              0bd4 6119  xora [$19]       3460  xora([vAC+1])                   #15
              0bd5 f4e6  bge  .cmphu#18   3461  bpl('.cmphu#18')                #16 Skip if same sign
              0bd6 0119  ld   [$19]       3462  ld([vAC+1])                     #17
              0bd7 e8da  blt  $0bda       3463  bmi(pc()+3)                     #18
              0bd8 fcdb  bra  .cmphs#21   3464  bra(pc()+3)                     #19
                                          3465  label('.cmphs#20')
.cmphs#20:    0bd9 0001  ld   $01         3466  ld(+1)                          #20    vAC < variable
              0bda 00ff  ld   $ff         3467  ld(-1)                          #20(!) vAC > variable
                                          3468  label('.cmphs#21')
.cmphs#21:    0bdb 8500  adda [x]         3469  adda([X])                       #21
              0bdc c219  st   [$19]       3470  st([vAC+1])                     #22
              0bdd e0ca  jmp  y,$ca       3471  jmp(Y,'REENTER_28')             #23
                                          3472  #dummy()                        #24 Overlap
                                          3473  #
                                          3474  # CMPHS implementation (vCPU instruction)
                                          3475  label('cmphu#13')
cmphu#13:     0bde 1403  ld   $03,y       3476  ld(hi('REENTER'),Y)             #13,24
              0bdf 0500  ld   [x]         3477  ld([X])                         #14
              0be0 6119  xora [$19]       3478  xora([vAC+1])                   #15
              0be1 f4e6  bge  .cmphu#18   3479  bpl('.cmphu#18')                #16 Skip if same sign
              0be2 0119  ld   [$19]       3480  ld([vAC+1])                     #17
              0be3 e8d9  blt  .cmphs#20   3481  bmi('.cmphs#20')                #18
              0be4 fcdb  bra  .cmphs#21   3482  bra('.cmphs#21')                #19
              0be5 00ff  ld   $ff         3483  ld(-1)                          #20    vAC > variable
                                          3484
                                          3485  # No-operation for CMPHS/CMPHU when high bits are equal
                                          3486  label('.cmphu#18')
.cmphu#18:    0be6 e0cb  jmp  y,$cb       3487  jmp(Y,'REENTER')                #18
              0be7 00f5  ld   $f5         3488  ld(-22/2)                       #19
                                          3489
                                          3490  #-----------------------------------------------------------------------
                                          3491  #
                                          3492  #  $0c00 ROM page 12: More SYS functions (sprites)
                                          3493  #
                                          3494  #       Page 1: vertical blank interval
                                          3495  #       Page 2: visible scanlines
                                          3496  #
                                          3497  #-----------------------------------------------------------------------
                                          3498
              0be8 0200  nop              3499  align(0x100, size=0x100)
              0be9 0200  nop
              0bea 0200  nop
              * 24 times
                                          3500
                                          3501  #-----------------------------------------------------------------------
                                          3502  # Extension SYS_Sprite6_v3_64
                                          3503  # Extension SYS_Sprite6x_v3_64
                                          3504  # Extension SYS_Sprite6y_v3_64
                                          3505  # Extension SYS_Sprite6xy_v3_64
                                          3506  #-----------------------------------------------------------------------
                                          3507
                                          3508  # Blit sprite in screen memory
                                          3509  #
                                          3510  # Variables
                                          3511  #       vAC             Destination address in screen
                                          3512  #       sysArgs[0:1]    Source address of 6xY pixels (colors 0..63) terminated
                                          3513  #                       by negative byte value N (typically N = -Y)
                                          3514  #       sysArgs[2:7]    Scratch (user as copy buffer)
                                          3515  #
                                          3516  # This SYS function draws a sprite of 6 pixels wide and Y pixels high.
                                          3517  # The pixel data is read sequentually from RAM, in horizontal chunks
                                          3518  # of 6 pixels at a time, and then written to the screen through the
                                          3519  # destination pointer (each chunk underneath the previous), thus
                                          3520  # drawing a 6xY stripe. Pixel values should be non-negative. The first
                                          3521  # negative byte N after a chunk signals the end of the sprite data.
                                          3522  # So the sprite's height Y is determined by the source data and is
                                          3523  # therefore flexible. This negative byte value, typically N == -Y,
                                          3524  # is then used to adjust the destination pointer's high byte, to make
                                          3525  # it easier to draw sprites wider than 6 pixels: just repeat the SYS
                                          3526  # call for as many 6-pixel wide stripes you need. All arguments are
                                          3527  # already left in place to facilitate this. After one call, the source
                                          3528  # pointer will point past that source data, effectively:
                                          3529  #       src += Y * 6 + 1
                                          3530  # The destination pointer will have been adjusted as:
                                          3531  #       dst += (Y + N) * 256 + 6
                                          3532  # (With arithmetic wrapping around on the same memory page)
                                          3533  #
                                          3534  # Y is only limited by source memory, not by CPU cycles. The
                                          3535  # implementation is such that the SYS function self-repeats, each
                                          3536  # time drawing the next 6-pixel chunk. It can typically draw 12
                                          3537  # pixels per scanline this way.
                                          3538
                                          3539  label('SYS_Sprite6_v3_64')
                                          3540
SYS_Sprite6_v3_64:
              0c00 1124  ld   [$24],x     3541  ld([sysArgs+0],X)               #15 Pixel data source address
              0c01 1525  ld   [$25],y     3542  ld([sysArgs+1],Y)               #16
              0c02 0d00  ld   [y,x]       3543  ld([Y,X])                       #17 Next pixel or stop
              0c03 f411  bge  .sysDpx0    3544  bpl('.sysDpx0')                 #18
              0c04 de00  st   [y,x++]     3545  st([Y,Xpp])                     #19 Just X++
                                          3546
              0c05 8119  adda [$19]       3547  adda([vAC+1])                   #20 Adjust dst for convenience
              0c06 c219  st   [$19]       3548  st([vAC+1])                     #21
              0c07 0118  ld   [$18]       3549  ld([vAC])                       #22
              0c08 8006  adda $06         3550  adda(6)                         #23
              0c09 c218  st   [$18]       3551  st([vAC])                       #24
              0c0a 0124  ld   [$24]       3552  ld([sysArgs+0])                 #25 Adjust src for convenience
              0c0b 8001  adda $01         3553  adda(1)                         #26
              0c0c c224  st   [$24]       3554  st([sysArgs+0])                 #27
              0c0d 0200  nop              3555  nop()                           #28
              0c0e 1403  ld   $03,y       3556  ld(hi('REENTER'),Y)             #29 Normal exit (no self-repeat)
              0c0f e0cb  jmp  y,$cb       3557  jmp(Y,'REENTER')                #30
              0c10 00ef  ld   $ef         3558  ld(-34/2)                       #31
                                          3559
                                          3560  label('.sysDpx0')
.sysDpx0:     0c11 c226  st   [$26]       3561  st([sysArgs+2])                 #20 Gobble 6 pixels into buffer
              0c12 0d00  ld   [y,x]       3562  ld([Y,X])                       #21
              0c13 de00  st   [y,x++]     3563  st([Y,Xpp])                     #22 Just X++
              0c14 c227  st   [$27]       3564  st([sysArgs+3])                 #23
              0c15 0d00  ld   [y,x]       3565  ld([Y,X])                       #24
              0c16 de00  st   [y,x++]     3566  st([Y,Xpp])                     #25 Just X++
              0c17 c228  st   [$28]       3567  st([sysArgs+4])                 #26
              0c18 0d00  ld   [y,x]       3568  ld([Y,X])                       #27
              0c19 de00  st   [y,x++]     3569  st([Y,Xpp])                     #28 Just X++
              0c1a c229  st   [$29]       3570  st([sysArgs+5])                 #29
              0c1b 0d00  ld   [y,x]       3571  ld([Y,X])                       #30
              0c1c de00  st   [y,x++]     3572  st([Y,Xpp])                     #31 Just X++
              0c1d c22a  st   [$2a]       3573  st([sysArgs+6])                 #32
              0c1e 0d00  ld   [y,x]       3574  ld([Y,X])                       #33
              0c1f de00  st   [y,x++]     3575  st([Y,Xpp])                     #34 Just X++
              0c20 c22b  st   [$2b]       3576  st([sysArgs+7])                 #35
                                          3577
              0c21 1118  ld   [$18],x     3578  ld([vAC],X)                     #36 Screen memory destination address
              0c22 1519  ld   [$19],y     3579  ld([vAC+1],Y)                   #37
              0c23 0126  ld   [$26]       3580  ld([sysArgs+2])                 #38 Write 6 pixels
              0c24 de00  st   [y,x++]     3581  st([Y,Xpp])                     #39
              0c25 0127  ld   [$27]       3582  ld([sysArgs+3])                 #40
              0c26 de00  st   [y,x++]     3583  st([Y,Xpp])                     #41
              0c27 0128  ld   [$28]       3584  ld([sysArgs+4])                 #42
              0c28 de00  st   [y,x++]     3585  st([Y,Xpp])                     #43
              0c29 0129  ld   [$29]       3586  ld([sysArgs+5])                 #44
              0c2a de00  st   [y,x++]     3587  st([Y,Xpp])                     #45
              0c2b 012a  ld   [$2a]       3588  ld([sysArgs+6])                 #46
              0c2c de00  st   [y,x++]     3589  st([Y,Xpp])                     #47
              0c2d 012b  ld   [$2b]       3590  ld([sysArgs+7])                 #48
              0c2e de00  st   [y,x++]     3591  st([Y,Xpp])                     #49
                                          3592
              0c2f 0124  ld   [$24]       3593  ld([sysArgs+0])                 #50 src += 6
              0c30 8006  adda $06         3594  adda(6)                         #51
              0c31 c224  st   [$24]       3595  st([sysArgs+0])                 #52
              0c32 0119  ld   [$19]       3596  ld([vAC+1])                     #53 dst += 256
              0c33 8001  adda $01         3597  adda(1)                         #54
              0c34 c219  st   [$19]       3598  st([vAC+1])                     #55
                                          3599
              0c35 0116  ld   [$16]       3600  ld([vPC])                       #56 Self-repeating SYS call
              0c36 a002  suba $02         3601  suba(2)                         #57
              0c37 c216  st   [$16]       3602  st([vPC])                       #58
              0c38 1403  ld   $03,y       3603  ld(hi('REENTER'),Y)             #59
              0c39 e0cb  jmp  y,$cb       3604  jmp(Y,'REENTER')                #60
              0c3a 00e0  ld   $e0         3605  ld(-64/2)                       #61
                                          3606
              0c3b 0200  nop              3607  align(64)
              0c3c 0200  nop
              0c3d 0200  nop
              * 5 times
                                          3608  label('SYS_Sprite6x_v3_64')
                                          3609
SYS_Sprite6x_v3_64:
              0c40 1124  ld   [$24],x     3610  ld([sysArgs+0],X)               #15 Pixel data source address
              0c41 1525  ld   [$25],y     3611  ld([sysArgs+1],Y)               #16
              0c42 0d00  ld   [y,x]       3612  ld([Y,X])                       #17 Next pixel or stop
              0c43 f451  bge  .sysDpx1    3613  bpl('.sysDpx1')                 #18
              0c44 de00  st   [y,x++]     3614  st([Y,Xpp])                     #19 Just X++
                                          3615
              0c45 8119  adda [$19]       3616  adda([vAC+1])                   #20 Adjust dst for convenience
              0c46 c219  st   [$19]       3617  st([vAC+1])                     #21
              0c47 0118  ld   [$18]       3618  ld([vAC])                       #22
              0c48 a006  suba $06         3619  suba(6)                         #23
              0c49 c218  st   [$18]       3620  st([vAC])                       #24
              0c4a 0124  ld   [$24]       3621  ld([sysArgs+0])                 #25 Adjust src for convenience
              0c4b 8001  adda $01         3622  adda(1)                         #26
              0c4c c224  st   [$24]       3623  st([sysArgs+0])                 #27
              0c4d 0200  nop              3624  nop()                           #28
              0c4e 1403  ld   $03,y       3625  ld(hi('REENTER'),Y)             #29 Normal exit (no self-repeat)
              0c4f e0cb  jmp  y,$cb       3626  jmp(Y,'REENTER')                #30
              0c50 00ef  ld   $ef         3627  ld(-34/2)                       #31
                                          3628
                                          3629  label('.sysDpx1')
.sysDpx1:     0c51 c22b  st   [$2b]       3630  st([sysArgs+7])                 #20 Gobble 6 pixels into buffer (backwards)
              0c52 0d00  ld   [y,x]       3631  ld([Y,X])                       #21
              0c53 de00  st   [y,x++]     3632  st([Y,Xpp])                     #22 Just X++
              0c54 c22a  st   [$2a]       3633  st([sysArgs+6])                 #23
              0c55 0d00  ld   [y,x]       3634  ld([Y,X])                       #24
              0c56 de00  st   [y,x++]     3635  st([Y,Xpp])                     #25 Just X++
              0c57 c229  st   [$29]       3636  st([sysArgs+5])                 #26
              0c58 0d00  ld   [y,x]       3637  ld([Y,X])                       #27
              0c59 de00  st   [y,x++]     3638  st([Y,Xpp])                     #28 Just X++
              0c5a c228  st   [$28]       3639  st([sysArgs+4])                 #29
              0c5b 0d00  ld   [y,x]       3640  ld([Y,X])                       #30
              0c5c de00  st   [y,x++]     3641  st([Y,Xpp])                     #31 Just X++
              0c5d c227  st   [$27]       3642  st([sysArgs+3])                 #32
              0c5e 0d00  ld   [y,x]       3643  ld([Y,X])                       #33
              0c5f de00  st   [y,x++]     3644  st([Y,Xpp])                     #34 Just X++
                                          3645
              0c60 1118  ld   [$18],x     3646  ld([vAC],X)                     #35 Screen memory destination address
              0c61 1519  ld   [$19],y     3647  ld([vAC+1],Y)                   #36
              0c62 de00  st   [y,x++]     3648  st([Y,Xpp])                     #37 Write 6 pixels
              0c63 0127  ld   [$27]       3649  ld([sysArgs+3])                 #38
              0c64 de00  st   [y,x++]     3650  st([Y,Xpp])                     #39
              0c65 0128  ld   [$28]       3651  ld([sysArgs+4])                 #40
              0c66 de00  st   [y,x++]     3652  st([Y,Xpp])                     #41
              0c67 0129  ld   [$29]       3653  ld([sysArgs+5])                 #42
              0c68 de00  st   [y,x++]     3654  st([Y,Xpp])                     #43
              0c69 012a  ld   [$2a]       3655  ld([sysArgs+6])                 #44
              0c6a de00  st   [y,x++]     3656  st([Y,Xpp])                     #45
              0c6b 012b  ld   [$2b]       3657  ld([sysArgs+7])                 #46
              0c6c de00  st   [y,x++]     3658  st([Y,Xpp])                     #47
                                          3659
              0c6d 0124  ld   [$24]       3660  ld([sysArgs+0])                 #48 src += 6
              0c6e 8006  adda $06         3661  adda(6)                         #49
              0c6f c224  st   [$24]       3662  st([sysArgs+0])                 #50
              0c70 0119  ld   [$19]       3663  ld([vAC+1])                     #51 dst += 256
              0c71 8001  adda $01         3664  adda(1)                         #52
              0c72 c219  st   [$19]       3665  st([vAC+1])                     #53
                                          3666
              0c73 0116  ld   [$16]       3667  ld([vPC])                       #54 Self-repeating SYS call
              0c74 a002  suba $02         3668  suba(2)                         #55
              0c75 c216  st   [$16]       3669  st([vPC])                       #56
              0c76 1403  ld   $03,y       3670  ld(hi('REENTER'),Y)             #57
              0c77 e0cb  jmp  y,$cb       3671  jmp(Y,'REENTER')                #58
              0c78 00e1  ld   $e1         3672  ld(-62/2)                       #59
                                          3673
              0c79 0200  nop              3674  align(64)
              0c7a 0200  nop
              0c7b 0200  nop
              * 7 times
                                          3675  label('SYS_Sprite6y_v3_64')
                                          3676
SYS_Sprite6y_v3_64:
              0c80 1124  ld   [$24],x     3677  ld([sysArgs+0],X)               #15 Pixel data source address
              0c81 1525  ld   [$25],y     3678  ld([sysArgs+1],Y)               #16
              0c82 0d00  ld   [y,x]       3679  ld([Y,X])                       #17 Next pixel or stop
              0c83 f493  bge  .sysDpx2    3680  bpl('.sysDpx2')                 #18
              0c84 de00  st   [y,x++]     3681  st([Y,Xpp])                     #19 Just X++
                                          3682
              0c85 60ff  xora $ff         3683  xora(255)                       #20 Adjust dst for convenience
              0c86 8001  adda $01         3684  adda(1)                         #21
              0c87 8119  adda [$19]       3685  adda([vAC+1])                   #22
              0c88 c219  st   [$19]       3686  st([vAC+1])                     #23
              0c89 0118  ld   [$18]       3687  ld([vAC])                       #24
              0c8a 8006  adda $06         3688  adda(6)                         #25
              0c8b c218  st   [$18]       3689  st([vAC])                       #26
              0c8c 0124  ld   [$24]       3690  ld([sysArgs+0])                 #27 Adjust src for convenience
              0c8d 8001  adda $01         3691  adda(1)                         #28
              0c8e c224  st   [$24]       3692  st([sysArgs+0])                 #29
              0c8f 0200  nop              3693  nop()                           #30
              0c90 1403  ld   $03,y       3694  ld(hi('REENTER'),Y)             #31 Normal exit (no self-repeat)
              0c91 e0cb  jmp  y,$cb       3695  jmp(Y,'REENTER')                #32
              0c92 00ee  ld   $ee         3696  ld(-36/2)                       #33
                                          3697
                                          3698  label('.sysDpx2')
.sysDpx2:     0c93 c226  st   [$26]       3699  st([sysArgs+2])                 #20 Gobble 6 pixels into buffer
              0c94 0d00  ld   [y,x]       3700  ld([Y,X])                       #21
              0c95 de00  st   [y,x++]     3701  st([Y,Xpp])                     #22 Just X++
              0c96 c227  st   [$27]       3702  st([sysArgs+3])                 #23
              0c97 0d00  ld   [y,x]       3703  ld([Y,X])                       #24
              0c98 de00  st   [y,x++]     3704  st([Y,Xpp])                     #25 Just X++
              0c99 c228  st   [$28]       3705  st([sysArgs+4])                 #26
              0c9a 0d00  ld   [y,x]       3706  ld([Y,X])                       #27
              0c9b de00  st   [y,x++]     3707  st([Y,Xpp])                     #28 Just X++
              0c9c c229  st   [$29]       3708  st([sysArgs+5])                 #29
              0c9d 0d00  ld   [y,x]       3709  ld([Y,X])                       #30
              0c9e de00  st   [y,x++]     3710  st([Y,Xpp])                     #31 Just X++
              0c9f c22a  st   [$2a]       3711  st([sysArgs+6])                 #32
              0ca0 0d00  ld   [y,x]       3712  ld([Y,X])                       #33
              0ca1 de00  st   [y,x++]     3713  st([Y,Xpp])                     #34 Just X++
              0ca2 c22b  st   [$2b]       3714  st([sysArgs+7])                 #35
                                          3715
              0ca3 1118  ld   [$18],x     3716  ld([vAC],X)                     #36 Screen memory destination address
              0ca4 1519  ld   [$19],y     3717  ld([vAC+1],Y)                   #37
              0ca5 0126  ld   [$26]       3718  ld([sysArgs+2])                 #38 Write 6 pixels
              0ca6 de00  st   [y,x++]     3719  st([Y,Xpp])                     #39
              0ca7 0127  ld   [$27]       3720  ld([sysArgs+3])                 #40
              0ca8 de00  st   [y,x++]     3721  st([Y,Xpp])                     #41
              0ca9 0128  ld   [$28]       3722  ld([sysArgs+4])                 #42
              0caa de00  st   [y,x++]     3723  st([Y,Xpp])                     #43
              0cab 0129  ld   [$29]       3724  ld([sysArgs+5])                 #44
              0cac de00  st   [y,x++]     3725  st([Y,Xpp])                     #45
              0cad 012a  ld   [$2a]       3726  ld([sysArgs+6])                 #46
              0cae de00  st   [y,x++]     3727  st([Y,Xpp])                     #47
              0caf 012b  ld   [$2b]       3728  ld([sysArgs+7])                 #48
              0cb0 de00  st   [y,x++]     3729  st([Y,Xpp])                     #49
                                          3730
              0cb1 0124  ld   [$24]       3731  ld([sysArgs+0])                 #50 src += 6
              0cb2 8006  adda $06         3732  adda(6)                         #51
              0cb3 c224  st   [$24]       3733  st([sysArgs+0])                 #52
              0cb4 0119  ld   [$19]       3734  ld([vAC+1])                     #53 dst -= 256
              0cb5 a001  suba $01         3735  suba(1)                         #54
              0cb6 c219  st   [$19]       3736  st([vAC+1])                     #55
                                          3737
              0cb7 0116  ld   [$16]       3738  ld([vPC])                       #56 Self-repeating SYS call
              0cb8 a002  suba $02         3739  suba(2)                         #57
              0cb9 c216  st   [$16]       3740  st([vPC])                       #58
              0cba 1403  ld   $03,y       3741  ld(hi('REENTER'),Y)             #59
              0cbb e0cb  jmp  y,$cb       3742  jmp(Y,'REENTER')                #60
              0cbc 00e0  ld   $e0         3743  ld(-64/2)                       #61
                                          3744
              0cbd 0200  nop              3745  align(64)
              0cbe 0200  nop
              0cbf 0200  nop
                                          3746  label('SYS_Sprite6xy_v3_64')
                                          3747
SYS_Sprite6xy_v3_64:
              0cc0 1124  ld   [$24],x     3748  ld([sysArgs+0],X)               #15 Pixel data source address
              0cc1 1525  ld   [$25],y     3749  ld([sysArgs+1],Y)               #16
              0cc2 0d00  ld   [y,x]       3750  ld([Y,X])                       #17 Next pixel or stop
              0cc3 f4d3  bge  .sysDpx3    3751  bpl('.sysDpx3')                 #18
              0cc4 de00  st   [y,x++]     3752  st([Y,Xpp])                     #19 Just X++
                                          3753
              0cc5 60ff  xora $ff         3754  xora(255)                       #20 Adjust dst for convenience
              0cc6 8001  adda $01         3755  adda(1)                         #21
              0cc7 8119  adda [$19]       3756  adda([vAC+1])                   #22
              0cc8 c219  st   [$19]       3757  st([vAC+1])                     #23
              0cc9 0118  ld   [$18]       3758  ld([vAC])                       #24
              0cca a006  suba $06         3759  suba(6)                         #25
              0ccb c218  st   [$18]       3760  st([vAC])                       #26
              0ccc 0124  ld   [$24]       3761  ld([sysArgs+0])                 #27 Adjust src for convenience
              0ccd 8001  adda $01         3762  adda(1)                         #28
              0cce c224  st   [$24]       3763  st([sysArgs+0])                 #29
              0ccf 0200  nop              3764  nop()                           #30
              0cd0 1403  ld   $03,y       3765  ld(hi('REENTER'),Y)             #31 Normal exit (no self-repeat)
              0cd1 e0cb  jmp  y,$cb       3766  jmp(Y,'REENTER')                #32
              0cd2 00ee  ld   $ee         3767  ld(-36/2)                       #33
                                          3768
                                          3769  label('.sysDpx3')
.sysDpx3:     0cd3 c22b  st   [$2b]       3770  st([sysArgs+7])                 #20 Gobble 6 pixels into buffer (backwards)
              0cd4 0d00  ld   [y,x]       3771  ld([Y,X])                       #21
              0cd5 de00  st   [y,x++]     3772  st([Y,Xpp])                     #22 Just X++
              0cd6 c22a  st   [$2a]       3773  st([sysArgs+6])                 #23
              0cd7 0d00  ld   [y,x]       3774  ld([Y,X])                       #24
              0cd8 de00  st   [y,x++]     3775  st([Y,Xpp])                     #25 Just X++
              0cd9 c229  st   [$29]       3776  st([sysArgs+5])                 #26
              0cda 0d00  ld   [y,x]       3777  ld([Y,X])                       #27
              0cdb de00  st   [y,x++]     3778  st([Y,Xpp])                     #28 Just X++
              0cdc c228  st   [$28]       3779  st([sysArgs+4])                 #29
              0cdd 0d00  ld   [y,x]       3780  ld([Y,X])                       #30
              0cde de00  st   [y,x++]     3781  st([Y,Xpp])                     #31 Just X++
              0cdf c227  st   [$27]       3782  st([sysArgs+3])                 #32
              0ce0 0d00  ld   [y,x]       3783  ld([Y,X])                       #33
              0ce1 de00  st   [y,x++]     3784  st([Y,Xpp])                     #34 Just X++
                                          3785
              0ce2 1118  ld   [$18],x     3786  ld([vAC],X)                     #35 Screen memory destination address
              0ce3 1519  ld   [$19],y     3787  ld([vAC+1],Y)                   #36
              0ce4 de00  st   [y,x++]     3788  st([Y,Xpp])                     #37 Write 6 pixels
              0ce5 0127  ld   [$27]       3789  ld([sysArgs+3])                 #38
              0ce6 de00  st   [y,x++]     3790  st([Y,Xpp])                     #39
              0ce7 0128  ld   [$28]       3791  ld([sysArgs+4])                 #40
              0ce8 de00  st   [y,x++]     3792  st([Y,Xpp])                     #41
              0ce9 0129  ld   [$29]       3793  ld([sysArgs+5])                 #42
              0cea de00  st   [y,x++]     3794  st([Y,Xpp])                     #43
              0ceb 012a  ld   [$2a]       3795  ld([sysArgs+6])                 #44
              0cec de00  st   [y,x++]     3796  st([Y,Xpp])                     #45
              0ced 012b  ld   [$2b]       3797  ld([sysArgs+7])                 #46
              0cee de00  st   [y,x++]     3798  st([Y,Xpp])                     #47
                                          3799
              0cef 0124  ld   [$24]       3800  ld([sysArgs+0])                 #48 src += 6
              0cf0 8006  adda $06         3801  adda(6)                         #49
              0cf1 c224  st   [$24]       3802  st([sysArgs+0])                 #50
              0cf2 0119  ld   [$19]       3803  ld([vAC+1])                     #51 dst -= 256
              0cf3 a001  suba $01         3804  suba(1)                         #52
              0cf4 c219  st   [$19]       3805  st([vAC+1])                     #53
                                          3806
              0cf5 0116  ld   [$16]       3807  ld([vPC])                       #54 Self-repeating SYS call
              0cf6 a002  suba $02         3808  suba(2)                         #55
              0cf7 c216  st   [$16]       3809  st([vPC])                       #56
              0cf8 1403  ld   $03,y       3810  ld(hi('REENTER'),Y)             #57
              0cf9 e0cb  jmp  y,$cb       3811  jmp(Y,'REENTER')                #58
              0cfa 00e1  ld   $e1         3812  ld(-62/2)                       #59
                                          3813
                                          3814  #-----------------------------------------------------------------------
                                          3815
              0cfb 0200  nop              3816  align(0x100)
              0cfc 0200  nop
              0cfd 0200  nop
              * 5 times
                                          3817
                                          3818  label('sys_ExpanderControl')
sys_ExpanderControl:
              0d00 1401  ld   $01,y       3819  ld(hi(ctrlBits),Y)                  #18
              0d01 2118  anda [$18]       3820  anda([vAC])                         #19 check for special ctrl code space
              0d02 f009  beq  sysEx#22    3821  beq('sysEx#22')                     #20
              0d03 0118  ld   [$18]       3822  ld([vAC])                           #21 load low byte of ctrl code in delay slot
              0d04 20fc  anda $fc         3823  anda(0xfc)                          #22 sanitize normal ctrl code
              0d05 caf8  st   [y,$f8]     3824  st([Y,ctrlBits])                    #23 store in ctrlBits
              0d06 c21d  st   [$1d]       3825  st([vTmp])                          #24 store in vTmp
              0d07 fc0e  bra  sysEx#27    3826  bra('sysEx#27')                     #25 jump to issuing normal ctrl code
              0d08 1519  ld   [$19],y     3827  ld([vAC+1],Y)                       #26 load high byte of ctrl code in delay slot
                                          3828  label('sysEx#22')
sysEx#22:     0d09 30fc  anda $fc,x       3829  anda(0xfc,X)                        #22 * special ctrl code
              0d0a 09f8  ld   [y,$f8]     3830  ld([Y,ctrlBits])                    #23 get previous normal code from ctrlBits
              0d0b c21d  st   [$1d]       3831  st([vTmp])                          #24 save it in vTmp
              0d0c 1519  ld   [$19],y     3832  ld([vAC+1],Y)                       #25 load high byte of ctrl code
              0d0d cd00  ctrl y,x         3833  ctrl(Y,X)                           #26 issue special ctrl code
                                          3834  label('sysEx#27')
sysEx#27:     0d0e 011d  ld   [$1d]       3835  ld([vTmp])                          #27 load saved normal ctrl code
              0d0f 30fc  anda $fc,x       3836  anda(0xfc,X)                        #28 sanitize ctrlBits
              0d10 cd00  ctrl y,x         3837  ctrl(Y,X)                           #29 issue normal ctrl code
              0d11 011d  ld   [$1d]       3838  ld([vTmp])                          #30 always load something after ctrl
              0d12 1403  ld   $03,y       3839  ld(hi('REENTER'),Y)                 #31
              0d13 e0cb  jmp  y,$cb       3840  jmp(Y,'REENTER')                    #32
              0d14 00ee  ld   $ee         3841  ld(-36/2)                           #33
                                          3842
                                          3843
                                          3844  #-----------------------------------------------------------------------
                                          3845
                                          3846  label('sys_SpiExchangeBytes')
                                          3847
sys_SpiExchangeBytes:
              0d15 09f8  ld   [y,$f8]     3848  ld([Y,ctrlBits])                #18
              0d16 c228  st   [$28]       3849  st([sysArgs+4])                 #19
                                          3850
              0d17 1124  ld   [$24],x     3851  ld([sysArgs+0],X)               #20 Fetch byte to send
              0d18 1525  ld   [$25],y     3852  ld([sysArgs+1],Y)               #21
              0d19 0d00  ld   [y,x]       3853  ld([Y,X])                       #22
                                          3854
                                          3855  for i in range(8):
                                          3856    st([vTmp],Y);C('Bit %d'%(7-i))#23+i*12
              0d1a d61d  st   [$1d],y     ;Bit 7
              0d1b 1128  ld   [$28],x     3857    ld([sysArgs+4],X)             #24+i*12
              0d1c dd00  ctrl y,x++       3858    ctrl(Y,Xpp)                   #25+i*12 Set MOSI
              0d1d dd00  ctrl y,x++       3859    ctrl(Y,Xpp)                   #26+i*12 Raise SCLK, disable RAM!
              0d1e 0100  ld   [$00]       3860    ld([0])                       #27+i*12 Get MISO
                                          3861    if 1 <= WITH_SPI_BITS <= 4:
              0d1f 2003  anda $03         3862      anda((1<<WITH_SPI_BITS)-1)  #28+i*12
                                          3863    else:
                                          3864      anda(0b00001111)            #28+i*12 This is why R1 as pull-DOWN is simpler
              0d20 f023  beq  $0d23       3865    beq(pc()+3)                   #29+i*12
              0d21 fc23  bra  $0d23       3866    bra(pc()+2)                   #30+i*12
              0d22 0001  ld   $01         3867    ld(1)                         #31+i*12
              0d23 cd00  ctrl y,x         3868    ctrl(Y,X)                     #32+i*12,29+i*12 (Must be idempotent) Lower SCLK
              0d24 811d  adda [$1d]       3869    adda([vTmp])                  #33+i*12 Shift
              0d25 811d  adda [$1d]       3870    adda([vTmp])                  #34+i*12
              0d26 d61d  st   [$1d],y     ;Bit 6
              0d27 1128  ld   [$28],x
              0d28 dd00  ctrl y,x++
              0d29 dd00  ctrl y,x++
              0d2a 0100  ld   [$00]
              0d2b 2003  anda $03
              0d2c f02f  beq  $0d2f
              0d2d fc2f  bra  $0d2f
              0d2e 0001  ld   $01
              0d2f cd00  ctrl y,x
              0d30 811d  adda [$1d]
              0d31 811d  adda [$1d]
              0d32 d61d  st   [$1d],y     ;Bit 5
              0d33 1128  ld   [$28],x
              0d34 dd00  ctrl y,x++
              0d35 dd00  ctrl y,x++
              0d36 0100  ld   [$00]
              0d37 2003  anda $03
              0d38 f03b  beq  $0d3b
              0d39 fc3b  bra  $0d3b
              0d3a 0001  ld   $01
              0d3b cd00  ctrl y,x
              0d3c 811d  adda [$1d]
              0d3d 811d  adda [$1d]
              0d3e d61d  st   [$1d],y     ;Bit 4
              0d3f 1128  ld   [$28],x
              0d40 dd00  ctrl y,x++
              0d41 dd00  ctrl y,x++
              0d42 0100  ld   [$00]
              0d43 2003  anda $03
              0d44 f047  beq  $0d47
              0d45 fc47  bra  $0d47
              0d46 0001  ld   $01
              0d47 cd00  ctrl y,x
              0d48 811d  adda [$1d]
              0d49 811d  adda [$1d]
              0d4a d61d  st   [$1d],y     ;Bit 3
              0d4b 1128  ld   [$28],x
              0d4c dd00  ctrl y,x++
              0d4d dd00  ctrl y,x++
              0d4e 0100  ld   [$00]
              0d4f 2003  anda $03
              0d50 f053  beq  $0d53
              0d51 fc53  bra  $0d53
              0d52 0001  ld   $01
              0d53 cd00  ctrl y,x
              0d54 811d  adda [$1d]
              0d55 811d  adda [$1d]
              0d56 d61d  st   [$1d],y     ;Bit 2
              0d57 1128  ld   [$28],x
              0d58 dd00  ctrl y,x++
              0d59 dd00  ctrl y,x++
              0d5a 0100  ld   [$00]
              0d5b 2003  anda $03
              0d5c f05f  beq  $0d5f
              0d5d fc5f  bra  $0d5f
              0d5e 0001  ld   $01
              0d5f cd00  ctrl y,x
              0d60 811d  adda [$1d]
              0d61 811d  adda [$1d]
              0d62 d61d  st   [$1d],y     ;Bit 1
              0d63 1128  ld   [$28],x
              0d64 dd00  ctrl y,x++
              0d65 dd00  ctrl y,x++
              0d66 0100  ld   [$00]
              0d67 2003  anda $03
              0d68 f06b  beq  $0d6b
              0d69 fc6b  bra  $0d6b
              0d6a 0001  ld   $01
              0d6b cd00  ctrl y,x
              0d6c 811d  adda [$1d]
              0d6d 811d  adda [$1d]
              0d6e d61d  st   [$1d],y     ;Bit 0
              0d6f 1128  ld   [$28],x
              0d70 dd00  ctrl y,x++
              0d71 dd00  ctrl y,x++
              0d72 0100  ld   [$00]
              0d73 2003  anda $03
              0d74 f077  beq  $0d77
              0d75 fc77  bra  $0d77
              0d76 0001  ld   $01
              0d77 cd00  ctrl y,x
              0d78 811d  adda [$1d]
              0d79 811d  adda [$1d]
                                          3871
              0d7a 1124  ld   [$24],x     3872  ld([sysArgs+0],X)               #119 Store received byte
              0d7b 1527  ld   [$27],y     3873  ld([sysArgs+3],Y)               #120
              0d7c ce00  st   [y,x]       3874  st([Y,X])                       #121
                                          3875
              0d7d 0124  ld   [$24]       3876  ld([sysArgs+0])                 #122 Advance pointer
              0d7e 8001  adda $01         3877  adda(1)                         #123
              0d7f c224  st   [$24]       3878  st([sysArgs+0])                 #124
                                          3879
              0d80 6126  xora [$26]       3880  xora([sysArgs+2])               #125 Reached end?
              0d81 f088  beq  .sysSpi#128 3881  beq('.sysSpi#128')              #126
                                          3882
              0d82 0116  ld   [$16]       3883  ld([vPC])                       #127 Self-repeating SYS call
              0d83 a002  suba $02         3884  suba(2)                         #128
              0d84 c216  st   [$16]       3885  st([vPC])                       #129
              0d85 1403  ld   $03,y       3886  ld(hi('NEXTY'),Y)               #130
              0d86 e000  jmp  y,$00       3887  jmp(Y,'NEXTY')                  #131
              0d87 00bd  ld   $bd         3888  ld(-134/2)                      #132
                                          3889
                                          3890  label('.sysSpi#128')
.sysSpi#128:  0d88 1403  ld   $03,y       3891  ld(hi('NEXTY'),Y)               #128 Continue program
              0d89 e000  jmp  y,$00       3892  jmp(Y,'NEXTY')                  #129
              0d8a 00be  ld   $be         3893  ld(-132/2)                      #130
                                          3894
                                          3895  #-----------------------------------------------------------------------
                                          3896
                                          3897  label('sys_v6502')
                                          3898
sys_v6502:    0d8b d605  st   [$05],y     3899  st([vCpuSelect],Y)              #18 Activate v6502
              0d8c 00f5  ld   $f5         3900  ld(-22/2)                       #19
              0d8d e0ff  jmp  y,$ff       3901  jmp(Y,'v6502_ENTER')            #20 Transfer control in the same time slice
              0d8e 8115  adda [$15]       3902  adda([vTicks])                  #21
                                          3903  assert (38 - 22)//2 >= v6502_adjust
                                          3904
                                          3905  #-----------------------------------------------------------------------
                                          3906  #       MOS 6502 emulator
                                          3907  #-----------------------------------------------------------------------
                                          3908
                                          3909  # Some quirks:
                                          3910  # - Stack in zero page instead of page 1
                                          3911  # - No interrupts
                                          3912  # - No decimal mode (may never be added). D flag is emulated but ignored.
                                          3913  # - BRK switches back to running 16-bits vCPU
                                          3914  # - Illegal opcodes map to BRK, but can read ghost operands before trapping
                                          3915  # - Illegal opcode $ff won't be trapped and cause havoc instead
                                          3916
                                          3917  # Big things TODO:
                                          3918  # XXX Tuning, put most frequent instructions in the primary page
                                          3919
                                          3920  label('v6502_ror')
                                          3921  assert v6502_Cflag == 1
v6502_ror:    0d8f 1525  ld   [$25],y     3922  ld([v6502_ADH],Y)               #12
              0d90 00fc  ld   $fc         3923  ld(-46//2+v6502_maxTicks)       #13 Is there enough time for the excess ticks?
              0d91 8115  adda [$15]       3924  adda([vTicks])                  #14
              0d92 e8a6  blt  .recheck17  3925  blt('.recheck17')               #15
              0d93 0127  ld   [$27]       3926  ld([v6502_P])                   #16 Transfer C to "bit 8"
              0d94 2001  anda $01         3927  anda(1)                         #17
              0d95 807f  adda $7f         3928  adda(127)                       #18
              0d96 2080  anda $80         3929  anda(128)                       #19
              0d97 c219  st   [$19]       3930  st([v6502_BI])                  #20 The real 6502 wouldn't use BI for this
              0d98 0127  ld   [$27]       3931  ld([v6502_P])                   #21 Transfer bit 0 to C
              0d99 20fe  anda $fe         3932  anda(~1)                        #22
              0d9a c227  st   [$27]       3933  st([v6502_P])                   #23
              0d9b 0d00  ld   [y,x]       3934  ld([Y,X])                       #24
              0d9c 2001  anda $01         3935  anda(1)                         #25
              0d9d 4127  ora  [$27]       3936  ora([v6502_P])                  #26
              0d9e c227  st   [$27]       3937  st([v6502_P])                   #27
              0d9f 00ee  ld   $ee         3938  ld('v6502_ror#38')              #28 Shift table lookup
              0da0 c21d  st   [$1d]       3939  st([vTmp])                      #29
              0da1 0d00  ld   [y,x]       3940  ld([Y,X])                       #30
              0da2 20fe  anda $fe         3941  anda(~1)                        #31
              0da3 1405  ld   $05,y       3942  ld(hi('shiftTable'),Y)          #32
              0da4 e200  jmp  y,ac        3943  jmp(Y,AC)                       #33
              0da5 fcff  bra  $ff         3944  bra(255)                        #34 bra shiftTable+255
                                          3945  label('.recheck17')
.recheck17:   0da6 140e  ld   $0e,y       3946  ld(hi('v6502_check'),Y)         #17 Go back to time check before dispatch
              0da7 e0f2  jmp  y,$f2       3947  jmp(Y,'v6502_check')            #18
              0da8 00f6  ld   $f6         3948  ld(-20/2)                       #19
                                          3949
                                          3950  label('v6502_lsr')
                                          3951  assert v6502_Cflag == 1
v6502_lsr:    0da9 1525  ld   [$25],y     3952  ld([v6502_ADH],Y)               #12
              0daa 0127  ld   [$27]       3953  ld([v6502_P])                   #13 Transfer bit 0 to C
              0dab 20fe  anda $fe         3954  anda(~1)                        #14
              0dac c227  st   [$27]       3955  st([v6502_P])                   #15
              0dad 0d00  ld   [y,x]       3956  ld([Y,X])                       #16
              0dae 2001  anda $01         3957  anda(1)                         #17
              0daf 4127  ora  [$27]       3958  ora([v6502_P])                  #18
              0db0 c227  st   [$27]       3959  st([v6502_P])                   #19
              0db1 00e7  ld   $e7         3960  ld('v6502_lsr#30')              #20 Shift table lookup
              0db2 c21d  st   [$1d]       3961  st([vTmp])                      #21
              0db3 0d00  ld   [y,x]       3962  ld([Y,X])                       #22
              0db4 20fe  anda $fe         3963  anda(~1)                        #23
              0db5 1405  ld   $05,y       3964  ld(hi('shiftTable'),Y)          #24
              0db6 e200  jmp  y,ac        3965  jmp(Y,AC)                       #25
              0db7 fcff  bra  $ff         3966  bra(255)                        #26 bra shiftTable+255
                                          3967
                                          3968  label('v6502_rol')
                                          3969  assert v6502_Cflag == 1
v6502_rol:    0db8 1525  ld   [$25],y     3970  ld([v6502_ADH],Y)               #12
              0db9 0d00  ld   [y,x]       3971  ld([Y,X])                       #13
              0dba 2080  anda $80         3972  anda(0x80)                      #14
              0dbb c21d  st   [$1d]       3973  st([v6502_Tmp])                 #15
              0dbc 0127  ld   [$27]       3974  ld([v6502_P])                   #16
              0dbd 2001  anda $01         3975  anda(1)                         #17
                                          3976  label('.rol#18')
.rol#18:      0dbe 8d00  adda [y,x]       3977  adda([Y,X])                     #18
              0dbf 8d00  adda [y,x]       3978  adda([Y,X])                     #19
              0dc0 ce00  st   [y,x]       3979  st([Y,X])                       #20
              0dc1 c228  st   [$28]       3980  st([v6502_Qz])                  #21 Z flag
              0dc2 c229  st   [$29]       3981  st([v6502_Qn])                  #22 N flag
              0dc3 0127  ld   [$27]       3982  ld([v6502_P])                   #23 C Flag
              0dc4 20fe  anda $fe         3983  anda(~1)                        #24
              0dc5 111d  ld   [$1d],x     3984  ld([v6502_Tmp],X)               #25
              0dc6 4500  ora  [x]         3985  ora([X])                        #26
              0dc7 c227  st   [$27]       3986  st([v6502_P])                   #27
              0dc8 140e  ld   $0e,y       3987  ld(hi('v6502_next'),Y)          #28
              0dc9 00f0  ld   $f0         3988  ld(-32/2)                       #29
              0dca e020  jmp  y,$20       3989  jmp(Y,'v6502_next')             #30
                                          3990  #nop()                          #31 Overlap
                                          3991  #
                                          3992  label('v6502_asl')
v6502_asl:    0dcb 1525  ld   [$25],y     3993  ld([v6502_ADH],Y)               #12,32
              0dcc 0d00  ld   [y,x]       3994  ld([Y,X])                       #13
              0dcd 2080  anda $80         3995  anda(0x80)                      #14
              0dce c21d  st   [$1d]       3996  st([v6502_Tmp])                 #15
              0dcf fcbe  bra  .rol#18     3997  bra('.rol#18')                  #16
              0dd0 0000  ld   $00         3998  ld(0)                           #17
                                          3999
                                          4000  label('v6502_jmp1')
v6502_jmp1:   0dd1 0200  nop              4001  nop()                           #12
              0dd2 0124  ld   [$24]       4002  ld([v6502_ADL])                 #13
              0dd3 c21a  st   [$1a]       4003  st([v6502_PCL])                 #14
              0dd4 0125  ld   [$25]       4004  ld([v6502_ADH])                 #15
              0dd5 c21b  st   [$1b]       4005  st([v6502_PCH])                 #16
              0dd6 140e  ld   $0e,y       4006  ld(hi('v6502_next'),Y)          #17
              0dd7 e020  jmp  y,$20       4007  jmp(Y,'v6502_next')             #18
              0dd8 00f6  ld   $f6         4008  ld(-20/2)                       #19
                                          4009
                                          4010  label('v6502_jmp2')
v6502_jmp2:   0dd9 0200  nop              4011  nop()                           #12
              0dda 1525  ld   [$25],y     4012  ld([v6502_ADH],Y)               #13
              0ddb 0d00  ld   [y,x]       4013  ld([Y,X])                       #14
              0ddc de00  st   [y,x++]     4014  st([Y,Xpp])                     #15 (Just X++) Wrap around: bug compatible with NMOS
              0ddd c21a  st   [$1a]       4015  st([v6502_PCL])                 #16
              0dde 0d00  ld   [y,x]       4016  ld([Y,X])                       #17
              0ddf c21b  st   [$1b]       4017  st([v6502_PCH])                 #18
              0de0 140e  ld   $0e,y       4018  ld(hi('v6502_next'),Y)          #19
              0de1 e020  jmp  y,$20       4019  jmp(Y,'v6502_next')             #20
              0de2 00f5  ld   $f5         4020  ld(-22/2)                       #21
                                          4021
                                          4022  label('v6502_pla')
v6502_pla:    0de3 011c  ld   [$1c]       4023  ld([v6502_S])                   #12
              0de4 1200  ld   ac,x        4024  ld(AC,X)                        #13
              0de5 8001  adda $01         4025  adda(1)                         #14
              0de6 c21c  st   [$1c]       4026  st([v6502_S])                   #15
              0de7 0500  ld   [x]         4027  ld([X])                         #16
              0de8 c218  st   [$18]       4028  st([v6502_A])                   #17
              0de9 c228  st   [$28]       4029  st([v6502_Qz])                  #18 Z flag
              0dea c229  st   [$29]       4030  st([v6502_Qn])                  #19 N flag
              0deb 140e  ld   $0e,y       4031  ld(hi('v6502_next'),Y)          #20
              0dec 00f4  ld   $f4         4032  ld(-24/2)                       #21
              0ded e020  jmp  y,$20       4033  jmp(Y,'v6502_next')             #22
                                          4034  #nop()                          #23 Overlap
                                          4035  #
                                          4036  label('v6502_pha')
v6502_pha:    0dee 140e  ld   $0e,y       4037  ld(hi('v6502_next'),Y)          #12,24
              0def 011c  ld   [$1c]       4038  ld([v6502_S])                   #13
              0df0 a001  suba $01         4039  suba(1)                         #14
              0df1 d21c  st   [$1c],x     4040  st([v6502_S],X)                 #15
              0df2 0118  ld   [$18]       4041  ld([v6502_A])                   #16
              0df3 c600  st   [x]         4042  st([X])                         #17
              0df4 e020  jmp  y,$20       4043  jmp(Y,'v6502_next')             #18
              0df5 00f6  ld   $f6         4044  ld(-20/2)                       #19
                                          4045
                                          4046  label('v6502_brk')
v6502_brk:    0df6 0002  ld   $02         4047  ld(hi('ENTER'))                 #12 Switch to vCPU
              0df7 c205  st   [$05]       4048  st([vCpuSelect])                #13
                                          4049  assert v6502_A == vAC
              0df8 0000  ld   $00         4050  ld(0)                           #14
              0df9 c219  st   [$19]       4051  st([vAC+1])                     #15
              0dfa 1403  ld   $03,y       4052  ld(hi('REENTER'),Y)             #16 Switch in the current time slice
              0dfb 00fb  ld   $fb         4053  ld(-22//2+v6502_adjust)         #17
              0dfc e0cb  jmp  y,$cb       4054  jmp(Y,'REENTER')                #18
              0dfd 0200  nop              4055  nop()                           #19
                                          4056
                                          4057  # All interpreter entry points must share the same page offset, because
                                          4058  # this offset is hard-coded as immediate operand in the video driver.
                                          4059  # The Gigatron's original vCPU's 'ENTER' label is already at $2ff, so we
                                          4060  # just use $dff for 'v6502_ENTER'. v6502 actually has two entry points.
                                          4061  # The other is 'v6502_RESUME' at $10ff. It is used for instructions
                                          4062  # that were fetched but not yet executed. Allowing the split gives finer
                                          4063  # granulariy, and hopefully more throughput for the simpler instructions.
                                          4064  # (There is no "overhead" for allowing instruction splitting, because
                                          4065  #  both emulation phases must administer [vTicks] anyway.)
                                          4066  while pc()&255 < 255:
              0dfe 0200  nop              4067    nop()
                                          4068  label('v6502_ENTER')
v6502_ENTER:  0dff fc22  bra  v6502_next2 4069  bra('v6502_next2')              #0 v6502 primary entry point
                                          4070  # --- Page boundary ---
              0e00 a006  suba $06         4071  suba(v6502_adjust)              #1,19 Adjust for vCPU/v6520 timing differences
                                          4072
                                          4073  #19 Addressing modes
                                          4074  (   'v6502_mode0'  ); bra('v6502_modeIZX'); bra('v6502_modeIMM'); bra('v6502_modeILL') # $00 xxx000xx
              0e01 fce0  bra  v6502_modeIZX
              0e02 fc42  bra  v6502_modeIMM
              0e03 fc58  bra  v6502_modeIMP
                                          4075  bra('v6502_modeZP');  bra('v6502_modeZP');  bra('v6502_modeZP');  bra('v6502_modeILL') # $04 xxx001xx
              0e04 fc5d  bra  v6502_modeZP
              0e05 fc5d  bra  v6502_modeZP
              0e06 fc5d  bra  v6502_modeZP
              0e07 fc58  bra  v6502_modeIMP
                                          4076  bra('v6502_modeIMP'); bra('v6502_modeIMM'); bra('v6502_modeACC'); bra('v6502_modeILL') # $08 xxx010xx
              0e08 fc58  bra  v6502_modeIMP
              0e09 fc42  bra  v6502_modeIMM
              0e0a fc52  bra  v6502_modeACC
              0e0b fc58  bra  v6502_modeIMP
                                          4077  bra('v6502_modeABS'); bra('v6502_modeABS'); bra('v6502_modeABS'); bra('v6502_modeILL') # $0c xxx011xx
              0e0c fc78  bra  v6502_modeABS
              0e0d fc78  bra  v6502_modeABS
              0e0e fc78  bra  v6502_modeABS
              0e0f fc58  bra  v6502_modeIMP
                                          4078  bra('v6502_modeREL'); bra('v6502_modeIZY'); bra('v6502_modeIMM'); bra('v6502_modeILL') # $10 xxx100xx
              0e10 fccf  bra  v6502_modeREL
              0e11 fcab  bra  v6502_modeIZY
              0e12 fc42  bra  v6502_modeIMM
              0e13 fc58  bra  v6502_modeIMP
                                          4079  bra('v6502_modeZPX'); bra('v6502_modeZPX'); bra('v6502_modeZPX'); bra('v6502_modeILL') # $14 xxx101xx
              0e14 fc5b  bra  v6502_modeZPX
              0e15 fc5b  bra  v6502_modeZPX
              0e16 fc5b  bra  v6502_modeZPX
              0e17 fc58  bra  v6502_modeIMP
                                          4080  bra('v6502_modeIMP'); bra('v6502_modeABY'); bra('v6502_modeIMP'); bra('v6502_modeILL') # $18 xxx110xx
              0e18 fc58  bra  v6502_modeIMP
              0e19 fc7b  bra  v6502_modeABY
              0e1a fc58  bra  v6502_modeIMP
              0e1b fc58  bra  v6502_modeIMP
                                          4081  bra('v6502_modeABX'); bra('v6502_modeABX'); bra('v6502_modeABX'); bra('v6502_modeILL') # $1c xxx111xx
              0e1c fc7a  bra  v6502_modeABX
              0e1d fc7a  bra  v6502_modeABX
              0e1e fc7a  bra  v6502_modeABX
              0e1f fc58  bra  v6502_modeIMP
                                          4082
                                          4083  # Special encoding cases for emulator:
                                          4084  #     $00 BRK -         but gets mapped to #$DD      handled in v6502_mode0
                                          4085  #     $20 JSR $DDDD     but gets mapped to #$DD      handled in v6502_mode0 and v6502_JSR
                                          4086  #     $40 RTI -         but gets mapped to #$DD      handled in v6502_mode0
                                          4087  #     $60 RTS -         but gets mapped to #$DD      handled in v6502_mode0
                                          4088  #     $6C JMP ($DDDD)   but gets mapped to $DDDD     handled in v6502_JMP2
                                          4089  #     $96 STX $DD,Y     but gets mapped to $DD,X     handled in v6502_STX2
                                          4090  #     $B6 LDX $DD,Y     but gets mapped to $DD,X     handled in v6502_LDX2
                                          4091  #     $BE LDX $DDDD,Y   but gets mapped to $DDDD,X   handled in v6502_modeABX
                                          4092
                                          4093  label('v6502_next')
v6502_next:   0e20 8115  adda [$15]       4094  adda([vTicks])                  #0
                                          4095  blt('v6502_exitBefore')         #1 No more ticks
              0e21 e83a  blt  v6502_exitBefore
                                          4096  label('v6502_next2')
v6502_next2:  0e22 c215  st   [$15]       4097  st([vTicks])                    #2
                                          4098  #
                                          4099  # Fetch opcode
              0e23 111a  ld   [$1a],x     4100  ld([v6502_PCL],X)               #3
              0e24 151b  ld   [$1b],y     4101  ld([v6502_PCH],Y)               #4
              0e25 0d00  ld   [y,x]       4102  ld([Y,X])                       #5 Fetch IR
              0e26 c226  st   [$26]       4103  st([v6502_IR])                  #6
              0e27 011a  ld   [$1a]       4104  ld([v6502_PCL])                 #7 PC++
              0e28 8001  adda $01         4105  adda(1)                         #8
              0e29 d21a  st   [$1a],x     4106  st([v6502_PCL],X)               #9
              0e2a f02d  beq  $0e2d       4107  beq(pc()+3)                     #10
              0e2b fc2e  bra  $0e2e       4108  bra(pc()+3)                     #11
              0e2c 0000  ld   $00         4109  ld(0)                           #12
              0e2d 0001  ld   $01         4110  ld(1)                           #12(!)
              0e2e 811b  adda [$1b]       4111  adda([v6502_PCH])               #13
              0e2f d61b  st   [$1b],y     4112  st([v6502_PCH],Y)               #14
                                          4113  #
                                          4114  # Get addressing mode and fetch operands
              0e30 0126  ld   [$26]       4115  ld([v6502_IR])                  #15 Get addressing mode
              0e31 201f  anda $1f         4116  anda(31)                        #16
              0e32 fe00  bra  ac          4117  bra(AC)                         #17
              0e33 fc34  bra  .next20     4118  bra('.next20')                  #18
                                          4119  # (jump table)                  #19
                                          4120  label('.next20')
.next20:      0e34 0d00  ld   [y,x]       4121  ld([Y,X])                       #20 Fetch L
                                          4122  # Most opcodes branch away at this point, but IR & 31 == 0 falls through
                                          4123  #
                                          4124  # Implicit Mode for  BRK JSR RTI RTS (<  0x80) -- 26 cycles
                                          4125  # Immediate Mode for LDY CPY CPX     (>= 0x80) -- 36 cycles
                                          4126  label('v6502_mode0')
v6502_mode0:  0e35 0126  ld   [$26]       4127  ld([v6502_IR])                  #21 'xxx0000'
              0e36 e845  blt  .imm24      4128  bmi('.imm24')                   #22
              0e37 011b  ld   [$1b]       4129  ld([v6502_PCH])                 #23
              0e38 fcf2  bra  v6502_check 4130  bra('v6502_check')              #24
              0e39 00f3  ld   $f3         4131  ld(-26/2)                       #25
                                          4132
                                          4133  # Resync with video driver. At this point we're returning BEFORE
                                          4134  # fetching and executing the next instruction.
                                          4135  label('v6502_exitBefore')
v6502_exitBefore:
              0e3a 8013  adda $13         4136  adda(v6502_maxTicks)            #3 Exit BEFORE fetch
              0e3b e43b  bgt  $0e3b       4137  bgt(pc()&255)                   #4 Resync
              0e3c a001  suba $01         4138  suba(1)                         #5
              0e3d 000d  ld   $0d         4139  ld(hi('v6502_ENTER'))           #6 Set entry point to before 'fetch'
              0e3e c205  st   [$05]       4140  st([vCpuSelect])                #7
              0e3f 1401  ld   $01,y       4141  ld(hi('vBlankStart'),Y)         #8
              0e40 e11e  jmp  y,[$1e]     4142  jmp(Y,[vReturn])                #9 To video driver
              0e41 0000  ld   $00         4143  ld(0)                           #10
                                          4144  assert v6502_overhead ==         11
                                          4145
                                          4146  # Immediate Mode: #$FF -- 36 cycles
                                          4147  label('v6502_modeIMM')
v6502_modeIMM:
              0e42 0200  nop              4148  nop()                           #21 Wait for v6502_mode0 to join
              0e43 0200  nop              4149  nop()                           #22
              0e44 011b  ld   [$1b]       4150  ld([v6502_PCH])                 #23 Copy PC
                                          4151  label('.imm24')
.imm24:       0e45 c225  st   [$25]       4152  st([v6502_ADH])                 #24
              0e46 011a  ld   [$1a]       4153  ld([v6502_PCL])                 #25
              0e47 d224  st   [$24],x     4154  st([v6502_ADL],X)               #26
              0e48 8001  adda $01         4155  adda(1)                         #27 PC++
              0e49 c21a  st   [$1a]       4156  st([v6502_PCL])                 #28
              0e4a f04d  beq  $0e4d       4157  beq(pc()+3)                     #29
              0e4b fc4e  bra  $0e4e       4158  bra(pc()+3)                     #30
              0e4c 0000  ld   $00         4159  ld(0)                           #31
              0e4d 0001  ld   $01         4160  ld(1)                           #31(!)
              0e4e 811b  adda [$1b]       4161  adda([v6502_PCH])               #32
              0e4f c21b  st   [$1b]       4162  st([v6502_PCH])                 #33
              0e50 fcf2  bra  v6502_check 4163  bra('v6502_check')              #34
              0e51 00ee  ld   $ee         4164  ld(-36/2)                       #35
                                          4165
                                          4166  # Accumulator Mode: ROL ROR LSL ASR -- 28 cycles
                                          4167  label('v6502_modeACC')
v6502_modeACC:
              0e52 0018  ld   $18         4168  ld(v6502_A&255)                 #21 Address of AC
              0e53 d224  st   [$24],x     4169  st([v6502_ADL],X)               #22
              0e54 0000  ld   $00         4170  ld(v6502_A>>8)                  #23
              0e55 c225  st   [$25]       4171  st([v6502_ADH])                 #24
              0e56 00f2  ld   $f2         4172  ld(-28/2)                       #25
              0e57 fcf2  bra  v6502_check 4173  bra('v6502_check')              #26
                                          4174  #nop()                          #27 Overlap
                                          4175  #
                                          4176  # Implied Mode: no operand -- 24 cycles
                                          4177  label('v6502_modeILL')
                                          4178  label('v6502_modeIMP')
v6502_modeILL:
v6502_modeIMP:
              0e58 0200  nop              4179  nop()                           #21,27
              0e59 fcf2  bra  v6502_check 4180  bra('v6502_check')              #22
              0e5a 00f4  ld   $f4         4181  ld(-24/2)                       #23
                                          4182
                                          4183  # Zero Page Modes: $DD $DD,X $DD,Y -- 36 cycles
                                          4184  label('v6502_modeZPX')
v6502_modeZPX:
              0e5b fc5f  bra  .zp23       4185  bra('.zp23')                    #21
              0e5c 812a  adda [$2a]       4186  adda([v6502_X])                 #22
                                          4187  label('v6502_modeZP')
v6502_modeZP: 0e5d fc5f  bra  .zp23       4188  bra('.zp23')                    #21
              0e5e 0200  nop              4189  nop()                           #22
                                          4190  label('.zp23')
.zp23:        0e5f d224  st   [$24],x     4191  st([v6502_ADL],X)               #23
              0e60 0000  ld   $00         4192  ld(0)                           #24 H=0
              0e61 c225  st   [$25]       4193  st([v6502_ADH])                 #25
              0e62 0001  ld   $01         4194  ld(1)                           #26 PC++
              0e63 811a  adda [$1a]       4195  adda([v6502_PCL])               #27
              0e64 c21a  st   [$1a]       4196  st([v6502_PCL])                 #28
              0e65 f068  beq  $0e68       4197  beq(pc()+3)                     #29
              0e66 fc69  bra  $0e69       4198  bra(pc()+3)                     #30
              0e67 0000  ld   $00         4199  ld(0)                           #31
              0e68 0001  ld   $01         4200  ld(1)                           #31(!)
              0e69 811b  adda [$1b]       4201  adda([v6502_PCH])               #32
              0e6a c21b  st   [$1b]       4202  st([v6502_PCH])                 #33
              0e6b fcf2  bra  v6502_check 4203  bra('v6502_check')              #34
              0e6c 00ee  ld   $ee         4204  ld(-36/2)                       #35
                                          4205
                                          4206  # Possible retry loop for modeABS and modeIZY. Because these need
                                          4207  # more time than the v6502_maxTicks of 38 Gigatron cycles, we may
                                          4208  # have to restart them after the next horizontal pulse.
                                          4209  label('.retry28')
.retry28:     0e6d f070  beq  $0e70       4210  beq(pc()+3)                     #28,37 PC--
              0e6e fc71  bra  $0e71       4211  bra(pc()+3)                     #29
              0e6f 0000  ld   $00         4212  ld(0)                           #30
              0e70 00ff  ld   $ff         4213  ld(-1)                          #30(!)
              0e71 811b  adda [$1b]       4214  adda([v6502_PCH])               #31
              0e72 c21b  st   [$1b]       4215  st([v6502_PCH])                 #32
              0e73 011a  ld   [$1a]       4216  ld([v6502_PCL])                 #33
              0e74 a001  suba $01         4217  suba(1)                         #34
              0e75 c21a  st   [$1a]       4218  st([v6502_PCL])                 #35
              0e76 fc20  bra  v6502_next  4219  bra('v6502_next')               #36 Retry until sufficient time
              0e77 00ed  ld   $ed         4220  ld(-38/2)                       #37
                                          4221
                                          4222  # Absolute Modes: $DDDD $DDDD,X $DDDD,Y -- 64 cycles
                                          4223  label('v6502_modeABS')
v6502_modeABS:
              0e78 fc7d  bra  .abs23      4224  bra('.abs23')                   #21
              0e79 0000  ld   $00         4225  ld(0)                           #22
                                          4226  label('v6502_modeABX')
v6502_modeABX:
              0e7a fc7d  bra  .abs23      4227  bra('.abs23')                   #21
                                          4228  label('v6502_modeABY')
v6502_modeABY:
              0e7b 012a  ld   [$2a]       4229  ld([v6502_X])                   #21,22
              0e7c 012b  ld   [$2b]       4230  ld([v6502_Y])                   #22
                                          4231  label('.abs23')
.abs23:       0e7d c224  st   [$24]       4232  st([v6502_ADL])                 #23
              0e7e 00f3  ld   $f3         4233  ld(-64//2+v6502_maxTicks)       #24 Is there enough time for the excess ticks?
              0e7f 8115  adda [$15]       4234  adda([vTicks])                  #25
              0e80 e86d  blt  .retry28    4235  blt('.retry28')                 #26
              0e81 011a  ld   [$1a]       4236  ld([v6502_PCL])                 #27
              0e82 0126  ld   [$26]       4237  ld([v6502_IR])                  #28 Special case $BE: LDX $DDDD,Y (we got X in ADL)
              0e83 60be  xora $be         4238  xora(0xbe)                      #29
              0e84 f087  beq  $0e87       4239  beq(pc()+3)                     #30
              0e85 fc88  bra  $0e88       4240  bra(pc()+3)                     #31
              0e86 0124  ld   [$24]       4241  ld([v6502_ADL])                 #32
              0e87 012b  ld   [$2b]       4242  ld([v6502_Y])                   #32(!)
              0e88 8d00  adda [y,x]       4243  adda([Y,X])                     #33 Fetch and add L
              0e89 c224  st   [$24]       4244  st([v6502_ADL])                 #34
              0e8a e88e  blt  .abs37      4245  bmi('.abs37')                   #35 Carry?
              0e8b ad00  suba [y,x]       4246  suba([Y,X])                     #36 Gets back original operand
              0e8c fc90  bra  .abs39      4247  bra('.abs39')                   #37
              0e8d 4d00  ora  [y,x]       4248  ora([Y,X])                      #38 Carry in bit 7
                                          4249  label('.abs37')
.abs37:       0e8e 2d00  anda [y,x]       4250  anda([Y,X])                     #37 Carry in bit 7
              0e8f 0200  nop              4251  nop()                           #38
                                          4252  label('.abs39')
.abs39:       0e90 3080  anda $80,x       4253  anda(0x80,X)                    #39 Move carry to bit 0
              0e91 0500  ld   [x]         4254  ld([X])                         #40
              0e92 c225  st   [$25]       4255  st([v6502_ADH])                 #41
              0e93 011a  ld   [$1a]       4256  ld([v6502_PCL])                 #42 PC++
              0e94 8001  adda $01         4257  adda(1)                         #43
              0e95 d21a  st   [$1a],x     4258  st([v6502_PCL],X)               #44
              0e96 f099  beq  $0e99       4259  beq(pc()+3)                     #45
              0e97 fc9a  bra  $0e9a       4260  bra(pc()+3)                     #46
              0e98 0000  ld   $00         4261  ld(0)                           #47
              0e99 0001  ld   $01         4262  ld(1)                           #47(!)
              0e9a 811b  adda [$1b]       4263  adda([v6502_PCH])               #48
              0e9b d61b  st   [$1b],y     4264  st([v6502_PCH],Y)               #49
              0e9c 0d00  ld   [y,x]       4265  ld([Y,X])                       #50 Fetch H
              0e9d 8125  adda [$25]       4266  adda([v6502_ADH])               #51
              0e9e c225  st   [$25]       4267  st([v6502_ADH])                 #52
              0e9f 011a  ld   [$1a]       4268  ld([v6502_PCL])                 #53 PC++
              0ea0 8001  adda $01         4269  adda(1)                         #54
              0ea1 c21a  st   [$1a]       4270  st([v6502_PCL])                 #55
              0ea2 f0a5  beq  $0ea5       4271  beq(pc()+3)                     #56
              0ea3 fca6  bra  $0ea6       4272  bra(pc()+3)                     #57
              0ea4 0000  ld   $00         4273  ld(0)                           #58
              0ea5 0001  ld   $01         4274  ld(1)                           #58(!)
              0ea6 811b  adda [$1b]       4275  adda([v6502_PCH])               #59
              0ea7 c21b  st   [$1b]       4276  st([v6502_PCH])                 #60
              0ea8 1124  ld   [$24],x     4277  ld([v6502_ADL],X)               #61
              0ea9 fcf2  bra  v6502_check 4278  bra('v6502_check')              #62
              0eaa 00e0  ld   $e0         4279  ld(-64/2)                       #63
                                          4280
                                          4281  # Indirect Indexed Mode: ($DD),Y -- 54 cycles
                                          4282  label('v6502_modeIZY')
v6502_modeIZY:
              0eab 1200  ld   ac,x        4283  ld(AC,X)                        #21 $DD
              0eac 1400  ld   $00,y       4284  ld(0,Y)                         #22 $00DD
              0ead 00f8  ld   $f8         4285  ld(-54//2+v6502_maxTicks)       #23 Is there enough time for the excess ticks?
              0eae 8115  adda [$15]       4286  adda([vTicks])                  #24
              0eaf 0200  nop              4287  nop()                           #25
              0eb0 e86d  blt  .retry28    4288  blt('.retry28')                 #26
              0eb1 011a  ld   [$1a]       4289  ld([v6502_PCL])                 #27
              0eb2 8001  adda $01         4290  adda(1)                         #28 PC++
              0eb3 c21a  st   [$1a]       4291  st([v6502_PCL])                 #29
              0eb4 f0b7  beq  $0eb7       4292  beq(pc()+3)                     #30
              0eb5 fcb8  bra  $0eb8       4293  bra(pc()+3)                     #31
              0eb6 0000  ld   $00         4294  ld(0)                           #32
              0eb7 0001  ld   $01         4295  ld(1)                           #32(!)
              0eb8 811b  adda [$1b]       4296  adda([v6502_PCH])               #33
              0eb9 c21b  st   [$1b]       4297  st([v6502_PCH])                 #34
              0eba 0d00  ld   [y,x]       4298  ld([Y,X])                       #35 Read word from zero-page
              0ebb de00  st   [y,x++]     4299  st([Y,Xpp])                     #36 (Just X++) Wrap-around is correct
              0ebc c224  st   [$24]       4300  st([v6502_ADL])                 #37
              0ebd 0d00  ld   [y,x]       4301  ld([Y,X])                       #38
              0ebe c225  st   [$25]       4302  st([v6502_ADH])                 #39
              0ebf 012b  ld   [$2b]       4303  ld([v6502_Y])                   #40 Add Y
              0ec0 8124  adda [$24]       4304  adda([v6502_ADL])               #41
              0ec1 c224  st   [$24]       4305  st([v6502_ADL])                 #42
              0ec2 e8c6  blt  .izy45      4306  bmi('.izy45')                   #43 Carry?
              0ec3 a12b  suba [$2b]       4307  suba([v6502_Y])                 #44 Gets back original operand
              0ec4 fcc8  bra  .izy47      4308  bra('.izy47')                   #45
              0ec5 412b  ora  [$2b]       4309  ora([v6502_Y])                  #46 Carry in bit 7
                                          4310  label('.izy45')
.izy45:       0ec6 212b  anda [$2b]       4311  anda([v6502_Y])                 #45 Carry in bit 7
              0ec7 0200  nop              4312  nop()                           #46
                                          4313  label('.izy47')
.izy47:       0ec8 3080  anda $80,x       4314  anda(0x80,X)                    #47 Move carry to bit 0
              0ec9 0500  ld   [x]         4315  ld([X])                         #48
              0eca 8125  adda [$25]       4316  adda([v6502_ADH])               #49
              0ecb c225  st   [$25]       4317  st([v6502_ADH])                 #50
              0ecc 1124  ld   [$24],x     4318  ld([v6502_ADL],X)               #51
              0ecd fcf2  bra  v6502_check 4319  bra('v6502_check')              #52
              0ece 00e5  ld   $e5         4320  ld(-54/2)                       #53
                                          4321
                                          4322  # Relative Mode: BEQ BNE BPL BMI BCC BCS BVC BVS -- 36 cycles
                                          4323  label('v6502_modeREL')
v6502_modeREL:
              0ecf d224  st   [$24],x     4324  st([v6502_ADL],X)               #21 Offset (Only needed for branch)
              0ed0 e8d3  blt  $0ed3       4325  bmi(pc()+3)                     #22 Sign extend
              0ed1 fcd4  bra  $0ed4       4326  bra(pc()+3)                     #23
              0ed2 0000  ld   $00         4327  ld(0)                           #24
              0ed3 00ff  ld   $ff         4328  ld(255)                         #24(!)
              0ed4 c225  st   [$25]       4329  st([v6502_ADH])                 #25
              0ed5 011a  ld   [$1a]       4330  ld([v6502_PCL])                 #26 PC++ (Needed for both cases)
              0ed6 8001  adda $01         4331  adda(1)                         #27
              0ed7 c21a  st   [$1a]       4332  st([v6502_PCL])                 #28
              0ed8 f0db  beq  $0edb       4333  beq(pc()+3)                     #29
              0ed9 fcdc  bra  $0edc       4334  bra(pc()+3)                     #30
              0eda 0000  ld   $00         4335  ld(0)                           #31
              0edb 0001  ld   $01         4336  ld(1)                           #31(!)
              0edc 811b  adda [$1b]       4337  adda([v6502_PCH])               #32
              0edd c21b  st   [$1b]       4338  st([v6502_PCH])                 #33
              0ede fcf2  bra  v6502_check 4339  bra('v6502_check')              #34
              0edf 00ee  ld   $ee         4340  ld(-36/2)                       #53
                                          4341
                                          4342  # Indexed Indirect Mode: ($DD,X) -- 38 cycles
                                          4343  label('v6502_modeIZX')
v6502_modeIZX:
              0ee0 812a  adda [$2a]       4344  adda([v6502_X])                 #21 Add X
              0ee1 c21d  st   [$1d]       4345  st([v6502_Tmp])                 #22
              0ee2 9001  adda $01,x       4346  adda(1,X)                       #23 Read word from zero-page
              0ee3 0500  ld   [x]         4347  ld([X])                         #24
              0ee4 c225  st   [$25]       4348  st([v6502_ADH])                 #25
              0ee5 111d  ld   [$1d],x     4349  ld([v6502_Tmp],X)               #26
              0ee6 0500  ld   [x]         4350  ld([X])                         #27
              0ee7 d224  st   [$24],x     4351  st([v6502_ADL],X)               #28
              0ee8 011a  ld   [$1a]       4352  ld([v6502_PCL])                 #29 PC++
              0ee9 8001  adda $01         4353  adda(1)                         #30
              0eea c21a  st   [$1a]       4354  st([v6502_PCL])                 #31
              0eeb f0ee  beq  $0eee       4355  beq(pc()+3)                     #32
              0eec fcef  bra  $0eef       4356  bra(pc()+3)                     #33
              0eed 0000  ld   $00         4357  ld(0)                           #34
              0eee 0001  ld   $01         4358  ld(1)                           #34(!)
              0eef 811b  adda [$1b]       4359  adda([v6502_PCH])               #35
              0ef0 c21b  st   [$1b]       4360  st([v6502_PCH])                 #36
              0ef1 00ed  ld   $ed         4361  ld(-38/2)                       #37 !!! Fall through to v6502_check !!!
                                          4362  #
                                          4363  # Update elapsed time for the addressing mode processing.
                                          4364  # Then check if we can immediately execute this instruction.
                                          4365  # Otherwise transfer control to the video driver.
                                          4366  label('v6502_check')
v6502_check:  0ef2 8115  adda [$15]       4367  adda([vTicks])                  #0
                                          4368  blt('v6502_exitAfter')          #1 No more ticks
              0ef3 e8f8  blt  v6502_exitAfter
              0ef4 c215  st   [$15]       4369  st([vTicks])                    #2
              0ef5 140f  ld   $0f,y       4370  ld(hi('v6502_execute'),Y)       #3
              0ef6 e126  jmp  y,[$26]     4371  jmp(Y,[v6502_IR])               #4
              0ef7 fcff  bra  $ff         4372  bra(255)                        #5
                                          4373
                                          4374  # Otherwise resync with video driver. At this point we're returning AFTER
                                          4375  # addressing mode decoding, but before executing the instruction.
                                          4376  label('v6502_exitAfter')
v6502_exitAfter:
              0ef8 8013  adda $13         4377  adda(v6502_maxTicks)            #3 Exit AFTER fetch
              0ef9 e4f9  bgt  $0ef9       4378  bgt(pc()&255)                   #4 Resync
              0efa a001  suba $01         4379  suba(1)                         #5
              0efb 0010  ld   $10         4380  ld(hi('v6502_RESUME'))          #6 Set entry point to before 'execute'
              0efc c205  st   [$05]       4381  st([vCpuSelect])                #7
              0efd 1401  ld   $01,y       4382  ld(hi('vBlankStart'),Y)         #8
              0efe e11e  jmp  y,[$1e]     4383  jmp(Y,[vReturn])                #9 To video driver
              0eff 0000  ld   $00         4384  ld(0)                           #10
                                          4385  assert v6502_overhead ==         11
                                          4386
                                          4387  align(0x100,size=0x100)
                                          4388  label('v6502_execute')
                                          4389  # This page works as a 255-entry (0..254) jump table for 6502 opcodes.
                                          4390  # Jumping into this page must have 'bra 255' in the branch delay slot
                                          4391  # in order to get out again and dispatch to the right continuation.
                                          4392  # X must hold [v6502_ADL],
                                          4393  # Y will hold hi('v6502_execute'),
                                          4394  # A will be loaded with the code offset (this is skipped at offset $ff)
v6502_execute:
              0f00 00fd  ld   $fd         4395  ld('v6502_BRK'); ld('v6502_ORA'); ld('v6502_ILL'); ld('v6502_ILL') #6 $00
              0f01 0089  ld   $89
              0f02 00fd  ld   $fd
              0f03 00fd  ld   $fd
              0f04 00fd  ld   $fd         4396  ld('v6502_ILL'); ld('v6502_ORA'); ld('v6502_ASL'); ld('v6502_ILL') #6
              0f05 0089  ld   $89
              0f06 00f1  ld   $f1
              0f07 00fd  ld   $fd
              0f08 00f3  ld   $f3         4397  ld('v6502_PHP'); ld('v6502_ORA'); ld('v6502_ASL'); ld('v6502_ILL') #6
              0f09 0089  ld   $89
              0f0a 00f1  ld   $f1
              0f0b 00fd  ld   $fd
              0f0c 00fd  ld   $fd         4398  ld('v6502_ILL'); ld('v6502_ORA'); ld('v6502_ASL'); ld('v6502_ILL') #6
              0f0d 0089  ld   $89
              0f0e 00f1  ld   $f1
              0f0f 00fd  ld   $fd
              0f10 003f  ld   $3f         4399  ld('v6502_BPL'); ld('v6502_ORA'); ld('v6502_ILL'); ld('v6502_ILL') #6 $10
              0f11 0089  ld   $89
              0f12 00fd  ld   $fd
              0f13 00fd  ld   $fd
              0f14 00fd  ld   $fd         4400  ld('v6502_ILL'); ld('v6502_ORA'); ld('v6502_ASL'); ld('v6502_ILL') #6
              0f15 0089  ld   $89
              0f16 00f1  ld   $f1
              0f17 00fd  ld   $fd
              0f18 0036  ld   $36         4401  ld('v6502_CLC'); ld('v6502_ORA'); ld('v6502_ILL'); ld('v6502_ILL') #6
              0f19 0089  ld   $89
              0f1a 00fd  ld   $fd
              0f1b 00fd  ld   $fd
              0f1c 00fd  ld   $fd         4402  ld('v6502_ILL'); ld('v6502_ORA'); ld('v6502_ASL'); ld('v6502_ILL') #6
              0f1d 0089  ld   $89
              0f1e 00f1  ld   $f1
              0f1f 00fd  ld   $fd
              0f20 009a  ld   $9a         4403  ld('v6502_JSR'); ld('v6502_AND'); ld('v6502_ILL'); ld('v6502_ILL') #6 $20
              0f21 0085  ld   $85
              0f22 00fd  ld   $fd
              0f23 00fd  ld   $fd
              0f24 00f5  ld   $f5         4404  ld('v6502_BIT'); ld('v6502_AND'); ld('v6502_ROL'); ld('v6502_ILL') #6
              0f25 0085  ld   $85
              0f26 00f7  ld   $f7
              0f27 00fd  ld   $fd
              0f28 00f9  ld   $f9         4405  ld('v6502_PLP'); ld('v6502_AND'); ld('v6502_ROL'); ld('v6502_ILL') #6
              0f29 0085  ld   $85
              0f2a 00f7  ld   $f7
              0f2b 00fd  ld   $fd
              0f2c 00f5  ld   $f5         4406  ld('v6502_BIT'); ld('v6502_AND'); ld('v6502_ROL'); ld('v6502_ILL') #6
              0f2d 0085  ld   $85
              0f2e 00f7  ld   $f7
              0f2f 00fd  ld   $fd
              0f30 0042  ld   $42         4407  ld('v6502_BMI'); ld('v6502_AND'); ld('v6502_ILL'); ld('v6502_ILL') #6 $30
              0f31 0085  ld   $85
              0f32 00fd  ld   $fd
              0f33 00fd  ld   $fd
              0f34 00fd  ld   $fd         4408  ld('v6502_ILL'); ld('v6502_AND'); ld('v6502_ROL'); ld('v6502_ILL') #6
              0f35 0085  ld   $85
              0f36 00f7  ld   $f7
              0f37 00fd  ld   $fd
              0f38 0038  ld   $38         4409  ld('v6502_SEC'); ld('v6502_AND'); ld('v6502_ILL'); ld('v6502_ILL') #6
              0f39 0085  ld   $85
              0f3a 00fd  ld   $fd
              0f3b 00fd  ld   $fd
              0f3c 00fd  ld   $fd         4410  ld('v6502_ILL'); ld('v6502_AND'); ld('v6502_ROL'); ld('v6502_ILL') #6
              0f3d 0085  ld   $85
              0f3e 00f7  ld   $f7
              0f3f 00fd  ld   $fd
              0f40 00d3  ld   $d3         4411  ld('v6502_RTI'); ld('v6502_EOR'); ld('v6502_ILL'); ld('v6502_ILL') #6 $40
              0f41 008c  ld   $8c
              0f42 00fd  ld   $fd
              0f43 00fd  ld   $fd
              0f44 00fd  ld   $fd         4412  ld('v6502_ILL'); ld('v6502_EOR'); ld('v6502_LSR'); ld('v6502_ILL') #6
              0f45 008c  ld   $8c
              0f46 00d7  ld   $d7
              0f47 00fd  ld   $fd
              0f48 00d9  ld   $d9         4413  ld('v6502_PHA'); ld('v6502_EOR'); ld('v6502_LSR'); ld('v6502_ILL') #6
              0f49 008c  ld   $8c
              0f4a 00d7  ld   $d7
              0f4b 00fd  ld   $fd
              0f4c 0096  ld   $96         4414  ld('v6502_JMP1');ld('v6502_EOR'); ld('v6502_LSR'); ld('v6502_ILL') #6
              0f4d 008c  ld   $8c
              0f4e 00d7  ld   $d7
              0f4f 00fd  ld   $fd
              0f50 0045  ld   $45         4415  ld('v6502_BVC'); ld('v6502_EOR'); ld('v6502_ILL'); ld('v6502_ILL') #6 $50
              0f51 008c  ld   $8c
              0f52 00fd  ld   $fd
              0f53 00fd  ld   $fd
              0f54 00fd  ld   $fd         4416  ld('v6502_ILL'); ld('v6502_EOR'); ld('v6502_LSR'); ld('v6502_ILL') #6
              0f55 008c  ld   $8c
              0f56 00d7  ld   $d7
              0f57 00fd  ld   $fd
              0f58 00db  ld   $db         4417  ld('v6502_CLI'); ld('v6502_EOR'); ld('v6502_ILL'); ld('v6502_ILL') #6
              0f59 008c  ld   $8c
              0f5a 00fd  ld   $fd
              0f5b 00fd  ld   $fd
              0f5c 00fd  ld   $fd         4418  ld('v6502_ILL'); ld('v6502_EOR'); ld('v6502_LSR'); ld('v6502_ILL') #6
              0f5d 008c  ld   $8c
              0f5e 00d7  ld   $d7
              0f5f 00fd  ld   $fd
              0f60 00dd  ld   $dd         4419  ld('v6502_RTS'); ld('v6502_ADC'); ld('v6502_ILL'); ld('v6502_ILL') #6 $60
              0f61 0001  ld   $01
              0f62 00fd  ld   $fd
              0f63 00fd  ld   $fd
              0f64 00fd  ld   $fd         4420  ld('v6502_ILL'); ld('v6502_ADC'); ld('v6502_ROR'); ld('v6502_ILL') #6
              0f65 0001  ld   $01
              0f66 00d5  ld   $d5
              0f67 00fd  ld   $fd
              0f68 00df  ld   $df         4421  ld('v6502_PLA'); ld('v6502_ADC'); ld('v6502_ROR'); ld('v6502_ILL') #6
              0f69 0001  ld   $01
              0f6a 00d5  ld   $d5
              0f6b 00fd  ld   $fd
              0f6c 0098  ld   $98         4422  ld('v6502_JMP2');ld('v6502_ADC'); ld('v6502_ROR'); ld('v6502_ILL') #6
              0f6d 0001  ld   $01
              0f6e 00d5  ld   $d5
              0f6f 00fd  ld   $fd
              0f70 0049  ld   $49         4423  ld('v6502_BVS'); ld('v6502_ADC'); ld('v6502_ILL'); ld('v6502_ILL') #6 $70
              0f71 0001  ld   $01
              0f72 00fd  ld   $fd
              0f73 00fd  ld   $fd
              0f74 00fd  ld   $fd         4424  ld('v6502_ILL'); ld('v6502_ADC'); ld('v6502_ROR'); ld('v6502_ILL') #6
              0f75 0001  ld   $01
              0f76 00d5  ld   $d5
              0f77 00fd  ld   $fd
              0f78 00e1  ld   $e1         4425  ld('v6502_SEI'); ld('v6502_ADC'); ld('v6502_ILL'); ld('v6502_ILL') #6
              0f79 0001  ld   $01
              0f7a 00fd  ld   $fd
              0f7b 00fd  ld   $fd
              0f7c 00fd  ld   $fd         4426  ld('v6502_ILL'); ld('v6502_ADC'); ld('v6502_ROR'); ld('v6502_ILL') #6
              0f7d 0001  ld   $01
              0f7e 00d5  ld   $d5
              0f7f 00fd  ld   $fd
              0f80 00fd  ld   $fd         4427  ld('v6502_ILL'); ld('v6502_STA'); ld('v6502_ILL'); ld('v6502_ILL') #6 $80
              0f81 00c1  ld   $c1
              0f82 00fd  ld   $fd
              0f83 00fd  ld   $fd
              0f84 00c7  ld   $c7         4428  ld('v6502_STY'); ld('v6502_STA'); ld('v6502_STX'); ld('v6502_ILL') #6
              0f85 00c1  ld   $c1
              0f86 00c3  ld   $c3
              0f87 00fd  ld   $fd
              0f88 007f  ld   $7f         4429  ld('v6502_DEY'); ld('v6502_ILL'); ld('v6502_TXA'); ld('v6502_ILL') #6
              0f89 00fd  ld   $fd
              0f8a 00cd  ld   $cd
              0f8b 00fd  ld   $fd
              0f8c 00c7  ld   $c7         4430  ld('v6502_STY'); ld('v6502_STA'); ld('v6502_STX'); ld('v6502_ILL') #6
              0f8d 00c1  ld   $c1
              0f8e 00c3  ld   $c3
              0f8f 00fd  ld   $fd
              0f90 004d  ld   $4d         4431  ld('v6502_BCC'); ld('v6502_STA'); ld('v6502_ILL'); ld('v6502_ILL') #6 $90
              0f91 00c1  ld   $c1
              0f92 00fd  ld   $fd
              0f93 00fd  ld   $fd
              0f94 00c7  ld   $c7         4432  ld('v6502_STY'); ld('v6502_STA'); ld('v6502_STX2');ld('v6502_ILL') #6
              0f95 00c1  ld   $c1
              0f96 00c5  ld   $c5
              0f97 00fd  ld   $fd
              0f98 00cf  ld   $cf         4433  ld('v6502_TYA'); ld('v6502_STA'); ld('v6502_TXS'); ld('v6502_ILL') #6
              0f99 00c1  ld   $c1
              0f9a 00e3  ld   $e3
              0f9b 00fd  ld   $fd
              0f9c 00fd  ld   $fd         4434  ld('v6502_ILL'); ld('v6502_STA'); ld('v6502_ILL'); ld('v6502_ILL') #6
              0f9d 00c1  ld   $c1
              0f9e 00fd  ld   $fd
              0f9f 00fd  ld   $fd
              0fa0 00bf  ld   $bf         4435  ld('v6502_LDY'); ld('v6502_LDA'); ld('v6502_LDX'); ld('v6502_ILL') #6 $A0
              0fa1 00b9  ld   $b9
              0fa2 00bb  ld   $bb
              0fa3 00fd  ld   $fd
              0fa4 00bf  ld   $bf         4436  ld('v6502_LDY'); ld('v6502_LDA'); ld('v6502_LDX'); ld('v6502_ILL') #6
              0fa5 00b9  ld   $b9
              0fa6 00bb  ld   $bb
              0fa7 00fd  ld   $fd
              0fa8 00cb  ld   $cb         4437  ld('v6502_TAY'); ld('v6502_LDA'); ld('v6502_TAX'); ld('v6502_ILL') #6
              0fa9 00b9  ld   $b9
              0faa 00c9  ld   $c9
              0fab 00fd  ld   $fd
              0fac 00bf  ld   $bf         4438  ld('v6502_LDY'); ld('v6502_LDA'); ld('v6502_LDX'); ld('v6502_ILL') #6
              0fad 00b9  ld   $b9
              0fae 00bb  ld   $bb
              0faf 00fd  ld   $fd
              0fb0 0051  ld   $51         4439  ld('v6502_BCS'); ld('v6502_LDA'); ld('v6502_ILL'); ld('v6502_ILL') #6 $B0
              0fb1 00b9  ld   $b9
              0fb2 00fd  ld   $fd
              0fb3 00fd  ld   $fd
              0fb4 00bf  ld   $bf         4440  ld('v6502_LDY'); ld('v6502_LDA'); ld('v6502_LDX2');ld('v6502_ILL') #6
              0fb5 00b9  ld   $b9
              0fb6 00bd  ld   $bd
              0fb7 00fd  ld   $fd
              0fb8 00d1  ld   $d1         4441  ld('v6502_CLV'); ld('v6502_LDA'); ld('v6502_TSX'); ld('v6502_ILL') #6
              0fb9 00b9  ld   $b9
              0fba 00e5  ld   $e5
              0fbb 00fd  ld   $fd
              0fbc 00bf  ld   $bf         4442  ld('v6502_LDY'); ld('v6502_LDA'); ld('v6502_LDX'); ld('v6502_ILL') #6
              0fbd 00b9  ld   $b9
              0fbe 00bb  ld   $bb
              0fbf 00fd  ld   $fd
              0fc0 00e7  ld   $e7         4443  ld('v6502_CPY'); ld('v6502_CMP'); ld('v6502_ILL'); ld('v6502_ILL') #6 $C0
              0fc1 00e9  ld   $e9
              0fc2 00fd  ld   $fd
              0fc3 00fd  ld   $fd
              0fc4 00e7  ld   $e7         4444  ld('v6502_CPY'); ld('v6502_CMP'); ld('v6502_DEC'); ld('v6502_ILL') #6
              0fc5 00e9  ld   $e9
              0fc6 00eb  ld   $eb
              0fc7 00fd  ld   $fd
              0fc8 007b  ld   $7b         4445  ld('v6502_INY'); ld('v6502_CMP'); ld('v6502_DEX'); ld('v6502_ILL') #6
              0fc9 00e9  ld   $e9
              0fca 0077  ld   $77
              0fcb 00fd  ld   $fd
              0fcc 00e7  ld   $e7         4446  ld('v6502_CPY'); ld('v6502_CMP'); ld('v6502_DEC'); ld('v6502_ILL') #6
              0fcd 00e9  ld   $e9
              0fce 00eb  ld   $eb
              0fcf 00fd  ld   $fd
              0fd0 0055  ld   $55         4447  ld('v6502_BNE'); ld('v6502_CMP'); ld('v6502_ILL'); ld('v6502_ILL') #6 $D0
              0fd1 00e9  ld   $e9
              0fd2 00fd  ld   $fd
              0fd3 00fd  ld   $fd
              0fd4 00fd  ld   $fd         4448  ld('v6502_ILL'); ld('v6502_CMP'); ld('v6502_DEC'); ld('v6502_ILL') #6
              0fd5 00e9  ld   $e9
              0fd6 00eb  ld   $eb
              0fd7 00fd  ld   $fd
              0fd8 00ed  ld   $ed         4449  ld('v6502_CLD'); ld('v6502_CMP'); ld('v6502_ILL'); ld('v6502_ILL') #6
              0fd9 00e9  ld   $e9
              0fda 00fd  ld   $fd
              0fdb 00fd  ld   $fd
              0fdc 00fd  ld   $fd         4450  ld('v6502_ILL'); ld('v6502_CMP'); ld('v6502_DEC'); ld('v6502_ILL') #6
              0fdd 00e9  ld   $e9
              0fde 00eb  ld   $eb
              0fdf 00fd  ld   $fd
              0fe0 00ef  ld   $ef         4451  ld('v6502_CPX'); ld('v6502_SBC'); ld('v6502_ILL'); ld('v6502_ILL') #6 $E0
              0fe1 0029  ld   $29
              0fe2 00fd  ld   $fd
              0fe3 00fd  ld   $fd
              0fe4 00ef  ld   $ef         4452  ld('v6502_CPX'); ld('v6502_SBC'); ld('v6502_INC'); ld('v6502_ILL') #6
              0fe5 0029  ld   $29
              0fe6 00b7  ld   $b7
              0fe7 00fd  ld   $fd
              0fe8 006c  ld   $6c         4453  ld('v6502_INX'); ld('v6502_SBC'); ld('v6502_NOP'); ld('v6502_ILL') #6
              0fe9 0029  ld   $29
              0fea 0083  ld   $83
              0feb 00fd  ld   $fd
              0fec 00ef  ld   $ef         4454  ld('v6502_CPX'); ld('v6502_SBC'); ld('v6502_INC'); ld('v6502_ILL') #6
              0fed 0029  ld   $29
              0fee 00b7  ld   $b7
              0fef 00fd  ld   $fd
              0ff0 0058  ld   $58         4455  ld('v6502_BEQ'); ld('v6502_SBC'); ld('v6502_ILL'); ld('v6502_ILL') #6 $F0
              0ff1 0029  ld   $29
              0ff2 00fd  ld   $fd
              0ff3 00fd  ld   $fd
              0ff4 00fd  ld   $fd         4456  ld('v6502_ILL'); ld('v6502_SBC'); ld('v6502_INC'); ld('v6502_ILL') #6
              0ff5 0029  ld   $29
              0ff6 00b7  ld   $b7
              0ff7 00fd  ld   $fd
              0ff8 00fb  ld   $fb         4457  ld('v6502_SED'); ld('v6502_SBC'); ld('v6502_ILL'); ld('v6502_ILL') #6
              0ff9 0029  ld   $29
              0ffa 00fd  ld   $fd
              0ffb 00fd  ld   $fd
              0ffc 00fd  ld   $fd         4458  ld('v6502_ILL'); ld('v6502_SBC'); ld('v6502_INC')                  #6
              0ffd 0029  ld   $29
              0ffe 00b7  ld   $b7
              0fff fe00  bra  ac          4459  bra(AC)                         #6,7 Dispatch into next page
                                          4460  # --- Page boundary ---
                                          4461  align(0x100,size=0x100)
              1000 140e  ld   $0e,y       4462  ld(hi('v6502_next'),Y)          #8 Handy for instructions that don't clobber Y
                                          4463
                                          4464  label('v6502_ADC')
                                          4465  assert pc()&255 == 1
                                          4466  assert v6502_Cflag == 1
                                          4467  assert v6502_Vemu == 128
v6502_ADC:    1001 1525  ld   [$25],y     4468  ld([v6502_ADH],Y)               #9 Must be at page offset 1, so A=1
              1002 2127  anda [$27]       4469  anda([v6502_P])                 #10 Carry in (AC=1 because lo('v6502_ADC')=1)
              1003 8118  adda [$18]       4470  adda([v6502_A])                 #11 Sum
              1004 f020  beq  .adc14      4471  beq('.adc14')                   #12 Danger zone for dropping a carry
              1005 8d00  adda [y,x]       4472  adda([Y,X])                     #13
              1006 c228  st   [$28]       4473  st([v6502_Qz])                  #14 Z flag, don't overwrite left-hand side (A) yet
              1007 c229  st   [$29]       4474  st([v6502_Qn])                  #15 N flag
              1008 6118  xora [$18]       4475  xora([v6502_A])                 #16 V flag, (Q^A) & (B^Q) & 0x80
              1009 c218  st   [$18]       4476  st([v6502_A])                   #17
              100a 0d00  ld   [y,x]       4477  ld([Y,X])                       #18
              100b 6128  xora [$28]       4478  xora([v6502_Qz])                #19
              100c 2118  anda [$18]       4479  anda([v6502_A])                 #20
              100d 2080  anda $80         4480  anda(0x80)                      #21
              100e c21d  st   [$1d]       4481  st([v6502_Tmp])                 #22
              100f 0128  ld   [$28]       4482  ld([v6502_Qz])                  #23 Update A
              1010 c218  st   [$18]       4483  st([v6502_A])                   #24
              1011 e815  blt  .adc27      4484  bmi('.adc27')                   #25 C flag
              1012 ad00  suba [y,x]       4485  suba([Y,X])                     #26
              1013 fc17  bra  .adc29      4486  bra('.adc29')                   #27
              1014 4d00  ora  [y,x]       4487  ora([Y,X])                      #28
                                          4488  label('.adc27')
.adc27:       1015 2d00  anda [y,x]       4489  anda([Y,X])                     #27
              1016 0200  nop              4490  nop()                           #28
                                          4491  label('.adc29')
.adc29:       1017 3080  anda $80,x       4492  anda(0x80,X)                    #29
              1018 0127  ld   [$27]       4493  ld([v6502_P])                   #30 Update P
              1019 207e  anda $7e         4494  anda(~v6502_Vemu&~v6502_Cflag)  #31
              101a 4500  ora  [x]         4495  ora([X])                        #32
              101b 411d  ora  [$1d]       4496  ora([v6502_Tmp])                #33
              101c c227  st   [$27]       4497  st([v6502_P])                   #34
              101d 140e  ld   $0e,y       4498  ld(hi('v6502_next'),Y)          #35
              101e e020  jmp  y,$20       4499  jmp(Y,'v6502_next')             #36
              101f 00ed  ld   $ed         4500  ld(-38/2)                       #37
                                          4501  # Cin=1, A=$FF, B=$DD --> Result=$DD, Cout=1, V=0
                                          4502  # Cin=0, A=$00, B=$DD --> Result=$DD, Cout=0, V=0
                                          4503  label('.adc14')
.adc14:       1020 c218  st   [$18]       4504  st([v6502_A])                   #14 Special case
              1021 c228  st   [$28]       4505  st([v6502_Qz])                  #15 Z flag
              1022 c229  st   [$29]       4506  st([v6502_Qn])                  #16 N flag
              1023 0127  ld   [$27]       4507  ld([v6502_P])                   #17
              1024 207f  anda $7f         4508  anda(0x7f)                      #18 V=0, keep C
              1025 c227  st   [$27]       4509  st([v6502_P])                   #19
              1026 140e  ld   $0e,y       4510  ld(hi('v6502_next'),Y)          #20
              1027 00f4  ld   $f4         4511  ld(-24/2)                       #21
              1028 e020  jmp  y,$20       4512  jmp(Y,'v6502_next')             #22
                                          4513  #nop()                          #23 Overlap
                                          4514  #
                                          4515  label('v6502_SBC')
                                          4516  # No matter how hard we try, v6502_SBC always comes out a lot clumsier
                                          4517  # than v6502_ADC. And that one already barely fits in 38 cycles and is
                                          4518  # hard to follow. So we use a hack: transmorph our SBC into an ADC with
                                          4519  # inverted operand, and then dispatch again. Simple and effective.
v6502_SBC:    1029 1525  ld   [$25],y     4520  ld([v6502_ADH],Y)               #9,24
              102a 0d00  ld   [y,x]       4521  ld([Y,X])                       #10
              102b 60ff  xora $ff         4522  xora(255)                       #11 Invert right-hand side operand
              102c c219  st   [$19]       4523  st([v6502_BI])                  #12 Park modified operand for v6502_ADC
              102d 0019  ld   $19         4524  ld(v6502_BI&255)                #13 Address of BI
              102e d224  st   [$24],x     4525  st([v6502_ADL],X)               #14
              102f 0000  ld   $00         4526  ld(v6502_BI>>8)                 #15
              1030 c225  st   [$25]       4527  st([v6502_ADH])                 #16
              1031 0069  ld   $69         4528  ld(0x69)                        #17 ADC #$xx (Any ADC opcode will do)
              1032 c226  st   [$26]       4529  st([v6502_IR])                  #18
              1033 140e  ld   $0e,y       4530  ld(hi('v6502_check'),Y)         #20 Go back to time check before dispatch
              1034 e0f2  jmp  y,$f2       4531  jmp(Y,'v6502_check')            #20
              1035 00f5  ld   $f5         4532  ld(-22/2)                       #21
                                          4533
                                          4534  # Carry calculation table
                                          4535  #   L7 R7 C7   RX UC SC
                                          4536  #   -- -- -- | -- -- --
                                          4537  #    0  0  0 |  0  0  0
                                          4538  #    0  0  1 |  0  0  0
                                          4539  #    1  0  0 |  0  1 +1
                                          4540  #    1  0  1 |  0  0  0
                                          4541  #    0  1  0 | -1  1  0
                                          4542  #    0  1  1 | -1  0 -1
                                          4543  #    1  1  0 | -1  1  0
                                          4544  #    1  1  1 | -1  1  0
                                          4545  #   -- -- -- | -- -- --
                                          4546  #    ^  ^  ^    ^  ^  ^
                                          4547  #    |  |  |    |  |  `--- Carry of unsigned L + signed R: SC = RX + UC
                                          4548  #    |  |  |    |  `----- Carry of unsigned L + unsigned R: UC = C7 ? L7&R7 : L7|R7
                                          4549  #    |  |  |    `------- Sign extension of signed R
                                          4550  #    |  |  `--------- MSB of unextended L + R
                                          4551  #    |  `----------- MSB of right operand R
                                          4552  #    `------------- MSB of left operand L
                                          4553
                                          4554  label('v6502_CLC')
v6502_CLC:    1036 0127  ld   [$27]       4555  ld([v6502_P])                   #9
              1037 fc3b  bra  .sec12      4556  bra('.sec12')                   #10
                                          4557  label('v6502_SEC')
v6502_SEC:    1038 20fe  anda $fe         4558  anda(~v6502_Cflag)              #9,11 Overlap
              1039 0127  ld   [$27]       4559  ld([v6502_P])                   #10
              103a 4001  ora  $01         4560  ora(v6502_Cflag)                #11
                                          4561  label('.sec12')
.sec12:       103b c227  st   [$27]       4562  st([v6502_P])                   #12
              103c 0200  nop              4563  nop()                           #13
                                          4564  label('.next14')
.next14:      103d e020  jmp  y,$20       4565  jmp(Y,'v6502_next')             #14
              103e 00f8  ld   $f8         4566  ld(-16/2)                       #15
                                          4567
                                          4568  label('v6502_BPL')
v6502_BPL:    103f 0129  ld   [$29]       4569  ld([v6502_Qn])                  #9
              1040 e875  blt  .next12     4570  bmi('.next12')                  #10
              1041 f45b  bge  .branch13   4571  bpl('.branch13')                #11
                                          4572  #nop()                          #12 Overlap
                                          4573  label('v6502_BMI')
v6502_BMI:    1042 0129  ld   [$29]       4574  ld([v6502_Qn])                  #9,12
              1043 f475  bge  .next12     4575  bpl('.next12')                  #10
              1044 e85b  blt  .branch13   4576  bmi('.branch13')                #11
                                          4577  #nop()                          #12 Overlap
                                          4578  label('v6502_BVC')
v6502_BVC:    1045 0127  ld   [$27]       4579  ld([v6502_P])                   #9,12
              1046 2080  anda $80         4580  anda(v6502_Vemu)                #10
              1047 f05b  beq  .branch13   4581  beq('.branch13')                #11
              1048 ec3d  bne  .next14     4582  bne('.next14')                  #12
                                          4583  #nop()                          #13 Overlap
                                          4584  label('v6502_BVS')
v6502_BVS:    1049 0127  ld   [$27]       4585  ld([v6502_P])                   #9,13
              104a 2080  anda $80         4586  anda(v6502_Vemu)                #10
              104b ec5b  bne  .branch13   4587  bne('.branch13')                #11
              104c f03d  beq  .next14     4588  beq('.next14')                  #12
                                          4589  #nop()                          #13 Overlap
                                          4590  label('v6502_BCC')
v6502_BCC:    104d 0127  ld   [$27]       4591  ld([v6502_P])                   #9,13
              104e 2001  anda $01         4592  anda(v6502_Cflag)               #10
              104f f05b  beq  .branch13   4593  beq('.branch13')                #11
              1050 ec3d  bne  .next14     4594  bne('.next14')                  #12
                                          4595  #nop()                          #13 Overlap
                                          4596  label('v6502_BCS')
v6502_BCS:    1051 0127  ld   [$27]       4597  ld([v6502_P])                   #9,13
              1052 2001  anda $01         4598  anda(v6502_Cflag)               #10
              1053 ec5b  bne  .branch13   4599  bne('.branch13')                #11
              1054 f03d  beq  .next14     4600  beq('.next14')                  #12
                                          4601  #nop()                          #13 Overlap
                                          4602  label('v6502_BNE')
v6502_BNE:    1055 0128  ld   [$28]       4603  ld([v6502_Qz])                  #9,13
              1056 f075  beq  .next12     4604  beq('.next12')                  #10
              1057 ec5b  bne  .branch13   4605  bne('.branch13')                #11
                                          4606  #nop()                          #12 Overlap
                                          4607  label('v6502_BEQ')
v6502_BEQ:    1058 0128  ld   [$28]       4608  ld([v6502_Qz])                  #9,12
              1059 ec75  bne  .next12     4609  bne('.next12')                  #10
              105a f05b  beq  .branch13   4610  beq('.branch13')                #11
                                          4611  #nop()                          #12 Overlap
                                          4612  label('.branch13')
.branch13:    105b 0124  ld   [$24]       4613  ld([v6502_ADL])                 #13,12 PC + offset
              105c 811a  adda [$1a]       4614  adda([v6502_PCL])               #14
              105d c21a  st   [$1a]       4615  st([v6502_PCL])                 #15
              105e e862  blt  .bra0       4616  bmi('.bra0')                    #16 Carry
              105f a124  suba [$24]       4617  suba([v6502_ADL])               #17
              1060 fc64  bra  .bra1       4618  bra('.bra1')                    #18
              1061 4124  ora  [$24]       4619  ora([v6502_ADL])                #19
                                          4620  label('.bra0')
.bra0:        1062 2124  anda [$24]       4621  anda([v6502_ADL])               #18
              1063 0200  nop              4622  nop()                           #19
                                          4623  label('.bra1')
.bra1:        1064 3080  anda $80,x       4624  anda(0x80,X)                    #20
              1065 0500  ld   [x]         4625  ld([X])                         #21
              1066 8125  adda [$25]       4626  adda([v6502_ADH])               #22
              1067 811b  adda [$1b]       4627  adda([v6502_PCH])               #23
              1068 c21b  st   [$1b]       4628  st([v6502_PCH])                 #24
              1069 0200  nop              4629  nop()                           #25
              106a e020  jmp  y,$20       4630  jmp(Y,'v6502_next')             #26
              106b 00f2  ld   $f2         4631  ld(-28/2)                       #27
                                          4632
                                          4633  label('v6502_INX')
v6502_INX:    106c 0200  nop              4634  nop()                           #9
              106d 012a  ld   [$2a]       4635  ld([v6502_X])                   #10
              106e 8001  adda $01         4636  adda(1)                         #11
              106f c22a  st   [$2a]       4637  st([v6502_X])                   #12
                                          4638  label('.inx13')
.inx13:       1070 c228  st   [$28]       4639  st([v6502_Qz])                  #13 Z flag
              1071 c229  st   [$29]       4640  st([v6502_Qn])                  #14 N flag
              1072 00f7  ld   $f7         4641  ld(-18/2)                       #15
              1073 e020  jmp  y,$20       4642  jmp(Y,'v6502_next')             #16
              1074 0200  nop              4643  nop()                           #17
                                          4644
                                          4645  label('.next12')
.next12:      1075 e020  jmp  y,$20       4646  jmp(Y,'v6502_next')             #12
              1076 00f9  ld   $f9         4647  ld(-14/2)                       #13
                                          4648
                                          4649  label('v6502_DEX')
v6502_DEX:    1077 012a  ld   [$2a]       4650  ld([v6502_X])                   #9
              1078 a001  suba $01         4651  suba(1)                         #10
              1079 fc70  bra  .inx13      4652  bra('.inx13')                   #11
              107a c22a  st   [$2a]       4653  st([v6502_X])                   #12
                                          4654
                                          4655  label('v6502_INY')
v6502_INY:    107b 012b  ld   [$2b]       4656  ld([v6502_Y])                   #9
              107c 8001  adda $01         4657  adda(1)                         #10
              107d fc70  bra  .inx13      4658  bra('.inx13')                   #11
              107e c22b  st   [$2b]       4659  st([v6502_Y])                   #12
                                          4660
                                          4661  label('v6502_DEY')
v6502_DEY:    107f 012b  ld   [$2b]       4662  ld([v6502_Y])                   #9
              1080 a001  suba $01         4663  suba(1)                         #10
              1081 fc70  bra  .inx13      4664  bra('.inx13')                   #11
              1082 c22b  st   [$2b]       4665  st([v6502_Y])                   #12
                                          4666
                                          4667  label('v6502_NOP')
v6502_NOP:    1083 00fa  ld   $fa         4668  ld(-12/2)                       #9
              1084 e020  jmp  y,$20       4669  jmp(Y,'v6502_next')             #10
                                          4670  #nop()                          #11 Overlap
                                          4671  #
                                          4672  label('v6502_AND')
v6502_AND:    1085 1525  ld   [$25],y     4673  ld([v6502_ADH],Y)               #9,11
              1086 0118  ld   [$18]       4674  ld([v6502_A])                   #10
              1087 fc90  bra  .eor13      4675  bra('.eor13')                   #11
              1088 2d00  anda [y,x]       4676  anda([Y,X])                     #12
                                          4677
                                          4678  label('v6502_ORA')
v6502_ORA:    1089 1525  ld   [$25],y     4679  ld([v6502_ADH],Y)               #9
              108a 0118  ld   [$18]       4680  ld([v6502_A])                   #10
              108b fc90  bra  .eor13      4681  bra('.eor13')                   #11
                                          4682  label('v6502_EOR')
v6502_EOR:    108c 4d00  ora  [y,x]       4683  ora([Y,X])                      #12,9
                                          4684  #
                                          4685  #label('v6502_EOR')
                                          4686  #nop()                          #9 Overlap
              108d 1525  ld   [$25],y     4687  ld([v6502_ADH],Y)               #10
              108e 0118  ld   [$18]       4688  ld([v6502_A])                   #11
              108f 6d00  xora [y,x]       4689  xora([Y,X])                     #12
                                          4690  label('.eor13')
.eor13:       1090 c218  st   [$18]       4691  st([v6502_A])                   #13
              1091 c228  st   [$28]       4692  st([v6502_Qz])                  #14 Z flag
              1092 c229  st   [$29]       4693  st([v6502_Qn])                  #15 N flag
              1093 140e  ld   $0e,y       4694  ld(hi('v6502_next'),Y)          #16
              1094 00f6  ld   $f6         4695  ld(-20/2)                       #17
              1095 e020  jmp  y,$20       4696  jmp(Y,'v6502_next')             #18
                                          4697  #nop()                          #19 Overlap
                                          4698  #
                                          4699  label('v6502_JMP1')
v6502_JMP1:   1096 140d  ld   $0d,y       4700  ld(hi('v6502_jmp1'),Y)          #9,19 JMP $DDDD
              1097 e0d1  jmp  y,$d1       4701  jmp(Y,'v6502_jmp1')             #10
                                          4702  #nop()                          #11 Overlap
                                          4703  label('v6502_JMP2')
v6502_JMP2:   1098 140d  ld   $0d,y       4704  ld(hi('v6502_jmp2'),Y)          #9 JMP ($DDDD)
              1099 e0d9  jmp  y,$d9       4705  jmp(Y,'v6502_jmp2')             #10
                                          4706  #nop()                          #11 Overlap
                                          4707  label('v6502_JSR')
v6502_JSR:    109a 011c  ld   [$1c]       4708  ld([v6502_S])                   #9,11
              109b a002  suba $02         4709  suba(2)                         #10
              109c d21c  st   [$1c],x     4710  st([v6502_S],X)                 #11
              109d 1400  ld   $00,y       4711  ld(v6502_Stack>>8,Y)            #12
              109e 011b  ld   [$1b]       4712  ld([v6502_PCH])                 #13 Let ADL,ADH point to L operand
              109f c225  st   [$25]       4713  st([v6502_ADH])                 #14
              10a0 011a  ld   [$1a]       4714  ld([v6502_PCL])                 #15
              10a1 c224  st   [$24]       4715  st([v6502_ADL])                 #16
              10a2 8001  adda $01         4716  adda(1)                         #17 Push ++PC
              10a3 c21a  st   [$1a]       4717  st([v6502_PCL])                 #18 Let PCL,PCH point to H operand
              10a4 de00  st   [y,x++]     4718  st([Y,Xpp])                     #19
              10a5 f0a8  beq  $10a8       4719  beq(pc()+3)                     #20
              10a6 fca9  bra  $10a9       4720  bra(pc()+3)                     #21
              10a7 0000  ld   $00         4721  ld(0)                           #22
              10a8 0001  ld   $01         4722  ld(1)                           #22(!)
              10a9 811b  adda [$1b]       4723  adda([v6502_PCH])               #23
              10aa c21b  st   [$1b]       4724  st([v6502_PCH])                 #24
              10ab ce00  st   [y,x]       4725  st([Y,X])                       #25
              10ac 1124  ld   [$24],x     4726  ld([v6502_ADL],X)               #26 Fetch L
              10ad 1525  ld   [$25],y     4727  ld([v6502_ADH],Y)               #27
              10ae 0d00  ld   [y,x]       4728  ld([Y,X])                       #28
              10af 111a  ld   [$1a],x     4729  ld([v6502_PCL],X)               #29 Fetch H
              10b0 c21a  st   [$1a]       4730  st([v6502_PCL])                 #30
              10b1 151b  ld   [$1b],y     4731  ld([v6502_PCH],Y)               #31
              10b2 0d00  ld   [y,x]       4732  ld([Y,X])                       #32
              10b3 c21b  st   [$1b]       4733  st([v6502_PCH])                 #33
              10b4 140e  ld   $0e,y       4734  ld(hi('v6502_next'),Y)          #34
              10b5 00ed  ld   $ed         4735  ld(-38/2)                       #35
              10b6 e020  jmp  y,$20       4736  jmp(Y,'v6502_next')             #36
                                          4737  #nop()                          #37 Overlap
                                          4738  #
                                          4739  label('v6502_INC')
v6502_INC:    10b7 1411  ld   $11,y       4740  ld(hi('v6502_inc'),Y)           #9,37
              10b8 e00e  jmp  y,$0e       4741  jmp(Y,'v6502_inc')              #10
                                          4742  #nop()                          #11 Overlap
                                          4743  label('v6502_LDA')
v6502_LDA:    10b9 1411  ld   $11,y       4744  ld(hi('v6502_lda'),Y)           #9,11
              10ba e018  jmp  y,$18       4745  jmp(Y,'v6502_lda')              #10
                                          4746  #nop()                          #11 Overlap
                                          4747  label('v6502_LDX')
v6502_LDX:    10bb 1411  ld   $11,y       4748  ld(hi('v6502_ldx'),Y)           #9,11
              10bc e022  jmp  y,$22       4749  jmp(Y,'v6502_ldx')              #10
                                          4750  #nop()                          #11 Overlap
                                          4751  label('v6502_LDX2')
v6502_LDX2:   10bd 1411  ld   $11,y       4752  ld(hi('v6502_ldx2'),Y)          #9,11
              10be e02a  jmp  y,$2a       4753  jmp(Y,'v6502_ldx2')             #10
                                          4754  #nop()                          #11 Overlap
                                          4755  label('v6502_LDY')
v6502_LDY:    10bf 1411  ld   $11,y       4756  ld(hi('v6502_ldy'),Y)           #9,11
              10c0 e026  jmp  y,$26       4757  jmp(Y,'v6502_ldy')              #10
                                          4758  #nop()                          #11 Overlap
                                          4759  label('v6502_STA')
v6502_STA:    10c1 1411  ld   $11,y       4760  ld(hi('v6502_sta'),Y)           #9,11
              10c2 e034  jmp  y,$34       4761  jmp(Y,'v6502_sta')              #10
                                          4762  #nop()                          #11 Overlap
                                          4763  label('v6502_STX')
v6502_STX:    10c3 1411  ld   $11,y       4764  ld(hi('v6502_stx'),Y)           #9,11
              10c4 e03a  jmp  y,$3a       4765  jmp(Y,'v6502_stx')              #10
                                          4766  #nop()                          #11 Overlap
                                          4767  label('v6502_STX2')
v6502_STX2:   10c5 1411  ld   $11,y       4768  ld(hi('v6502_stx2'),Y)          #9,11
              10c6 e040  jmp  y,$40       4769  jmp(Y,'v6502_stx2')             #10
                                          4770  #nop()                          #11 Overlap
                                          4771  label('v6502_STY')
v6502_STY:    10c7 1411  ld   $11,y       4772  ld(hi('v6502_sty'),Y)           #9,11
              10c8 e048  jmp  y,$48       4773  jmp(Y,'v6502_sty')              #10
                                          4774  #nop()                          #11 Overlap
                                          4775  label('v6502_TAX')
v6502_TAX:    10c9 1411  ld   $11,y       4776  ld(hi('v6502_tax'),Y)           #9,11
              10ca e04d  jmp  y,$4d       4777  jmp(Y,'v6502_tax')              #10
                                          4778  #nop()                          #11 Overlap
                                          4779  label('v6502_TAY')
v6502_TAY:    10cb 1411  ld   $11,y       4780  ld(hi('v6502_tay'),Y)           #9,11
              10cc e062  jmp  y,$62       4781  jmp(Y,'v6502_tay')              #10
                                          4782  #nop()                          #11 Overlap
                                          4783  label('v6502_TXA')
v6502_TXA:    10cd 1411  ld   $11,y       4784  ld(hi('v6502_txa'),Y)           #9,11
              10ce e065  jmp  y,$65       4785  jmp(Y,'v6502_txa')              #10
                                          4786  #nop()                          #11 Overlap
                                          4787  label('v6502_TYA')
v6502_TYA:    10cf 1411  ld   $11,y       4788  ld(hi('v6502_tya'),Y)           #9,11
              10d0 e068  jmp  y,$68       4789  jmp(Y,'v6502_tya')              #10
                                          4790  #nop()                          #11 Overlap
                                          4791  label('v6502_CLV')
v6502_CLV:    10d1 1411  ld   $11,y       4792  ld(hi('v6502_clv'),Y)           #9,11
              10d2 e076  jmp  y,$76       4793  jmp(Y,'v6502_clv')              #10
                                          4794  #nop()                          #11 Overlap
                                          4795  label('v6502_RTI')
v6502_RTI:    10d3 1411  ld   $11,y       4796  ld(hi('v6502_rti'),Y)           #9,11
              10d4 e0e4  jmp  y,$e4       4797  jmp(Y,'v6502_rti')              #10
                                          4798  #nop()                          #11 Overlap
                                          4799  label('v6502_ROR')
v6502_ROR:    10d5 140d  ld   $0d,y       4800  ld(hi('v6502_ror'),Y)           #9,11
              10d6 e08f  jmp  y,$8f       4801  jmp(Y,'v6502_ror')              #10
                                          4802  #nop()                          #11 Overlap
                                          4803  label('v6502_LSR')
v6502_LSR:    10d7 140d  ld   $0d,y       4804  ld(hi('v6502_lsr'),Y)           #9,11
              10d8 e0a9  jmp  y,$a9       4805  jmp(Y,'v6502_lsr')              #10
                                          4806  #nop()                          #11 Overlap
                                          4807  label('v6502_PHA')
v6502_PHA:    10d9 140d  ld   $0d,y       4808  ld(hi('v6502_pha'),Y)           #9,11
              10da e0ee  jmp  y,$ee       4809  jmp(Y,'v6502_pha')              #10
                                          4810  #nop()                          #11 Overlap
                                          4811  label('v6502_CLI')
v6502_CLI:    10db 1411  ld   $11,y       4812  ld(hi('v6502_cli'),Y)           #9,11
              10dc e06b  jmp  y,$6b       4813  jmp(Y,'v6502_cli')              #10
                                          4814  #nop()                          #11 Overlap
                                          4815  label('v6502_RTS')
v6502_RTS:    10dd 1411  ld   $11,y       4816  ld(hi('v6502_rts'),Y)           #9,11
              10de e08f  jmp  y,$8f       4817  jmp(Y,'v6502_rts')              #10
                                          4818  #nop()                          #11 Overlap
                                          4819  label('v6502_PLA')
v6502_PLA:    10df 140d  ld   $0d,y       4820  ld(hi('v6502_pla'),Y)           #9,11
              10e0 e0e3  jmp  y,$e3       4821  jmp(Y,'v6502_pla')              #10
                                          4822  #nop()                          #11 Overlap
                                          4823  label('v6502_SEI')
v6502_SEI:    10e1 1411  ld   $11,y       4824  ld(hi('v6502_sei'),Y)           #9,11
              10e2 e06e  jmp  y,$6e       4825  jmp(Y,'v6502_sei')              #10
                                          4826  #nop()                          #11 Overlap
                                          4827  label('v6502_TXS')
v6502_TXS:    10e3 1411  ld   $11,y       4828  ld(hi('v6502_txs'),Y)           #9,11
              10e4 e05e  jmp  y,$5e       4829  jmp(Y,'v6502_txs')              #10
                                          4830  #nop()                          #11 Overlap
                                          4831  label('v6502_TSX')
v6502_TSX:    10e5 1411  ld   $11,y       4832  ld(hi('v6502_tsx'),Y)           #9,11
              10e6 e054  jmp  y,$54       4833  jmp(Y,'v6502_tsx')              #10
                                          4834  #nop()                          #11 Overlap
                                          4835  label('v6502_CPY')
v6502_CPY:    10e7 1411  ld   $11,y       4836  ld(hi('v6502_cpy'),Y)           #9,11
              10e8 e0bd  jmp  y,$bd       4837  jmp(Y,'v6502_cpy')              #10
                                          4838  #nop()                          #11 Overlap
                                          4839  label('v6502_CMP')
v6502_CMP:    10e9 1411  ld   $11,y       4840  ld(hi('v6502_cmp'),Y)           #9,11
              10ea e0be  jmp  y,$be       4841  jmp(Y,'v6502_cmp')              #10
                                          4842  #nop()                          #11 Overlap
                                          4843  label('v6502_DEC')
v6502_DEC:    10eb 1411  ld   $11,y       4844  ld(hi('v6502_dec'),Y)           #9,11
              10ec e005  jmp  y,$05       4845  jmp(Y,'v6502_dec')              #10
                                          4846  #nop()                          #11 Overlap
                                          4847  label('v6502_CLD')
v6502_CLD:    10ed 1411  ld   $11,y       4848  ld(hi('v6502_cld'),Y)           #9,11
              10ee e071  jmp  y,$71       4849  jmp(Y,'v6502_cld')              #10
                                          4850  #nop()                          #11 Overlap
                                          4851  label('v6502_CPX')
v6502_CPX:    10ef 1411  ld   $11,y       4852  ld(hi('v6502_cpx'),Y)           #9,11
              10f0 e0bb  jmp  y,$bb       4853  jmp(Y,'v6502_cpx')              #10
                                          4854  #nop()                          #11 Overlap
                                          4855  label('v6502_ASL')
v6502_ASL:    10f1 140d  ld   $0d,y       4856  ld(hi('v6502_asl'),Y)           #9,11
              10f2 e0cb  jmp  y,$cb       4857  jmp(Y,'v6502_asl')              #10
                                          4858  #nop()                          #11 Overlap
                                          4859  label('v6502_PHP')
v6502_PHP:    10f3 1411  ld   $11,y       4860  ld(hi('v6502_php'),Y)           #9,11
              10f4 e0a2  jmp  y,$a2       4861  jmp(Y,'v6502_php')              #10
                                          4862  #nop()                          #11 Overlap
                                          4863  label('v6502_BIT')
v6502_BIT:    10f5 1411  ld   $11,y       4864  ld(hi('v6502_bit'),Y)           #9
              10f6 e07d  jmp  y,$7d       4865  jmp(Y,'v6502_bit')              #10
                                          4866  #nop()                          #11 Overlap
                                          4867  label('v6502_ROL')
v6502_ROL:    10f7 140d  ld   $0d,y       4868  ld(hi('v6502_rol'),Y)           #9
              10f8 e0b8  jmp  y,$b8       4869  jmp(Y,'v6502_rol')              #10
                                          4870  #nop()                          #11 Overlap
                                          4871  label('v6502_PLP')
v6502_PLP:    10f9 1411  ld   $11,y       4872  ld(hi('v6502_plp'),Y)           #9
              10fa e0d4  jmp  y,$d4       4873  jmp(Y,'v6502_plp')              #10
                                          4874  #nop()                          #11 Overlap
                                          4875  label('v6502_SED')              # Decimal mode not implemented
v6502_SED:    10fb 1411  ld   $11,y       4876  ld(hi('v6502_sed'),Y)           #9,11
              10fc e074  jmp  y,$74       4877  jmp(Y,'v6502_sed')              #10
                                          4878  #nop()                          #11 Overlap
                                          4879  label('v6502_ILL') # All illegal opcodes map to BRK, except $FF which will crash
                                          4880  label('v6502_BRK')
v6502_ILL:
v6502_BRK:    10fd 140d  ld   $0d,y       4881  ld(hi('v6502_brk'),Y)           #9
              10fe e0f6  jmp  y,$f6       4882  jmp(Y,'v6502_brk')              #10
                                          4883  #nop()                          #11 Overlap
                                          4884
                                          4885  while pc()&255 < 255:
                                          4886    nop()
                                          4887
                                          4888  # `v6502_RESUME' is the interpreter's secondary entry point for when
                                          4889  # the opcode and operands were already fetched, just before the last hPulse.
                                          4890  # It must be at $xxff, prefably somewhere in v6502's own code pages.
                                          4891  label('v6502_RESUME')
                                          4892  assert (pc()&255) == 255
v6502_RESUME: 10ff a006  suba $06         4893  suba(v6502_adjust)              #0,11 v6502 secondary entry point
                                          4894  # --- Page boundary ---
                                          4895  align(0x100,size=0x200)
              1100 c215  st   [$15]       4896  st([vTicks])                    #1
              1101 1124  ld   [$24],x     4897  ld([v6502_ADL],X)               #2
              1102 140f  ld   $0f,y       4898  ld(hi('v6502_execute'),Y)       #3
              1103 e126  jmp  y,[$26]     4899  jmp(Y,[v6502_IR])               #4
              1104 fcff  bra  $ff         4900  bra(255)                        #5
                                          4901
                                          4902  label('v6502_dec')
v6502_dec:    1105 1525  ld   [$25],y     4903  ld([v6502_ADH],Y)               #12
              1106 0d00  ld   [y,x]       4904  ld([Y,X])                       #13
              1107 a001  suba $01         4905  suba(1)                         #14
              1108 ce00  st   [y,x]       4906  st([Y,X])                       #15
              1109 c228  st   [$28]       4907  st([v6502_Qz])                  #16 Z flag
              110a c229  st   [$29]       4908  st([v6502_Qn])                  #17 N flag
              110b 140e  ld   $0e,y       4909  ld(hi('v6502_next'),Y)          #18
              110c 00f5  ld   $f5         4910  ld(-22/2)                       #19
              110d e020  jmp  y,$20       4911  jmp(Y,'v6502_next')             #20
                                          4912  #nop()                          #21 Overlap
                                          4913  #
                                          4914  label('v6502_inc')
v6502_inc:    110e 1525  ld   [$25],y     4915  ld([v6502_ADH],Y)               #12,22
              110f 0d00  ld   [y,x]       4916  ld([Y,X])                       #13
              1110 8001  adda $01         4917  adda(1)                         #14
              1111 ce00  st   [y,x]       4918  st([Y,X])                       #15
              1112 c228  st   [$28]       4919  st([v6502_Qz])                  #16 Z flag
              1113 c229  st   [$29]       4920  st([v6502_Qn])                  #17 N flag
              1114 140e  ld   $0e,y       4921  ld(hi('v6502_next'),Y)          #18
              1115 00f5  ld   $f5         4922  ld(-22/2)                       #19
              1116 e020  jmp  y,$20       4923  jmp(Y,'v6502_next')             #20
              1117 0200  nop              4924  nop()                           #21
                                          4925
                                          4926  label('v6502_lda')
v6502_lda:    1118 0200  nop              4927  nop()                           #12
              1119 1525  ld   [$25],y     4928  ld([v6502_ADH],Y)               #13
              111a 0d00  ld   [y,x]       4929  ld([Y,X])                       #14
              111b c218  st   [$18]       4930  st([v6502_A])                   #15
                                          4931  label('.lda16')
.lda16:       111c c228  st   [$28]       4932  st([v6502_Qz])                  #16 Z flag
              111d c229  st   [$29]       4933  st([v6502_Qn])                  #17 N flag
              111e 0200  nop              4934  nop()                           #18
              111f 140e  ld   $0e,y       4935  ld(hi('v6502_next'),Y)          #19
              1120 e020  jmp  y,$20       4936  jmp(Y,'v6502_next')             #20
              1121 00f5  ld   $f5         4937  ld(-22/2)                       #21
                                          4938
                                          4939  label('v6502_ldx')
v6502_ldx:    1122 1525  ld   [$25],y     4940  ld([v6502_ADH],Y)               #12
              1123 0d00  ld   [y,x]       4941  ld([Y,X])                       #13
              1124 fc1c  bra  .lda16      4942  bra('.lda16')                   #14
              1125 c22a  st   [$2a]       4943  st([v6502_X])                   #15
                                          4944
                                          4945  label('v6502_ldy')
v6502_ldy:    1126 1525  ld   [$25],y     4946  ld([v6502_ADH],Y)               #12
              1127 0d00  ld   [y,x]       4947  ld([Y,X])                       #13
              1128 fc1c  bra  .lda16      4948  bra('.lda16')                   #14
              1129 c22b  st   [$2b]       4949  st([v6502_Y])                   #15
                                          4950
                                          4951  label('v6502_ldx2')
v6502_ldx2:   112a 0124  ld   [$24]       4952  ld([v6502_ADL])                 #12 Special case $B6: LDX $DD,Y
              112b a12a  suba [$2a]       4953  suba([v6502_X])                 #13 Undo X offset
              112c 912b  adda [$2b],x     4954  adda([v6502_Y],X)               #14 Apply Y instead
              112d 0500  ld   [x]         4955  ld([X])                         #15
              112e c22a  st   [$2a]       4956  st([v6502_X])                   #16
              112f c228  st   [$28]       4957  st([v6502_Qz])                  #17 Z flag
              1130 c229  st   [$29]       4958  st([v6502_Qn])                  #18 N flag
              1131 140e  ld   $0e,y       4959  ld(hi('v6502_next'),Y)          #19
              1132 e020  jmp  y,$20       4960  jmp(Y,'v6502_next')             #20
              1133 00f5  ld   $f5         4961  ld(-22/2)                       #21
                                          4962
                                          4963  label('v6502_sta')
v6502_sta:    1134 1525  ld   [$25],y     4964  ld([v6502_ADH],Y)               #12
              1135 0118  ld   [$18]       4965  ld([v6502_A])                   #13
              1136 ce00  st   [y,x]       4966  st([Y,X])                       #14
              1137 140e  ld   $0e,y       4967  ld(hi('v6502_next'),Y)          #15
              1138 e020  jmp  y,$20       4968  jmp(Y,'v6502_next')             #16
              1139 00f7  ld   $f7         4969  ld(-18/2)                       #17
                                          4970
                                          4971  label('v6502_stx')
v6502_stx:    113a 1525  ld   [$25],y     4972  ld([v6502_ADH],Y)               #12
              113b 012a  ld   [$2a]       4973  ld([v6502_X])                   #13
              113c ce00  st   [y,x]       4974  st([Y,X])                       #14
              113d 140e  ld   $0e,y       4975  ld(hi('v6502_next'),Y)          #15
              113e e020  jmp  y,$20       4976  jmp(Y,'v6502_next')             #16
              113f 00f7  ld   $f7         4977  ld(-18/2)                       #17
                                          4978
                                          4979  label('v6502_stx2')
v6502_stx2:   1140 0124  ld   [$24]       4980  ld([v6502_ADL])                 #12 Special case $96: STX $DD,Y
              1141 a12a  suba [$2a]       4981  suba([v6502_X])                 #13 Undo X offset
              1142 912b  adda [$2b],x     4982  adda([v6502_Y],X)               #14 Apply Y instead
              1143 012a  ld   [$2a]       4983  ld([v6502_X])                   #15
              1144 c600  st   [x]         4984  st([X])                         #16
              1145 140e  ld   $0e,y       4985  ld(hi('v6502_next'),Y)          #17
              1146 e020  jmp  y,$20       4986  jmp(Y,'v6502_next')             #18
              1147 00f6  ld   $f6         4987  ld(-20/2)                       #19
                                          4988
                                          4989  label('v6502_sty')
v6502_sty:    1148 1525  ld   [$25],y     4990  ld([v6502_ADH],Y)               #12
              1149 012b  ld   [$2b]       4991  ld([v6502_Y])                   #13
              114a ce00  st   [y,x]       4992  st([Y,X])                       #14
              114b 140e  ld   $0e,y       4993  ld(hi('v6502_next'),Y)          #15
              114c e020  jmp  y,$20       4994  jmp(Y,'v6502_next')             #16
                                          4995  label('v6502_tax')
v6502_tax:    114d 00f7  ld   $f7         4996  ld(-18/2)                       #17,12
                                          4997  #
                                          4998  #label('v6502_tax')
                                          4999  #nop()                          #12 Overlap
              114e 0118  ld   [$18]       5000  ld([v6502_A])                   #13
              114f c22a  st   [$2a]       5001  st([v6502_X])                   #14
                                          5002  label('.tax15')
.tax15:       1150 c228  st   [$28]       5003  st([v6502_Qz])                  #15 Z flag
              1151 c229  st   [$29]       5004  st([v6502_Qn])                  #16 N flag
              1152 140e  ld   $0e,y       5005  ld(hi('v6502_next'),Y)          #17
              1153 e020  jmp  y,$20       5006  jmp(Y,'v6502_next')             #18
                                          5007  label('v6502_tsx')
v6502_tsx:    1154 00f6  ld   $f6         5008  ld(-20/2)                       #19
                                          5009  #
                                          5010  #label('v6502_tsx')
                                          5011  #nop()                          #12 Overlap
              1155 011c  ld   [$1c]       5012  ld([v6502_S])                   #13
              1156 a001  suba $01         5013  suba(1)                         #14 Shift down on export
              1157 c22a  st   [$2a]       5014  st([v6502_X])                   #15
                                          5015  label('.tsx16')
.tsx16:       1158 c228  st   [$28]       5016  st([v6502_Qz])                  #16 Z flag
              1159 c229  st   [$29]       5017  st([v6502_Qn])                  #17 N flag
              115a 0200  nop              5018  nop()                           #18
              115b 140e  ld   $0e,y       5019  ld(hi('v6502_next'),Y)          #19
              115c e020  jmp  y,$20       5020  jmp(Y,'v6502_next')             #20
              115d 00f5  ld   $f5         5021  ld(-22/2)                       #21
                                          5022
                                          5023  label('v6502_txs')
v6502_txs:    115e 012a  ld   [$2a]       5024  ld([v6502_X])                   #12
              115f 8001  adda $01         5025  adda(1)                         #13 Shift up on import
              1160 fc58  bra  .tsx16      5026  bra('.tsx16')                   #14
              1161 c21c  st   [$1c]       5027  st([v6502_S])                   #15
                                          5028
                                          5029  label('v6502_tay')
v6502_tay:    1162 0118  ld   [$18]       5030  ld([v6502_A])                   #12
              1163 fc50  bra  .tax15      5031  bra('.tax15')                   #13
              1164 c22b  st   [$2b]       5032  st([v6502_Y])                   #14
                                          5033
                                          5034  label('v6502_txa')
v6502_txa:    1165 012a  ld   [$2a]       5035  ld([v6502_X])                   #12
              1166 fc50  bra  .tax15      5036  bra('.tax15')                   #13
              1167 c218  st   [$18]       5037  st([v6502_A])                   #14
                                          5038
                                          5039  label('v6502_tya')
v6502_tya:    1168 012b  ld   [$2b]       5040  ld([v6502_Y])                   #12
              1169 fc50  bra  .tax15      5041  bra('.tax15')                   #13
              116a c218  st   [$18]       5042  st([v6502_A])                   #14
                                          5043
                                          5044  label('v6502_cli')
v6502_cli:    116b 0127  ld   [$27]       5045  ld([v6502_P])                   #12
              116c fc79  bra  .clv15      5046  bra('.clv15')                   #13
              116d 20fb  anda $fb         5047  anda(~v6502_Iflag)              #14
                                          5048
                                          5049  label('v6502_sei')
v6502_sei:    116e 0127  ld   [$27]       5050  ld([v6502_P])                   #12
              116f fc79  bra  .clv15      5051  bra('.clv15')                   #13
              1170 4004  ora  $04         5052  ora(v6502_Iflag)                #14
                                          5053
                                          5054  label('v6502_cld')
v6502_cld:    1171 0127  ld   [$27]       5055  ld([v6502_P])                   #12
              1172 fc79  bra  .clv15      5056  bra('.clv15')                   #13
              1173 20f7  anda $f7         5057  anda(~v6502_Dflag)              #14
                                          5058
                                          5059  label('v6502_sed')
v6502_sed:    1174 0127  ld   [$27]       5060  ld([v6502_P])                   #12
              1175 fc79  bra  .clv15      5061  bra('.clv15')                   #13
                                          5062  label('v6502_clv')
v6502_clv:    1176 4008  ora  $08         5063  ora(v6502_Dflag)                #14,12 Overlap
                                          5064  #
                                          5065  #label('v6502_clv')
                                          5066  #nop()                          #12
              1177 0127  ld   [$27]       5067  ld([v6502_P])                   #13
              1178 207f  anda $7f         5068  anda(~v6502_Vemu)               #14
                                          5069  label('.clv15')
.clv15:       1179 c227  st   [$27]       5070  st([v6502_P])                   #15
              117a 140e  ld   $0e,y       5071  ld(hi('v6502_next'),Y)          #16
              117b 00f6  ld   $f6         5072  ld(-20/2)                       #17
              117c e020  jmp  y,$20       5073  jmp(Y,'v6502_next')             #18
                                          5074  label('v6502_bit')
v6502_bit:    117d 0200  nop              5075  nop()                           #19,12
                                          5076  #
                                          5077  #label('v6502_bit')
                                          5078  #nop()                          #12 Overlap
              117e 1124  ld   [$24],x     5079  ld([v6502_ADL],X)               #13
              117f 1525  ld   [$25],y     5080  ld([v6502_ADH],Y)               #14
              1180 0d00  ld   [y,x]       5081  ld([Y,X])                       #15
              1181 c229  st   [$29]       5082  st([v6502_Qn])                  #16 N flag
              1182 2118  anda [$18]       5083  anda([v6502_A])                 #17 This is a reason we keep N and Z in separate bytes
              1183 c228  st   [$28]       5084  st([v6502_Qz])                  #18 Z flag
              1184 0127  ld   [$27]       5085  ld([v6502_P])                   #19
              1185 207f  anda $7f         5086  anda(~v6502_Vemu)               #20
              1186 c227  st   [$27]       5087  st([v6502_P])                   #21
              1187 0d00  ld   [y,x]       5088  ld([Y,X])                       #22
              1188 8200  adda ac          5089  adda(AC)                        #23
              1189 2080  anda $80         5090  anda(v6502_Vemu)                #24
              118a 4127  ora  [$27]       5091  ora([v6502_P])                  #25
              118b c227  st   [$27]       5092  st([v6502_P])                   #26 Update V
              118c 140e  ld   $0e,y       5093  ld(hi('v6502_next'),Y)          #27
              118d e020  jmp  y,$20       5094  jmp(Y,'v6502_next')             #28
              118e 00f1  ld   $f1         5095  ld(-30/2)                       #29
                                          5096
                                          5097  label('v6502_rts')
v6502_rts:    118f 011c  ld   [$1c]       5098  ld([v6502_S])                   #12
              1190 1200  ld   ac,x        5099  ld(AC,X)                        #13
              1191 8002  adda $02         5100  adda(2)                         #14
              1192 c21c  st   [$1c]       5101  st([v6502_S])                   #15
              1193 1400  ld   $00,y       5102  ld(0,Y)                         #16
              1194 0d00  ld   [y,x]       5103  ld([Y,X])                       #17
              1195 de00  st   [y,x++]     5104  st([Y,Xpp])                     #18 Just X++
              1196 8001  adda $01         5105  adda(1)                         #19
              1197 c21a  st   [$1a]       5106  st([v6502_PCL])                 #20
              1198 f09b  beq  $119b       5107  beq(pc()+3)                     #21
              1199 fc9c  bra  $119c       5108  bra(pc()+3)                     #22
              119a 0000  ld   $00         5109  ld(0)                           #23
              119b 0001  ld   $01         5110  ld(1)                           #23(!)
              119c 8d00  adda [y,x]       5111  adda([Y,X])                     #24
              119d c21b  st   [$1b]       5112  st([v6502_PCH])                 #25
              119e 0200  nop              5113  nop()                           #26
              119f 140e  ld   $0e,y       5114  ld(hi('v6502_next'),Y)          #27
              11a0 e020  jmp  y,$20       5115  jmp(Y,'v6502_next')             #28
              11a1 00f1  ld   $f1         5116  ld(-30/2)                       #29
                                          5117
                                          5118  label('v6502_php')
v6502_php:    11a2 011c  ld   [$1c]       5119  ld([v6502_S])                   #12
              11a3 a001  suba $01         5120  suba(1)                         #13
              11a4 d21c  st   [$1c],x     5121  st([v6502_S],X)                 #14
              11a5 0127  ld   [$27]       5122  ld([v6502_P])                   #15
              11a6 20bd  anda $bd         5123  anda(~v6502_Vflag&~v6502_Zflag) #16 Keep Vemu,B,D,I,C
              11a7 f4aa  bge  $11aa       5124  bpl(pc()+3)                     #17 V to bit 6 and clear N
              11a8 fcaa  bra  $11aa       5125  bra(pc()+2)                     #18
              11a9 60c0  xora $c0         5126  xora(v6502_Vflag^v6502_Vemu)    #19
              11aa c600  st   [x]         5127  st([X])                         #19,20
              11ab 0128  ld   [$28]       5128  ld([v6502_Qz])                  #21 Z flag
              11ac f0af  beq  $11af       5129  beq(pc()+3)                     #22
              11ad fcb0  bra  $11b0       5130  bra(pc()+3)                     #23
              11ae 0000  ld   $00         5131  ld(0)                           #24
              11af 0002  ld   $02         5132  ld(v6502_Zflag)                 #24(!)
              11b0 4500  ora  [x]         5133  ora([X])                        #25
              11b1 c600  st   [x]         5134  st([X])                         #26
              11b2 0129  ld   [$29]       5135  ld([v6502_Qn])                  #27 N flag
              11b3 2080  anda $80         5136  anda(0x80)                      #28
              11b4 4500  ora  [x]         5137  ora([X])                        #29
              11b5 4020  ora  $20         5138  ora(v6502_Uflag)                #30 Unused bit
              11b6 c600  st   [x]         5139  st([X])                         #31
              11b7 0200  nop              5140  nop()                           #32
              11b8 140e  ld   $0e,y       5141  ld(hi('v6502_next'),Y)          #33
              11b9 e020  jmp  y,$20       5142  jmp(Y,'v6502_next')             #34
              11ba 00ee  ld   $ee         5143  ld(-36/2)                       #35
                                          5144
                                          5145  label('v6502_cpx')
v6502_cpx:    11bb fcc0  bra  .cmp14      5146  bra('.cmp14')                   #12
              11bc 012a  ld   [$2a]       5147  ld([v6502_X])                   #13
                                          5148
                                          5149  label('v6502_cpy')
v6502_cpy:    11bd fcc0  bra  .cmp14      5150  bra('.cmp14')                   #12
                                          5151  label('v6502_cmp')
v6502_cmp:    11be 012b  ld   [$2b]       5152  ld([v6502_Y])                   #13,12
                                          5153  #
                                          5154  #label('v6502_cmp')             #12 Overlap
                                          5155  assert v6502_Cflag == 1
              11bf 0118  ld   [$18]       5156  ld([v6502_A])                   #13
                                          5157  label('.cmp14')
.cmp14:       11c0 1525  ld   [$25],y     5158  ld([v6502_ADH],Y)               #14
              11c1 e8c7  blt  .cmp17      5159  bmi('.cmp17')                   #15 Carry?
              11c2 ad00  suba [y,x]       5160  suba([Y,X])                     #16
              11c3 c228  st   [$28]       5161  st([v6502_Qz])                  #17 Z flag
              11c4 c229  st   [$29]       5162  st([v6502_Qn])                  #18 N flag
              11c5 fccb  bra  .cmp21      5163  bra('.cmp21')                   #19
              11c6 4d00  ora  [y,x]       5164  ora([Y,X])                      #20
                                          5165  label('.cmp17')
.cmp17:       11c7 c228  st   [$28]       5166  st([v6502_Qz])                  #17 Z flag
              11c8 c229  st   [$29]       5167  st([v6502_Qn])                  #18 N flag
              11c9 2d00  anda [y,x]       5168  anda([Y,X])                     #19
              11ca 0200  nop              5169  nop()                           #20
                                          5170  label('.cmp21')
.cmp21:       11cb 6080  xora $80         5171  xora(0x80)                      #21
              11cc 3080  anda $80,x       5172  anda(0x80,X)                    #22 Move carry to bit 0
              11cd 0127  ld   [$27]       5173  ld([v6502_P])                   #23 C flag
              11ce 20fe  anda $fe         5174  anda(~1)                        #24
              11cf 4500  ora  [x]         5175  ora([X])                        #25
              11d0 c227  st   [$27]       5176  st([v6502_P])                   #26
              11d1 140e  ld   $0e,y       5177  ld(hi('v6502_next'),Y)          #27
              11d2 e020  jmp  y,$20       5178  jmp(Y,'v6502_next')             #28
              11d3 00f1  ld   $f1         5179  ld(-30/2)                       #29
                                          5180
                                          5181  label('v6502_plp')
                                          5182  assert v6502_Nflag == 128
                                          5183  assert 2*v6502_Vflag == v6502_Vemu
v6502_plp:    11d4 011c  ld   [$1c]       5184  ld([v6502_S])                   #12
              11d5 1200  ld   ac,x        5185  ld(AC,X)                        #13
              11d6 8001  adda $01         5186  adda(1)                         #14
              11d7 c21c  st   [$1c]       5187  st([v6502_S])                   #15
              11d8 0500  ld   [x]         5188  ld([X])                         #16
              11d9 c229  st   [$29]       5189  st([v6502_Qn])                  #17 N flag
              11da 2002  anda $02         5190  anda(v6502_Zflag)               #18
              11db 6002  xora $02         5191  xora(v6502_Zflag)               #19
              11dc c228  st   [$28]       5192  st([v6502_Qz])                  #20 Z flag
              11dd 0500  ld   [x]         5193  ld([X])                         #21
              11de 207f  anda $7f         5194  anda(~v6502_Vemu)               #22 V to bit 7
              11df 8040  adda $40         5195  adda(v6502_Vflag)               #23
              11e0 c227  st   [$27]       5196  st([v6502_P])                   #24 All other flags
              11e1 140e  ld   $0e,y       5197  ld(hi('v6502_next'),Y)          #25
              11e2 e020  jmp  y,$20       5198  jmp(Y,'v6502_next')             #26
              11e3 00f2  ld   $f2         5199  ld(-28/2)                       #27
                                          5200
                                          5201  label('v6502_rti')
v6502_rti:    11e4 011c  ld   [$1c]       5202  ld([v6502_S])                   #12
              11e5 1200  ld   ac,x        5203  ld(AC,X)                        #13
              11e6 8003  adda $03         5204  adda(3)                         #14
              11e7 c21c  st   [$1c]       5205  st([v6502_S])                   #15
              11e8 0500  ld   [x]         5206  ld([X])                         #16
              11e9 c229  st   [$29]       5207  st([v6502_Qn])                  #17 N flag
              11ea 2002  anda $02         5208  anda(v6502_Zflag)               #18
              11eb 6002  xora $02         5209  xora(v6502_Zflag)               #19
              11ec c228  st   [$28]       5210  st([v6502_Qz])                  #20 Z flag
              11ed 1400  ld   $00,y       5211  ld(0,Y)                         #21
              11ee 0d00  ld   [y,x]       5212  ld([Y,X])                       #22
              11ef de00  st   [y,x++]     5213  st([Y,Xpp])                     #23 Just X++
              11f0 207f  anda $7f         5214  anda(~v6502_Vemu)               #24 V to bit 7
              11f1 8040  adda $40         5215  adda(v6502_Vflag)               #25
              11f2 c227  st   [$27]       5216  st([v6502_P])                   #26 All other flags
              11f3 0d00  ld   [y,x]       5217  ld([Y,X])                       #27
              11f4 de00  st   [y,x++]     5218  st([Y,Xpp])                     #28 Just X++
              11f5 c21a  st   [$1a]       5219  st([v6502_PCL])                 #29
              11f6 0d00  ld   [y,x]       5220  ld([Y,X])                       #30
              11f7 c21b  st   [$1b]       5221  st([v6502_PCH])                 #31
              11f8 0200  nop              5222  nop()                           #32
              11f9 140e  ld   $0e,y       5223  ld(hi('v6502_next'),Y)          #33
              11fa e020  jmp  y,$20       5224  jmp(Y,'v6502_next')             #34
              11fb 00ee  ld   $ee         5225  ld(-36/2)                       #35
                                          5226
                                          5227  #-----------------------------------------------------------------------
                                          5228  #       Extended vertical blank logic: interrupts
                                          5229  #-----------------------------------------------------------------------
              11fc 0200  nop              5230  align(0x100)
              11fd 0200  nop
              11fe 0200  nop
              11ff 0200  nop
                                          5231
                                          5232  # Check if an IRQ handler is defined
                                          5233  label('vBlankFirst#78')
vBlankFirst#78:
              1200 09f6  ld   [y,$f6]     5234  ld([Y,vIRQ_v5])                 #78
              1201 49f7  ora  [y,$f7]     5235  ora([Y,vIRQ_v5+1])              #79
                                          5236  bne('vBlankFirst#82')           #80
              1202 ec09  bne  vBlankFirst#82
              1203 0116  ld   [$16]       5237  ld([vPC])                       #81
              1204 0055  ld   $55         5238  runVcpu(186-82-extra,           #82 Application cycles (scan line 0)
              1205 c21e  st   [$1e]
              1206 1505  ld   [$05],y
              1207 e0ff  jmp  y,$ff
              1208 001f  ld   $1f
                                          5239      '---D line 0 timeout but no irq',
                                          5240      returnTo='vBlankFirst#186')
                                          5241
                                          5242  label('vBlankFirst#82')
vBlankFirst#82:
              1209 c230  st   [$30]       5243  st([vIrqSave+0])                #82 Save vPC
              120a 0117  ld   [$17]       5244  ld([vPC+1])                     #83
              120b c231  st   [$31]       5245  st([vIrqSave+1])                #84
              120c 0118  ld   [$18]       5246  ld([vAC])                       #85 Save vAC
              120d c232  st   [$32]       5247  st([vIrqSave+2])                #86
              120e 0119  ld   [$19]       5248  ld([vAC+1])                     #87
              120f c233  st   [$33]       5249  st([vIrqSave+3])                #88
              1210 09f6  ld   [y,$f6]     5250  ld([Y,vIRQ_v5])                 #89 Set vPC to vIRQ
              1211 a002  suba $02         5251  suba(2)                         #90
              1212 c216  st   [$16]       5252  st([vPC])                       #91
              1213 09f7  ld   [y,$f7]     5253  ld([Y,vIRQ_v5+1])               #92
              1214 c217  st   [$17]       5254  st([vPC+1])                     #93
              1215 0105  ld   [$05]       5255  ld([vCpuSelect])                #94 Save vCpuSelect
              1216 c234  st   [$34]       5256  st([vIrqSave+4])                #95
              1217 0002  ld   $02         5257  ld(hi('ENTER'))                 #96 Set vCpuSelect to ENTER (=regular vCPU)
              1218 c205  st   [$05]       5258  st([vCpuSelect])                #97
              1219 0055  ld   $55         5259  runVcpu(186-98-extra,           #98 Application cycles (scan line 0)
              121a c21e  st   [$1e]
              121b 1505  ld   [$05],y
              121c e0ff  jmp  y,$ff
              121d 0017  ld   $17
                                          5260      '---D line 0 timeout with irq',
                                          5261      returnTo='vBlankFirst#186')
                                          5262
                                          5263  # vRTI immediate resume
                                          5264  label('vRTI#25')
vRTI#25:      121e 0133  ld   [$33]       5265  ld([vIrqSave+3])                #25
              121f c219  st   [$19]       5266  st([vAC+1])                     #26
              1220 0134  ld   [$34]       5267  ld([vIrqSave+4])                #27
              1221 d605  st   [$05],y     5268  st([vCpuSelect],Y)              #28
              1222 00f0  ld   $f0         5269  ld(-32//2)                      #29
              1223 e0ff  jmp  y,$ff       5270  jmp(Y,'ENTER')                  #30
              1224 8115  adda [$15]       5271  adda([vTicks])                  #31-32=-1
                                          5272
                                          5273
                                          5274  # Entered last line of vertical blank (line 40)
                                          5275  label('vBlankLast#34')
                                          5276
                                          5277  #-----------------------------------------------------------------------
                                          5278  #       Extended vertical blank logic: game controller decoding
                                          5279  #-----------------------------------------------------------------------
                                          5280
                                          5281  # Game controller types
                                          5282  # TypeA: Based on 74LS165 shift register (not supported)
                                          5283  # TypeB: Based on CD4021B shift register (standard)
                                          5284  # TypeC: Based on priority encoder
                                          5285  #
                                          5286  # Notes:
                                          5287  # - TypeA was only used during development and first beta test, before ROM v1
                                          5288  # - TypeB appears as type A with negative logic levels
                                          5289  # - TypeB is the game controller type that comes with the original kit and ROM v1
                                          5290  # - TypeB is mimicked by BabelFish / Pluggy McPlugface
                                          5291  # - TypeB requires a prolonged /SER_LATCH, therefore vPulse is 8 scanlines, not 2
                                          5292  # - TypeB and TypeC can be sampled in the same scanline
                                          5293  # - TypeA is 1 scanline shifted as it looks at a different edge (XXX up or down?)
                                          5294  # - TypeC gives incomplete information: lower buttons overshadow higher ones
                                          5295  #
                                          5296  #       TypeC    Alias    Button TypeB
                                          5297  #       00000000  ^@   -> Right  11111110
                                          5298  #       00000001  ^A   -> Left   11111101
                                          5299  #       00000011  ^C   -> Down   11111011
                                          5300  #       00000111  ^G   -> Up     11110111
                                          5301  #       00001111  ^O   -> Start  11101111
                                          5302  #       00011111  ^_   -> Select 11011111
                                          5303  #       00111111  ?    -> B      10111111
                                          5304  #       01111111  DEL  -> A      01111111
                                          5305  #       11111111       -> (None) 11111111
                                          5306  #
                                          5307  #       Conversion formula:
                                          5308  #               f(x) := 254 - x
                                          5309
                                          5310  # Detect controller TypeC codes
vBlankLast#34:
              1225 010f  ld   [$0f]       5311  ld([serialRaw])                 #34 if serialRaw in [0,1,3,7,15,31,63,127,255]
              1226 8001  adda $01         5312  adda(1)                         #35
              1227 210f  anda [$0f]       5313  anda([serialRaw])               #36
              1228 ec39  bne  .buttons#39 5314  bne('.buttons#39')              #37
                                          5315
                                          5316  # TypeC
              1229 010f  ld   [$0f]       5317  ld([serialRaw])                 #38 [TypeC] if serialRaw < serialLast
              122a 8001  adda $01         5318  adda(1)                         #39
              122b 2110  anda [$10]       5319  anda([serialLast])              #40
              122c ec30  bne  .buttons#43 5320  bne('.buttons#43')              #41
              122d 00fe  ld   $fe         5321  ld(254)                         #42 then clear the selected bit
              122e 0200  nop              5322  nop()                           #43
              122f fc33  bra  .buttons#46 5323  bra('.buttons#46')              #44
                                          5324  label('.buttons#43')
.buttons#43:  1230 a10f  suba [$0f]       5325  suba([serialRaw])               #43,45
              1231 2111  anda [$11]       5326  anda([buttonState])             #44
              1232 c211  st   [$11]       5327  st([buttonState])               #45
                                          5328  label('.buttons#46')
.buttons#46:  1233 010f  ld   [$0f]       5329  ld([serialRaw])                 #46 Set the lower bits
              1234 4111  ora  [$11]       5330  ora([buttonState])              #47
                                          5331  label('.buttons#48')
.buttons#48:  1235 c211  st   [$11]       5332  st([buttonState])               #48
              1236 010f  ld   [$0f]       5333  ld([serialRaw])                 #49 Update serialLast for next pass
              1237 e0b3  jmp  y,$b3       5334  jmp(Y,'vBlankLast#52')          #50
              1238 c210  st   [$10]       5335  st([serialLast])                #51
                                          5336
                                          5337  # TypeB
                                          5338  # pChange = pNew & ~pOld
                                          5339  # nChange = nNew | ~nOld {DeMorgan}
                                          5340  label('.buttons#39')
.buttons#39:  1239 00ff  ld   $ff         5341  ld(255)                         #39 [TypeB] Bitwise edge-filter to detect button presses
              123a 6110  xora [$10]       5342  xora([serialLast])              #40
              123b 410f  ora  [$0f]       5343  ora([serialRaw])                #41 Catch button-press events
              123c 2111  anda [$11]       5344  anda([buttonState])             #42 Keep active button presses
              123d 410f  ora  [$0f]       5345  ora([serialRaw])                #43
              123e 0200  nop              5346  nop()                           #44
              123f 0200  nop              5347  nop()                           #45
              1240 fc35  bra  .buttons#48 5348  bra('.buttons#48')              #46
              1241 0200  nop              5349  nop()                           #47
                                          5350
                                          5351
                                          5352  #-----------------------------------------------------------------------
                                          5353  #       More SYS functions
                                          5354  #-----------------------------------------------------------------------
                                          5355
                                          5356  # SYS_Exec_88 implementation
                                          5357  label('sys_Exec')
sys_Exec:     1242 d617  st   [$17],y     5358  st([vPC+1],Y)                   #18 Clear vPCH and Y
              1243 011c  ld   [$1c]       5359  ld([vSP])                       #19 Place ROM loader below current stack pointer
              1244 a037  suba $37         5360  suba(53+2)                      #20 (AC -> *+0) One extra word for PUSH
              1245 d21d  st   [$1d],x     5361  st([vTmp],X)                    #21
              1246 80fe  adda $fe         5362  adda(-2)                        #22 (AC -> *-2)
              1247 c216  st   [$16]       5363  st([vPC])                       #23
                                          5364  # Start of manually compiled vCPU section
              1248 dc75  st   $75,[y,x++] 5365  st('PUSH',    [Y,Xpp])          #24 *+0
              1249 dccf  st   $cf,[y,x++] 5366  st('CALL',    [Y,Xpp])          #25 *+26 Fetch first byte
              124a 8023  adda $23         5367  adda(33-(-2))                   #26 (AC -> *+33)
              124b de00  st   [y,x++]     5368  st(           [Y,Xpp])          #27 *+27
              124c dc5e  st   $5e,[y,x++] 5369  st('ST',      [Y,Xpp])          #28 *+3 Chunk copy loop
              124d dc27  st   $27,[y,x++] 5370  st(sysArgs+3, [Y,Xpp])          #29 *+4 High-address comes first
              124e dccf  st   $cf,[y,x++] 5371  st('CALL',    [Y,Xpp])          #30 *+5
              124f de00  st   [y,x++]     5372  st(           [Y,Xpp])          #31 *+6
              1250 dc5e  st   $5e,[y,x++] 5373  st('ST',      [Y,Xpp])          #32 *+7
              1251 dc26  st   $26,[y,x++] 5374  st(sysArgs+2, [Y,Xpp])          #33 *+8 Then the low address
              1252 dccf  st   $cf,[y,x++] 5375  st('CALL',    [Y,Xpp])          #34 *+9
              1253 de00  st   [y,x++]     5376  st(           [Y,Xpp])          #35 *+10
              1254 dc5e  st   $5e,[y,x++] 5377  st('ST',      [Y,Xpp])          #36 *+11 Byte copy loop
              1255 dc28  st   $28,[y,x++] 5378  st(sysArgs+4, [Y,Xpp])          #37 *+12 Byte count (0 means 256)
              1256 dccf  st   $cf,[y,x++] 5379  st('CALL',    [Y,Xpp])          #38 *+13
              1257 de00  st   [y,x++]     5380  st(           [Y,Xpp])          #39 *+14
              1258 dcf0  st   $f0,[y,x++] 5381  st('POKE',    [Y,Xpp])          #40 *+15
              1259 dc26  st   $26,[y,x++] 5382  st(sysArgs+2, [Y,Xpp])          #41 *+16
              125a dc93  st   $93,[y,x++] 5383  st('INC',     [Y,Xpp])          #42 *+17
              125b dc26  st   $26,[y,x++] 5384  st(sysArgs+2, [Y,Xpp])          #43 *+18
              125c dc1a  st   $1a,[y,x++] 5385  st('LD',      [Y,Xpp])          #44 *+19
              125d dc28  st   $28,[y,x++] 5386  st(sysArgs+4, [Y,Xpp])          #45 *+20
              125e dce6  st   $e6,[y,x++] 5387  st('SUBI',    [Y,Xpp])          #46 *+21
              125f dc01  st   $01,[y,x++] 5388  st(1,         [Y,Xpp])          #47 *+22
              1260 dc35  st   $35,[y,x++] 5389  st('BCC',     [Y,Xpp])          #48 *+23
              1261 dc72  st   $72,[y,x++] 5390  st('NE',      [Y,Xpp])          #49 *+24
              1262 80e8  adda $e8         5391  adda(11-2-33)                   #50 (AC -> *+9)
              1263 de00  st   [y,x++]     5392  st(           [Y,Xpp])          #51 *+25
              1264 dccf  st   $cf,[y,x++] 5393  st('CALL',    [Y,Xpp])          #52 *+26 Go to next block
              1265 8018  adda $18         5394  adda(33-9)                      #53 (AC -> *+33)
              1266 de00  st   [y,x++]     5395  st(           [Y,Xpp])          #54 *+27
              1267 dc35  st   $35,[y,x++] 5396  st('BCC',     [Y,Xpp])          #55 *+28
              1268 dc72  st   $72,[y,x++] 5397  st('NE',      [Y,Xpp])          #56 *+29
              1269 80e0  adda $e0         5398  adda(3-2-33)                    #57 (AC -> *+1)
              126a de00  st   [y,x++]     5399  st(           [Y,Xpp])          #58 *+30
              126b dc63  st   $63,[y,x++] 5400  st('POP',     [Y,Xpp])          #59 *+31 End
              126c dcff  st   $ff,[y,x++] 5401  st('RET',     [Y,Xpp])          #60 *+32
                                          5402  # Pointer constant pointing to the routine below (for use by CALL)
              126d 8022  adda $22         5403  adda(35-1)                      #61 (AC -> *+35)
              126e de00  st   [y,x++]     5404  st(           [Y,Xpp])          #62 *+33
              126f dc00  st   $00,[y,x++] 5405  st(0,         [Y,Xpp])          #63 *+34
                                          5406  # Routine to read next byte from ROM and advance read pointer
              1270 dc1a  st   $1a,[y,x++] 5407  st('LD',      [Y,Xpp])          #64 *+35 Test for end of ROM table
              1271 dc24  st   $24,[y,x++] 5408  st(sysArgs+0, [Y,Xpp])          #65 *+36
              1272 dc8c  st   $8c,[y,x++] 5409  st('XORI',    [Y,Xpp])          #66 *+37
              1273 dcfb  st   $fb,[y,x++] 5410  st(251,       [Y,Xpp])          #67 *+38
              1274 dc35  st   $35,[y,x++] 5411  st('BCC',     [Y,Xpp])          #68 *+39
              1275 dc72  st   $72,[y,x++] 5412  st('NE',      [Y,Xpp])          #69 *+40
              1276 8009  adda $09         5413  adda(46-2-35)                   #70 (AC -> *+44)
              1277 de00  st   [y,x++]     5414  st(           [Y,Xpp])          #71 *+41
              1278 dc5e  st   $5e,[y,x++] 5415  st('ST',      [Y,Xpp])          #72 *+42 Wrap to next ROM page
              1279 dc24  st   $24,[y,x++] 5416  st(sysArgs+0, [Y,Xpp])          #73 *+43
              127a dc93  st   $93,[y,x++] 5417  st('INC',     [Y,Xpp])          #74 *+44
              127b dc25  st   $25,[y,x++] 5418  st(sysArgs+1, [Y,Xpp])          #75 *+45
              127c dc21  st   $21,[y,x++] 5419  st('LDW',     [Y,Xpp])          #76 *+46 Read next byte from ROM table
              127d dc24  st   $24,[y,x++] 5420  st(sysArgs+0, [Y,Xpp])          #77 *+47
              127e dc7f  st   $7f,[y,x++] 5421  st('LUP',     [Y,Xpp])          #78 *+48
              127f dc00  st   $00,[y,x++] 5422  st(0,         [Y,Xpp])          #79 *+49
              1280 dc93  st   $93,[y,x++] 5423  st('INC',     [Y,Xpp])          #80 *+50 Increment read pointer
              1281 dc24  st   $24,[y,x++] 5424  st(sysArgs+0, [Y,Xpp])          #81 *+51
              1282 dcff  st   $ff,[y,x++] 5425  st('RET',     [Y,Xpp])          #82 *+52 Return
                                          5426  # Return to interpreter
              1283 1403  ld   $03,y       5427  ld(hi('REENTER'),Y)             #83
              1284 e0cb  jmp  y,$cb       5428  jmp(Y,'REENTER')                #84
              1285 00d4  ld   $d4         5429  ld(-88/2)                       #85
                                          5430
                                          5431  # SYS_VDrawBits_134 implementation
                                          5432  label('sys_VDrawBits')
sys_VDrawBits:
              1286 0000  ld   $00         5433  ld(0)                           #18
                                          5434  label('.sysVdb0')
.sysVdb0:     1287 c21d  st   [$1d]       5435  st([vTmp])                      #19+i*25
              1288 9529  adda [$29],y     5436  adda([sysArgs+5],Y)             #20+i*25 Y=[sysPos+1]+[vTmp]
              1289 0126  ld   [$26]       5437  ld([sysArgs+2])                 #21+i*25 Select color
              128a e88d  blt  $128d       5438  bmi(pc()+3)                     #22+i*25
              128b fc8e  bra  $128e       5439  bra(pc()+3)                     #23+i*25
              128c 0124  ld   [$24]       5440  ld([sysArgs+0])                 #24+i*25
              128d 0125  ld   [$25]       5441  ld([sysArgs+1])                 #24+i*25(!)
              128e ce00  st   [y,x]       5442  st([Y,X])                       #25+i*25 Draw pixel
              128f 0126  ld   [$26]       5443  ld([sysArgs+2])                 #26+i*25 Shift byte left
              1290 8200  adda ac          5444  adda(AC)                        #27+i*25
              1291 c226  st   [$26]       5445  st([sysArgs+2])                 #28+i*25
              1292 011d  ld   [$1d]       5446  ld([vTmp])                      #29+i*25 Unrolled loop (once)
              1293 8129  adda [$29]       5447  adda([sysArgs+5])               #31+i*25
              1294 9401  adda $01,y       5448  adda(1,Y)                       #30+i*25 Y=[sysPos+1]+[vTmp]+1
              1295 0126  ld   [$26]       5449  ld([sysArgs+2])                 #32+i*25 Select color
              1296 e899  blt  $1299       5450  bmi(pc()+3)                     #33+i*25
              1297 fc9a  bra  $129a       5451  bra(pc()+3)                     #34+i*25
              1298 0124  ld   [$24]       5452  ld([sysArgs+0])                 #35+i*25
              1299 0125  ld   [$25]       5453  ld([sysArgs+1])                 #35+i*25(!)
              129a ce00  st   [y,x]       5454  st([Y,X])                       #36+i*25 Draw pixel
              129b 0126  ld   [$26]       5455  ld([sysArgs+2])                 #37+i*25 Shift byte left
              129c 8200  adda ac          5456  adda(AC)                        #38+i*25
              129d c226  st   [$26]       5457  st([sysArgs+2])                 #39+i*25
              129e 011d  ld   [$1d]       5458  ld([vTmp])                      #40+i*25 Loop counter
              129f a006  suba $06         5459  suba(6)                         #41+i*25
              12a0 ec87  bne  .sysVdb0    5460  bne('.sysVdb0')                 #42+i*25
              12a1 8008  adda $08         5461  adda(8)                         #43+i*25 Steps of 2
              12a2 1403  ld   $03,y       5462  ld(hi('REENTER'),Y)             #119
              12a3 e0cb  jmp  y,$cb       5463  jmp(Y,'REENTER')                #120
              12a4 00c2  ld   $c2         5464  ld(-124/2)                      #121
                                          5465
                                          5466  # SYS_ResetWaveforms_v4_50 implementation
                                          5467  label('sys_ResetWaveforms')
sys_ResetWaveforms:
              12a5 0118  ld   [$18]       5468  ld([vAC+0])                     #18 X=4i
              12a6 8200  adda ac          5469  adda(AC)                        #19
              12a7 9200  adda ac,x        5470  adda(AC,X)                      #20
              12a8 0118  ld   [$18]       5471  ld([vAC+0])                     #21
              12a9 de00  st   [y,x++]     5472  st([Y,Xpp])                     #22 Sawtooth: T[4i+0] = i
              12aa 2020  anda $20         5473  anda(0x20)                      #23 Triangle: T[4i+1] = 2i if i<32 else 127-2i
              12ab ecae  bne  $12ae       5474  bne(pc()+3)                     #24
              12ac 0118  ld   [$18]       5475  ld([vAC+0])                     #25
              12ad fcb0  bra  $12b0       5476  bra(pc()+3)                     #26
              12ae 8118  adda [$18]       5477  adda([vAC+0])                   #26,27
              12af 607f  xora $7f         5478  xora(127)                       #27
              12b0 de00  st   [y,x++]     5479  st([Y,Xpp])                     #28
              12b1 0118  ld   [$18]       5480  ld([vAC+0])                     #29 Pulse: T[4i+2] = 0 if i<32 else 63
              12b2 2020  anda $20         5481  anda(0x20)                      #30
              12b3 ecb6  bne  $12b6       5482  bne(pc()+3)                     #31
              12b4 fcb7  bra  $12b7       5483  bra(pc()+3)                     #32
              12b5 0000  ld   $00         5484  ld(0)                           #33
              12b6 003f  ld   $3f         5485  ld(63)                          #33(!)
              12b7 de00  st   [y,x++]     5486  st([Y,Xpp])                     #34
              12b8 0118  ld   [$18]       5487  ld([vAC+0])                     #35 Sawtooth: T[4i+3] = i
              12b9 ce00  st   [y,x]       5488  st([Y,X])                       #36
              12ba 8001  adda $01         5489  adda(1)                         #37 i += 1
              12bb c218  st   [$18]       5490  st([vAC+0])                     #38
              12bc 6040  xora $40         5491  xora(64)                        #39 For 64 iterations
              12bd f0c0  beq  $12c0       5492  beq(pc()+3)                     #40
              12be fcc1  bra  $12c1       5493  bra(pc()+3)                     #41
              12bf 00fe  ld   $fe         5494  ld(-2)                          #42
              12c0 0000  ld   $00         5495  ld(0)                           #42(!)
              12c1 8116  adda [$16]       5496  adda([vPC])                     #43
              12c2 c216  st   [$16]       5497  st([vPC])                       #44
              12c3 1403  ld   $03,y       5498  ld(hi('REENTER'),Y)             #45
              12c4 e0cb  jmp  y,$cb       5499  jmp(Y,'REENTER')                #46
              12c5 00e7  ld   $e7         5500  ld(-50/2)                       #47
                                          5501
                                          5502  # SYS_ShuffleNoise_v4_46 implementation
                                          5503  label('sys_ShuffleNoise')
sys_ShuffleNoise:
              12c6 1118  ld   [$18],x     5504  ld([vAC+0],X)                   #18 tmp = T[4j]
              12c7 0d00  ld   [y,x]       5505  ld([Y,X])                       #19
              12c8 c21d  st   [$1d]       5506  st([vTmp])                      #20
              12c9 1119  ld   [$19],x     5507  ld([vAC+1],X)                   #21 T[4j] = T[4i]
              12ca 0d00  ld   [y,x]       5508  ld([Y,X])                       #22
              12cb 1118  ld   [$18],x     5509  ld([vAC+0],X)                   #23
              12cc ce00  st   [y,x]       5510  st([Y,X])                       #24
              12cd 8200  adda ac          5511  adda(AC)                        #25 j += T[4i]
              12ce 8200  adda ac          5512  adda(AC,)                       #26
              12cf 8118  adda [$18]       5513  adda([vAC+0])                   #27
              12d0 c218  st   [$18]       5514  st([vAC+0])                     #28
              12d1 1119  ld   [$19],x     5515  ld([vAC+1],X)                   #29 T[4i] = tmp
              12d2 011d  ld   [$1d]       5516  ld([vTmp])                      #30
              12d3 ce00  st   [y,x]       5517  st([Y,X])                       #31
              12d4 0119  ld   [$19]       5518  ld([vAC+1])                     #32 i += 1
              12d5 8004  adda $04         5519  adda(4)                         #33
              12d6 c219  st   [$19]       5520  st([vAC+1])                     #34
              12d7 f0da  beq  $12da       5521  beq(pc()+3)                     #35 For 64 iterations
              12d8 fcdb  bra  $12db       5522  bra(pc()+3)                     #36
              12d9 00fe  ld   $fe         5523  ld(-2)                          #37
              12da 0000  ld   $00         5524  ld(0)                           #37(!)
              12db 8116  adda [$16]       5525  adda([vPC])                     #38
              12dc c216  st   [$16]       5526  st([vPC])                       #39
              12dd 1403  ld   $03,y       5527  ld(hi('NEXTY'),Y)               #40
              12de e000  jmp  y,$00       5528  jmp(Y,'NEXTY')                  #41
              12df 00ea  ld   $ea         5529  ld(-44/2)                       #42
                                          5530
                                          5531
                                          5532  #-----------------------------------------------------------------------
                                          5533  #
                                          5534  #  $1300 ROM page 19/20: SYS calls
                                          5535  #
                                          5536  #-----------------------------------------------------------------------
                                          5537
              12e0 0200  nop              5538  align(0x100, size=0x100)
              12e1 0200  nop
              12e2 0200  nop
              * 32 times
                                          5539
                                          5540  # SYS_CopyMemory_v6_80 implementation
                                          5541
                                          5542  label('sys_CopyMemory')
sys_CopyMemory:
              1300 f83e  ble  .sysCm#20   5543  ble('.sysCm#20')                     #18   goto burst6
              1301 a006  suba $06         5544  suba(6)                              #19
              1302 f440  bge  .sysCm#22   5545  bge('.sysCm#22')                     #20   goto burst6
              1303 1527  ld   [$27],y     5546  ld([sysArgs+3],Y)                    #21
              1304 8003  adda $03         5547  adda(3)                              #22
              1305 f41d  bge  .sysCm#25   5548  bge('.sysCm#25')                     #23   goto burst3
              1306 1126  ld   [$26],x     5549  ld([sysArgs+2],X)                    #24
                                          5550
              1307 8002  adda $02         5551  adda(2)                              #25   single
              1308 c218  st   [$18]       5552  st([vAC])                            #26
              1309 0d00  ld   [y,x]       5553  ld([Y,X])                            #27
              130a 1525  ld   [$25],y     5554  ld([sysArgs+1],Y)                    #28
              130b 1124  ld   [$24],x     5555  ld([sysArgs+0],X)                    #29
              130c ce00  st   [y,x]       5556  st([Y,X])                            #30
              130d 0124  ld   [$24]       5557  ld([sysArgs+0])                      #31
              130e 8001  adda $01         5558  adda(1)                              #32
              130f c224  st   [$24]       5559  st([sysArgs+0])                      #33
              1310 0126  ld   [$26]       5560  ld([sysArgs+2])                      #34
              1311 8001  adda $01         5561  adda(1)                              #35
              1312 c226  st   [$26]       5562  st([sysArgs+2])                      #36
              1313 0118  ld   [$18]       5563  ld([vAC])                            #37
              1314 f017  beq  $1317       5564  beq(pc()+3)                          #38
              1315 fc18  bra  $1318       5565  bra(pc()+3)                          #39
              1316 00fe  ld   $fe         5566  ld(-2)                               #40
              1317 0000  ld   $00         5567  ld(0)                                #40!
              1318 8116  adda [$16]       5568  adda([vPC])                          #41
              1319 c216  st   [$16]       5569  st([vPC])                            #42
              131a 1403  ld   $03,y       5570  ld(hi('REENTER'),Y)                  #43
              131b e0cb  jmp  y,$cb       5571  jmp(Y,'REENTER')                     #44
              131c 00e8  ld   $e8         5572  ld(-48/2)                            #45
                                          5573
                                          5574  label('.sysCm#25')
.sysCm#25:    131d c218  st   [$18]       5575  st([vAC])                            #25   burst3
                                          5576  for i in range(3):
              131e 0d00  ld   [y,x]       5577    ld([Y,X])                            #26+3*i
              131f c228  st   [$28]       5578    st([sysArgs+4+i])                    #27+3*i
              1320 de00  st   [y,x++]     5579    st([Y,Xpp]) if i<2 else None         #28+3*i
              1321 0d00  ld   [y,x]
              1322 c229  st   [$29]
              1323 de00  st   [y,x++]
              1324 0d00  ld   [y,x]
              1325 c22a  st   [$2a]
              1326 1525  ld   [$25],y     5580  ld([sysArgs+1],Y)                    #34
              1327 1124  ld   [$24],x     5581  ld([sysArgs+0],X)                    #35
                                          5582  for i in range(3):
              1328 0128  ld   [$28]       5583    ld([sysArgs+4+i])                    #36+2*i
              1329 de00  st   [y,x++]     5584    st([Y,Xpp])                          #37+2*i
              132a 0129  ld   [$29]
              132b de00  st   [y,x++]
              132c 012a  ld   [$2a]
              132d de00  st   [y,x++]
              132e 0124  ld   [$24]       5585  ld([sysArgs+0])                      #42
              132f 8003  adda $03         5586  adda(3)                              #43
              1330 c224  st   [$24]       5587  st([sysArgs+0])                      #44
              1331 0126  ld   [$26]       5588  ld([sysArgs+2])                      #45
              1332 8003  adda $03         5589  adda(3)                              #46
              1333 c226  st   [$26]       5590  st([sysArgs+2])                      #47
              1334 0118  ld   [$18]       5591  ld([vAC])                            #48
              1335 f038  beq  $1338       5592  beq(pc()+3)                          #49
              1336 fc39  bra  $1339       5593  bra(pc()+3)                          #50
              1337 00fe  ld   $fe         5594  ld(-2)                               #51
              1338 0000  ld   $00         5595  ld(0)                                #51!
              1339 8116  adda [$16]       5596  adda([vPC])                          #52
              133a c216  st   [$16]       5597  st([vPC])                            #53
              133b 1403  ld   $03,y       5598  ld(hi('NEXTY'),Y)                    #54
              133c e000  jmp  y,$00       5599  jmp(Y,'NEXTY')                       #55
              133d 00e3  ld   $e3         5600  ld(-58/2)                            #56
                                          5601
                                          5602  label('.sysCm#20')
.sysCm#20:    133e 0200  nop              5603  nop()                                #20   burst6
              133f 1527  ld   [$27],y     5604  ld([sysArgs+3],Y)                    #21
                                          5605  label('.sysCm#22')
.sysCm#22:    1340 c218  st   [$18]       5606  st([vAC])                            #22   burst6
              1341 1126  ld   [$26],x     5607  ld([sysArgs+2],X)                    #23
                                          5608  for i in range(6):
              1342 0d00  ld   [y,x]       5609    ld([Y,X])                            #24+i*3
              1343 c21a  st   [$1a]       5610    st([vLR+i if i<2 else sysArgs+2+i])  #25+i*3
              1344 de00  st   [y,x++]     5611    st([Y,Xpp]) if i<5 else None         #26+i*3 if i<5
              1345 0d00  ld   [y,x]
              1346 c21b  st   [$1b]
              1347 de00  st   [y,x++]
              1348 0d00  ld   [y,x]
              1349 c228  st   [$28]
              134a de00  st   [y,x++]
              134b 0d00  ld   [y,x]
              134c c229  st   [$29]
              134d de00  st   [y,x++]
              134e 0d00  ld   [y,x]
              134f c22a  st   [$2a]
              1350 de00  st   [y,x++]
              1351 0d00  ld   [y,x]
              1352 c22b  st   [$2b]
              1353 1525  ld   [$25],y     5612  ld([sysArgs+1],Y)                    #41
              1354 1124  ld   [$24],x     5613  ld([sysArgs+0],X)                    #42
                                          5614  for i in range(6):
              1355 011a  ld   [$1a]       5615    ld([vLR+i if i<2 else sysArgs+2+i])  #43+i*2
              1356 de00  st   [y,x++]     5616    st([Y,Xpp])                          #44+i*2
              1357 011b  ld   [$1b]
              1358 de00  st   [y,x++]
              1359 0128  ld   [$28]
              135a de00  st   [y,x++]
              135b 0129  ld   [$29]
              135c de00  st   [y,x++]
              135d 012a  ld   [$2a]
              135e de00  st   [y,x++]
              135f 012b  ld   [$2b]
              1360 de00  st   [y,x++]
              1361 0124  ld   [$24]       5617  ld([sysArgs+0])                      #55
              1362 8006  adda $06         5618  adda(6)                              #56
              1363 c224  st   [$24]       5619  st([sysArgs+0])                      #57
              1364 0126  ld   [$26]       5620  ld([sysArgs+2])                      #58
              1365 8006  adda $06         5621  adda(6)                              #59
              1366 c226  st   [$26]       5622  st([sysArgs+2])                      #60
                                          5623
              1367 0118  ld   [$18]       5624  ld([vAC])                            #61
              1368 ec6c  bne  .sysCm#64   5625  bne('.sysCm#64')                     #62
              1369 1403  ld   $03,y       5626  ld(hi('REENTER'),Y)                  #63
              136a e0cb  jmp  y,$cb       5627  jmp(Y,'REENTER')                     #64
              136b 00de  ld   $de         5628  ld(-68/2)                            #65
                                          5629
                                          5630  label('.sysCm#64')
.sysCm#64:    136c 00e6  ld   $e6         5631  ld(-52/2)                            #64
              136d 8115  adda [$15]       5632  adda([vTicks])                       #13 = 65 - 52
              136e c215  st   [$15]       5633  st([vTicks])                         #14
              136f 80e7  adda $e7         5634  adda(min(0,maxTicks-(26+52)/2))      #15   could probably be min(0,maxTicks-(26+52)/2)
                                          5635  bge('sys_CopyMemory')                #16
              1370 f400  bge  sys_CopyMemory
              1371 0118  ld   [$18]       5636  ld([vAC])                            #17
              1372 00fe  ld   $fe         5637  ld(-2)                               #18   notime
              1373 8116  adda [$16]       5638  adda([vPC])                          #19
              1374 c216  st   [$16]       5639  st([vPC])                            #20
              1375 1403  ld   $03,y       5640  ld(hi('REENTER'),Y)                  #21
              1376 e0cb  jmp  y,$cb       5641  jmp(Y,'REENTER')                     #22
              1377 00f3  ld   $f3         5642  ld(-26/2)                            #23
                                          5643
                                          5644  #-----------------------------------------------------------------------
                                          5645  # SYS_CopyMemoryExt_v6_100 implementation
                                          5646
                                          5647  label('sys_CopyMemoryExt')
                                          5648
sys_CopyMemoryExt:
              1378 8200  adda ac          5649  adda(AC)                             #18
              1379 8200  adda ac          5650  adda(AC)                             #19
              137a 403c  ora  $3c         5651  ora(0x3c)                            #20
              137b c21d  st   [$1d]       5652  st([vTmp])                           #21 [vTmp] = src ctrl value
              137c 0119  ld   [$19]       5653  ld([vAC+1])                          #22
              137d 20fc  anda $fc         5654  anda(0xfc)                           #23
              137e 403c  ora  $3c         5655  ora(0x3c)                            #24
              137f c21a  st   [$1a]       5656  st([vLR])                            #25 [vLR] = dest ctrl value
                                          5657
                                          5658  label('.sysCme#26')
.sysCme#26:   1380 0118  ld   [$18]       5659  ld([vAC])                            #26
              1381 f8a4  ble  .sysCme#29  5660  ble('.sysCme#29')                    #27   goto burst5
              1382 a005  suba $05         5661  suba(5)                              #28
              1383 f4a6  bge  .sysCme#31  5662  bge('.sysCme#31')                    #29   goto burst5
              1384 1527  ld   [$27],y     5663  ld([sysArgs+3],Y)                    #30
              1385 8004  adda $04         5664  adda(4)                              #31
                                          5665
              1386 c218  st   [$18]       5666  st([vAC])                            #32   single
              1387 111d  ld   [$1d],x     5667  ld([vTmp],X)                         #33
              1388 c500  ctrl x           5668  ctrl(X)                              #34
              1389 1126  ld   [$26],x     5669  ld([sysArgs+2],X)                    #35
              138a 0d00  ld   [y,x]       5670  ld([Y,X])                            #36
              138b 111a  ld   [$1a],x     5671  ld([vLR],X)                          #37
              138c c500  ctrl x           5672  ctrl(X)                              #38
              138d 1525  ld   [$25],y     5673  ld([sysArgs+1],Y)                    #39
              138e 1124  ld   [$24],x     5674  ld([sysArgs+0],X)                    #40
              138f ce00  st   [y,x]       5675  st([Y,X])                            #41
              1390 1401  ld   $01,y       5676  ld(hi(ctrlBits), Y)                  #42
              1391 09f8  ld   [y,$f8]     5677  ld([Y,ctrlBits])                     #43
              1392 1200  ld   ac,x        5678  ld(AC,X)                             #44
              1393 c500  ctrl x           5679  ctrl(X)                              #45
              1394 0124  ld   [$24]       5680  ld([sysArgs+0])                      #46
              1395 8001  adda $01         5681  adda(1)                              #47
              1396 c224  st   [$24]       5682  st([sysArgs+0])                      #48
              1397 0126  ld   [$26]       5683  ld([sysArgs+2])                      #49
              1398 8001  adda $01         5684  adda(1)                              #50
              1399 c226  st   [$26]       5685  st([sysArgs+2])                      #51
              139a 0118  ld   [$18]       5686  ld([vAC])                            #52  done?
              139b f09e  beq  $139e       5687  beq(pc()+3)                          #53
              139c fc9f  bra  $139f       5688  bra(pc()+3)                          #54
              139d 00fe  ld   $fe         5689  ld(-2)                               #55  restart
              139e 0000  ld   $00         5690  ld(0)                                #55! finished
              139f 8116  adda [$16]       5691  adda([vPC])                          #56
              13a0 c216  st   [$16]       5692  st([vPC])                            #57
              13a1 1403  ld   $03,y       5693  ld(hi('NEXTY'),Y)                    #58
              13a2 e000  jmp  y,$00       5694  jmp(Y,'NEXTY')                       #59
              13a3 00e1  ld   $e1         5695  ld(-62/2)                            #60
                                          5696
                                          5697  label('.sysCme#29')
.sysCme#29:   13a4 0200  nop              5698  nop()                                #29   burst5
              13a5 1527  ld   [$27],y     5699  ld([sysArgs+3],Y)                    #30
                                          5700  label('.sysCme#31')
.sysCme#31:   13a6 c218  st   [$18]       5701  st([vAC])                            #31   burst5
              13a7 111d  ld   [$1d],x     5702  ld([vTmp],X)                         #32
              13a8 c500  ctrl x           5703  ctrl(X)                              #33
              13a9 1126  ld   [$26],x     5704  ld([sysArgs+2],X)                    #34
                                          5705  for i in range(5):
              13aa 0d00  ld   [y,x]       5706    ld([Y,X])                            #35+i*3
              13ab c21b  st   [$1b]       5707    st([vLR+1 if i<1 else sysArgs+3+i])  #36+i*3
              13ac de00  st   [y,x++]     5708    st([Y,Xpp]) if i<4 else None         #37+i*3 if i<4
              13ad 0d00  ld   [y,x]
              13ae c228  st   [$28]
              13af de00  st   [y,x++]
              13b0 0d00  ld   [y,x]
              13b1 c229  st   [$29]
              13b2 de00  st   [y,x++]
              13b3 0d00  ld   [y,x]
              13b4 c22a  st   [$2a]
              13b5 de00  st   [y,x++]
              13b6 0d00  ld   [y,x]
              13b7 c22b  st   [$2b]
              13b8 111a  ld   [$1a],x     5709  ld([vLR],X)                          #49
              13b9 c500  ctrl x           5710  ctrl(X)                              #50
              13ba 1525  ld   [$25],y     5711  ld([sysArgs+1],Y)                    #51
              13bb 1124  ld   [$24],x     5712  ld([sysArgs+0],X)                    #52
                                          5713  for i in range(5):
              13bc 011b  ld   [$1b]       5714    ld([vLR+1 if i<1 else sysArgs+3+i])  #53+i*2
              13bd de00  st   [y,x++]     5715    st([Y,Xpp])                          #54+i*2
              13be 0128  ld   [$28]
              13bf de00  st   [y,x++]
              13c0 0129  ld   [$29]
              13c1 de00  st   [y,x++]
              13c2 012a  ld   [$2a]
              13c3 de00  st   [y,x++]
              13c4 012b  ld   [$2b]
              13c5 de00  st   [y,x++]
              13c6 0124  ld   [$24]       5716  ld([sysArgs+0])                      #63
              13c7 8005  adda $05         5717  adda(5)                              #64
              13c8 c224  st   [$24]       5718  st([sysArgs+0])                      #65
              13c9 0126  ld   [$26]       5719  ld([sysArgs+2])                      #66
              13ca 8005  adda $05         5720  adda(5)                              #67
              13cb c226  st   [$26]       5721  st([sysArgs+2])                      #68
                                          5722
              13cc 0118  ld   [$18]       5723  ld([vAC])                            #69
              13cd ecd6  bne  .sysCme#72  5724  bne('.sysCme#72')                    #70
              13ce 1401  ld   $01,y       5725  ld(hi(ctrlBits), Y)                  #71  we're done!
              13cf 09f8  ld   [y,$f8]     5726  ld([Y,ctrlBits])                     #72
              13d0 30fc  anda $fc,x       5727  anda(0xfc,X)                         #73
              13d1 c500  ctrl x           5728  ctrl(X)                              #74
              13d2 011d  ld   [$1d]       5729  ld([vTmp])                           #75  always read after ctrl
              13d3 1403  ld   $03,y       5730  ld(hi('NEXTY'),Y)                    #76
              13d4 e000  jmp  y,$00       5731  jmp(Y,'NEXTY')                       #77
              13d5 00d8  ld   $d8         5732  ld(-80/2)                            #78
                                          5733
                                          5734  label('.sysCme#72')
.sysCme#72:   13d6 00e6  ld   $e6         5735  ld(-52/2)                            #72
              13d7 8115  adda [$15]       5736  adda([vTicks])                       #21 = 72 - 52
              13d8 c215  st   [$15]       5737  st([vTicks])                         #22
              13d9 80e0  adda $e0         5738  adda(min(0,maxTicks-(40+52)/2))      #23
              13da f480  bge  .sysCme#26  5739  bge('.sysCme#26')                    #24  enough time for another loop
              13db 00fe  ld   $fe         5740  ld(-2)                               #25
              13dc 8116  adda [$16]       5741  adda([vPC])                          #26  restart
              13dd c216  st   [$16]       5742  st([vPC])                            #27
              13de 1401  ld   $01,y       5743  ld(hi(ctrlBits), Y)                  #28
              13df 09f8  ld   [y,$f8]     5744  ld([Y,ctrlBits])                     #29
              13e0 30fc  anda $fc,x       5745  anda(0xfc,X)                         #30
              13e1 c500  ctrl x           5746  ctrl(X)                              #31
              13e2 011d  ld   [$1d]       5747  ld([vTmp])                           #32 always read after ctrl
              13e3 1403  ld   $03,y       5748  ld(hi('REENTER'),Y)                  #33
              13e4 e0cb  jmp  y,$cb       5749  jmp(Y,'REENTER')                     #34
              13e5 00ed  ld   $ed         5750  ld(-38/2)                            #35 max: 38 + 52 = 90 cycles
                                          5751
              13e6 0200  nop              5752  align(0x100, size=0x100)
              13e7 0200  nop
              13e8 0200  nop
              * 26 times
                                          5753
                                          5754  #-----------------------------------------------------------------------
                                          5755  # SYS_ScanMemory_v6_50 implementation
                                          5756
                                          5757  label('sys_ScanMemory')
sys_ScanMemory:
              1400 1124  ld   [$24],x     5758  ld([sysArgs+0],X)                    #18
              1401 0d00  ld   [y,x]       5759  ld([Y,X])                            #19
                                          5760  label('.sysSme#20')
.sysSme#20:   1402 6126  xora [$26]       5761  xora([sysArgs+2])                    #20
              1403 f01e  beq  .sysSme#23  5762  beq('.sysSme#23')                    #21
              1404 0d00  ld   [y,x]       5763  ld([Y,X])                            #22
              1405 6127  xora [$27]       5764  xora([sysArgs+3])                    #23
              1406 f021  beq  .sysSme#26  5765  beq('.sysSme#26')                    #24
              1407 0124  ld   [$24]       5766  ld([sysArgs+0])                      #25
              1408 8001  adda $01         5767  adda(1);                             #26
              1409 d224  st   [$24],x     5768  st([sysArgs+0],X)                    #27
              140a 0118  ld   [$18]       5769  ld([vAC])                            #28
              140b a001  suba $01         5770  suba(1)                              #29
              140c f01a  beq  .sysSme#32  5771  beq('.sysSme#32')                    #30 return zero
              140d c218  st   [$18]       5772  st([vAC])                            #31
              140e 00f7  ld   $f7         5773  ld(-18/2)                            #14 = 32 - 18
              140f 8115  adda [$15]       5774  adda([vTicks])                       #15
              1410 c215  st   [$15]       5775  st([vTicks])                         #16
              1411 80f7  adda $f7         5776  adda(min(0,maxTicks -(28+18)/2))     #17
              1412 f402  bge  .sysSme#20  5777  bge('.sysSme#20')                    #18
              1413 0d00  ld   [y,x]       5778  ld([Y,X])                            #19
              1414 00fe  ld   $fe         5779  ld(-2)                               #20 restart
              1415 8116  adda [$16]       5780  adda([vPC])                          #21
              1416 c216  st   [$16]       5781  st([vPC])                            #22
              1417 1403  ld   $03,y       5782  ld(hi('REENTER'),Y)                  #23
              1418 e0cb  jmp  y,$cb       5783  jmp(Y,'REENTER')                     #24
              1419 00f2  ld   $f2         5784  ld(-28/2)                            #25
                                          5785
                                          5786  label('.sysSme#32')
.sysSme#32:   141a c219  st   [$19]       5787  st([vAC+1])                          #32 return zero
              141b 1403  ld   $03,y       5788  ld(hi('REENTER'),Y)                  #33
              141c e0cb  jmp  y,$cb       5789  jmp(Y,'REENTER')                     #34
              141d 00ed  ld   $ed         5790  ld(-38/2)                            #35
                                          5791
                                          5792  label('.sysSme#23')
.sysSme#23:   141e 0200  nop              5793  nop()                                #23 success
              141f 0200  nop              5794  nop()                                #24
              1420 0124  ld   [$24]       5795  ld([sysArgs+0])                      #25
                                          5796  label('.sysSme#26')
.sysSme#26:   1421 c218  st   [$18]       5797  st([vAC])                            #26 success
              1422 0125  ld   [$25]       5798  ld([sysArgs+1])                      #27
              1423 c219  st   [$19]       5799  st([vAC+1])                          #28
              1424 1403  ld   $03,y       5800  ld(hi('REENTER'),Y)                  #29
              1425 e0cb  jmp  y,$cb       5801  jmp(Y,'REENTER')                     #30
              1426 00ef  ld   $ef         5802  ld(-34/2)                            #31
                                          5803
                                          5804
                                          5805  #-----------------------------------------------------------------------
                                          5806  # SYS_ScanMemoryExt_v6_50 implementation
                                          5807
                                          5808  label('sys_ScanMemoryExt')
sys_ScanMemoryExt:
              1427 503c  ora  $3c,x       5809  ora(0x3c,X)                          #18
              1428 c500  ctrl x           5810  ctrl(X)                              #19
              1429 1525  ld   [$25],y     5811  ld([sysArgs+1],Y)                    #20
              142a 1124  ld   [$24],x     5812  ld([sysArgs+0],X)                    #21
              142b 0d00  ld   [y,x]       5813  ld([Y,X])                            #22
              142c 0200  nop              5814  nop()                                #23
                                          5815  label('.sysSmx#24')
.sysSmx#24:   142d 6126  xora [$26]       5816  xora([sysArgs+2])                    #24
              142e f04a  beq  .sysSmx#27  5817  beq('.sysSmx#27')                    #25
              142f 0d00  ld   [y,x]       5818  ld([Y,X])                            #26
              1430 6127  xora [$27]       5819  xora([sysArgs+3])                    #27
              1431 f04d  beq  .sysSmx#30  5820  beq('.sysSmx#30')                    #28
              1432 0124  ld   [$24]       5821  ld([sysArgs+0])                      #29
              1433 8001  adda $01         5822  adda(1);                             #30
              1434 d224  st   [$24],x     5823  st([sysArgs+0],X)                    #31
              1435 0118  ld   [$18]       5824  ld([vAC])                            #32
              1436 a001  suba $01         5825  suba(1)                              #33
              1437 f053  beq  .sysSmx#36  5826  beq('.sysSmx#36')                    #34 return zero
              1438 c218  st   [$18]       5827  st([vAC])                            #35
              1439 00f7  ld   $f7         5828  ld(-18/2)                            #18 = 36 - 18
              143a 8115  adda [$15]       5829  adda([vTicks])                       #19
              143b c215  st   [$15]       5830  st([vTicks])                         #20
              143c 80f6  adda $f6         5831  adda(min(0,maxTicks -(30+18)/2))     #21
              143d f42d  bge  .sysSmx#24  5832  bge('.sysSmx#24')                    #22
              143e 0d00  ld   [y,x]       5833  ld([Y,X])                            #23
              143f 0116  ld   [$16]       5834  ld([vPC])                            #24
              1440 a002  suba $02         5835  suba(2)                              #25 restart
              1441 c216  st   [$16]       5836  st([vPC])                            #26
              1442 1401  ld   $01,y       5837  ld(hi(ctrlBits),Y)                   #27 restore and return
              1443 09f8  ld   [y,$f8]     5838  ld([Y,ctrlBits])                     #28
              1444 30fc  anda $fc,x       5839  anda(0xfc,X)                         #29
              1445 c500  ctrl x           5840  ctrl(X)                              #30
              1446 011d  ld   [$1d]       5841  ld([vTmp])                           #31
              1447 1403  ld   $03,y       5842  ld(hi('NEXTY'),Y)                    #32
              1448 e000  jmp  y,$00       5843  jmp(Y,'NEXTY')                       #33
              1449 00ee  ld   $ee         5844  ld(-36/2)                            #34
                                          5845
                                          5846  label('.sysSmx#27')
.sysSmx#27:   144a 0200  nop              5847  nop()                                #27 success
              144b 0200  nop              5848  nop()                                #28
              144c 0124  ld   [$24]       5849  ld([sysArgs+0])                      #29
                                          5850  label('.sysSmx#30')
.sysSmx#30:   144d c218  st   [$18]       5851  st([vAC])                            #30 success
              144e 0125  ld   [$25]       5852  ld([sysArgs+1])                      #31
              144f 0200  nop              5853  nop()                                #32
              1450 0200  nop              5854  nop()                                #33
              1451 0200  nop              5855  nop()                                #34
              1452 0200  nop              5856  nop()                                #35
                                          5857  label('.sysSmx#36')
.sysSmx#36:   1453 c219  st   [$19]       5858  st([vAC+1])                          #36
              1454 1401  ld   $01,y       5859  ld(hi(ctrlBits),Y)                   #37 restore and return
              1455 09f8  ld   [y,$f8]     5860  ld([Y,ctrlBits])                     #38
              1456 30fc  anda $fc,x       5861  anda(0xfc,X)                         #39
              1457 c500  ctrl x           5862  ctrl(X)                              #40
              1458 011d  ld   [$1d]       5863  ld([vTmp])                           #41
              1459 1403  ld   $03,y       5864  ld(hi('NEXTY'),Y)                    #42
              145a e000  jmp  y,$00       5865  jmp(Y,'NEXTY')                       #43
              145b 00e9  ld   $e9         5866  ld(-46/2)                            #44
                                          5867
                                          5868
                                          5869  #-----------------------------------------------------------------------
                                          5870  # sys_Multiply_s16, sum:s16 = x:s16 * y:s16
                                          5871  # x:args0:1 y:args2:3 sum:args4:5 mask:args6:7
                                          5872  #
                                          5873  # Written by at67 for early ROMvX0.
                                          5874
                                          5875  label('sys_Multiply_s16')
sys_Multiply_s16:
              145c 2126  anda [$26]       5876  anda([sysArgs+2])               #18,
              145d c218  st   [$18]       5877  st([vAC])                       #19, AC.lo = mask.lo AND y.lo
              145e 012b  ld   [$2b]       5878  ld([sysArgs+7])                 #20, load mask.hio
              145f 2127  anda [$27]       5879  anda([sysArgs+3])               #21,
              1460 c219  st   [$19]       5880  st([vAC+1])                     #22, AC.hi = mask.hi AND y.hi
              1461 4118  ora  [$18]       5881  ora([vAC])                      #23,
                                          5882  beq('.sys_ms16_26')             #24, AC = 0 then skip
              1462 f06a  beq  .sys_ms16_26
              1463 0128  ld   [$28]       5883  ld([sysArgs+4])                 #25, load sum.lo
              1464 8124  adda [$24]       5884  adda([sysArgs+0])               #26, load x.lo
              1465 c228  st   [$28]       5885  st([sysArgs+4])                 #27, sum.lo = sum.lo + x.lo
                                          5886  blt('.sys_ms16_30')             #28, check for carry
              1466 e86c  blt  .sys_ms16_30
              1467 a124  suba [$24]       5887  suba([sysArgs+0])               #29, get original sum.lo back
                                          5888  bra('.sys_ms16_32')             #30,
              1468 fc6e  bra  .sys_ms16_32
              1469 4124  ora  [$24]       5889  ora([sysArgs+0])                #31, carry in bit 7
                                          5890
                                          5891  label('.sys_ms16_26')
                                          5892  bra('.sys_ms16_28')             #26,
.sys_ms16_26: 146a fc74  bra  .sys_ms16_28
              146b 00e4  ld   $e4         5893  ld(-56/2)                       #27, no accumulate sys ticks
                                          5894
                                          5895  label('.sys_ms16_30')
.sys_ms16_30: 146c 2124  anda [$24]       5896  anda([sysArgs+0])               #30, carry in bit 7
              146d 0200  nop              5897  nop()                           #31,
                                          5898
                                          5899  label('.sys_ms16_32')
.sys_ms16_32: 146e 3080  anda $80,x       5900  anda(0x80,X)                    #32,
              146f 0500  ld   [x]         5901  ld([X])                         #33, move carry to bit 0
              1470 8129  adda [$29]       5902  adda([sysArgs+5])               #34,
              1471 8125  adda [$25]       5903  adda([sysArgs+1])               #35,
              1472 c229  st   [$29]       5904  st([sysArgs+5])                 #36, sum.hi = sum.hi + x.hi
              1473 00df  ld   $df         5905  ld(-66/2)                       #37, accumulate sys ticks
                                          5906
                                          5907  label('.sys_ms16_28')
.sys_ms16_28: 1474 c21d  st   [$1d]       5908  st([vTmp])                      #28,#38,
              1475 0124  ld   [$24]       5909  ld([sysArgs+0])                 #29,#39, AC = x.lo
              1476 3080  anda $80,x       5910  anda(0x80,X)                    #30,#40, X = AC & 0x80
              1477 8124  adda [$24]       5911  adda([sysArgs+0])               #31,#41, AC = x.lo <<1
              1478 c224  st   [$24]       5912  st([sysArgs+0])                 #32,#42, x.lo = AC
              1479 0500  ld   [x]         5913  ld([X])                         #33,#43, AC = X >>7
              147a 8125  adda [$25]       5914  adda([sysArgs+1])               #34,#44,
              147b 8125  adda [$25]       5915  adda([sysArgs+1])               #35,#45,
              147c c225  st   [$25]       5916  st([sysArgs+1])                 #36,#46, x.hi = x.hi <<1 + AC
              147d 012a  ld   [$2a]       5917  ld([sysArgs+6])                 #37,#47, AC = mask.lo
              147e 3080  anda $80,x       5918  anda(0x80,X)                    #38,#48, X = AC & 0x80
              147f 812a  adda [$2a]       5919  adda([sysArgs+6])               #39,#49, AC = mask.lo <<1
              1480 c22a  st   [$2a]       5920  st([sysArgs+6])                 #40,#50, mask.lo = AC
              1481 0500  ld   [x]         5921  ld([X])                         #41,#51, AC = X >>7
              1482 812b  adda [$2b]       5922  adda([sysArgs+7])               #42,#52,
              1483 812b  adda [$2b]       5923  adda([sysArgs+7])               #43,#53,
              1484 c22b  st   [$2b]       5924  st([sysArgs+7])                 #44,#54, mask.hi = mask.hi <<1 + AC
              1485 412a  ora  [$2a]       5925  ora([sysArgs+6])                #45,#55,
                                          5926  beq('.sys_ms16_48')             #46,#56, if mask = 0
              1486 f08e  beq  .sys_ms16_48
              1487 0128  ld   [$28]       5927  ld([sysArgs+4])                 #47,#57
              1488 0116  ld   [$16]       5928  ld([vPC])                       #48,#58,
              1489 a002  suba $02         5929  suba(2)                         #49,#59,
              148a c216  st   [$16]       5930  st([vPC])                       #50,#60, restart SYS function
              148b 1403  ld   $03,y       5931  ld(hi('REENTER'),Y)             #51,#61,
              148c e0cb  jmp  y,$cb       5932  jmp(Y,'REENTER')                #52,#62,
              148d 011d  ld   [$1d]       5933  ld([vTmp])                      #53,#63,
                                          5934
                                          5935  label('.sys_ms16_48')
.sys_ms16_48: 148e c218  st   [$18]       5936  st([vAC])                       #48,#58,
              148f 0129  ld   [$29]       5937  ld([sysArgs+5])                 #49,#59,
              1490 c219  st   [$19]       5938  st([vAC+1])                     #50,#60,
              1491 1403  ld   $03,y       5939  ld(hi('REENTER'),Y)             #51,#61,
              1492 e0cb  jmp  y,$cb       5940  jmp(Y,'REENTER')                #52,#62,
              1493 011d  ld   [$1d]       5941  ld([vTmp])                      #53,#63,
                                          5942
                                          5943
                                          5944  #-----------------------------------------------------------------------
                                          5945  # sys_Divide_s16, x:s16 = x:s16 / y:s16, rem:s16 = x:s16 % y:s16
                                          5946  # x:args0:1 y:args2:3 rem:args4:5 mask:args6:7
                                          5947  #
                                          5948  # Written by at67 for early ROMvX0.
                                          5949
                                          5950
                                          5951  label('sys_Divide_s16')
sys_Divide_s16:
              1494 3080  anda $80,x       5952  anda(0x80,X)                    #18, X = AC & 0x80
              1495 8128  adda [$28]       5953  adda([sysArgs+4])               #19, AC = rem.lo <<1
              1496 c228  st   [$28]       5954  st([sysArgs+4])                 #20, rem.lo = AC
              1497 0500  ld   [x]         5955  ld([X])                         #21, AC = X >>7
              1498 8129  adda [$29]       5956  adda([sysArgs+5])               #22,
              1499 8129  adda [$29]       5957  adda([sysArgs+5])               #23,
              149a c229  st   [$29]       5958  st([sysArgs+5])                 #24, rem.hi = rem.hi <<1 + AC
              149b 0125  ld   [$25]       5959  ld([sysArgs+1])                 #25,
              149c 2080  anda $80         5960  anda(0x80)                      #26, sign of x
                                          5961  beq('.sys_ds16_29')             #27, if x >= 0
              149d f0a2  beq  .sys_ds16_29
              149e 0128  ld   [$28]       5962  ld([sysArgs+4])                 #28,
              149f 8001  adda $01         5963  adda(1)                         #29,
                                          5964  bra('.sys_ds16_32')             #30,
              14a0 fca5  bra  .sys_ds16_32
              14a1 c228  st   [$28]       5965  st([sysArgs+4])                 #31, rem.lo++
                                          5966
                                          5967  label('.sys_ds16_29')
.sys_ds16_29: 14a2 0200  nop              5968  nop()                           #29
              14a3 0200  nop              5969  nop()                           #30
              14a4 0200  nop              5970  nop()                           #31
                                          5971  label('.sys_ds16_32')
.sys_ds16_32: 14a5 0124  ld   [$24]       5972  ld([sysArgs+0])                 #32, AC = x.lo
              14a6 3080  anda $80,x       5973  anda(0x80,X)                    #33, X = AC & 0x80
              14a7 8124  adda [$24]       5974  adda([sysArgs+0])               #34, AC = x.lo <<1
              14a8 c224  st   [$24]       5975  st([sysArgs+0])                 #35, x.lo = AC
              14a9 0500  ld   [x]         5976  ld([X])                         #36, AC = X >>7
              14aa 8125  adda [$25]       5977  adda([sysArgs+1])               #37,
              14ab 8125  adda [$25]       5978  adda([sysArgs+1])               #38,
              14ac c225  st   [$25]       5979  st([sysArgs+1])                 #39, x.hi = x.hi <<1 + AC
              14ad 0128  ld   [$28]       5980  ld([sysArgs+4])                 #40, load rem.lo
                                          5981  blt('.sys_ds16_43')             #41, check for borrow
              14ae e8b3  blt  .sys_ds16_43
              14af a126  suba [$26]       5982  suba([sysArgs+2])               #42,
              14b0 c218  st   [$18]       5983  st([vAC])                       #43, vAC.lo = rem.lo - y.lo
                                          5984  bra('.sys_ds16_46')             #44,
              14b1 fcb6  bra  .sys_ds16_46
              14b2 4126  ora  [$26]       5985  ora([sysArgs+2])                #45,
                                          5986
                                          5987  label('.sys_ds16_43')
.sys_ds16_43: 14b3 c218  st   [$18]       5988  st([vAC])                       #43,
              14b4 2126  anda [$26]       5989  anda([sysArgs+2])               #44,
              14b5 0200  nop              5990  nop()                           #45,
                                          5991  label('.sys_ds16_46')
.sys_ds16_46: 14b6 3080  anda $80,x       5992  anda(0x80,X)                    #46, move borrow to bit 0
              14b7 0129  ld   [$29]       5993  ld([sysArgs+5])                 #47, load rem.hi
              14b8 a500  suba [x]         5994  suba([X])                       #48,
              14b9 a127  suba [$27]       5995  suba([sysArgs+3])               #49,
              14ba c219  st   [$19]       5996  st([vAC+1])                     #50, vAC.hi = rem.hi - y.hi
                                          5997  blt('.sys_ds16_53')             #51,
              14bb e8c5  blt  .sys_ds16_53
              14bc 00dc  ld   $dc         5998  ld(-72/2)                       #52
              14bd 0118  ld   [$18]       5999  ld([vAC])                       #53,
              14be c228  st   [$28]       6000  st([sysArgs+4])                 #54,
              14bf 0119  ld   [$19]       6001  ld([vAC+1])                     #55,
              14c0 c229  st   [$29]       6002  st([sysArgs+5])                 #56, rem = vAC
              14c1 0124  ld   [$24]       6003  ld([sysArgs+0])                 #57,
              14c2 8001  adda $01         6004  adda(1)                         #58,
              14c3 c224  st   [$24]       6005  st([sysArgs+0])                 #59, x.lo++
              14c4 00d8  ld   $d8         6006  ld(-80/2)                       #60,
                                          6007
                                          6008  label('.sys_ds16_53')
.sys_ds16_53: 14c5 c21d  st   [$1d]       6009  st([vTmp])                      #53, #61,
              14c6 012a  ld   [$2a]       6010  ld([sysArgs+6])                 #54, #62, AC = mask.lo
              14c7 3080  anda $80,x       6011  anda(0x80,X)                    #55, #63, X = AC & 0x80
              14c8 812a  adda [$2a]       6012  adda([sysArgs+6])               #56, #64, AC = mask.lo <<1
              14c9 c22a  st   [$2a]       6013  st([sysArgs+6])                 #57, #65, mask.lo = AC
              14ca 0500  ld   [x]         6014  ld([X])                         #58, #66, AC = X >>7
              14cb 812b  adda [$2b]       6015  adda([sysArgs+7])               #59, #67,
              14cc 812b  adda [$2b]       6016  adda([sysArgs+7])               #60, #68,
              14cd c22b  st   [$2b]       6017  st([sysArgs+7])                 #61, #69, mask.hi = mask.hi <<1 + AC
              14ce 412a  ora  [$2a]       6018  ora([sysArgs+6])                #62, #70,
                                          6019  bne('.sys_ds16_65')             #63, #71,
              14cf ecd6  bne  .sys_ds16_65
              14d0 0116  ld   [$16]       6020  ld([vPC])                       #64, #72,
              14d1 0200  nop              6021  nop()                           #65, #73,
              14d2 0200  nop              6022  nop()                           #66, #74,
              14d3 1403  ld   $03,y       6023  ld(hi('REENTER'),Y)             #67, #75,
              14d4 e0cb  jmp  y,$cb       6024  jmp(Y,'REENTER')                #68, #76,
              14d5 011d  ld   [$1d]       6025  ld([vTmp])                      #69, #77,
                                          6026  label('.sys_ds16_65')
.sys_ds16_65: 14d6 a002  suba $02         6027  suba(2)                         #65, #73,
              14d7 c216  st   [$16]       6028  st([vPC])                       #66, #74, restart SYS function
              14d8 1403  ld   $03,y       6029  ld(hi('REENTER'),Y)             #67, #75,
              14d9 e0cb  jmp  y,$cb       6030  jmp(Y,'REENTER')                #68, #76,
              14da 011d  ld   [$1d]       6031  ld([vTmp])                      #69, #77,
                                          6032
                                          6033
                                          6034  #-----------------------------------------------------------------------
                                          6035  #
                                          6036  #  End of core
                                          6037  #
                                          6038  #-----------------------------------------------------------------------
                                          6039
              14db 0200  nop              6040  align(0x100)
              14dc 0200  nop
              14dd 0200  nop
              * 36 times
              14ff 0200  nop              6040  align(0x100)
                                          6041
                                          6042  disableListing()
                                          ;+-----------------------------------+
                                          ;| Core/Reset_NO_CARDBOOT.gcl        |
                                          ;+-----------------------------------+
              1500 dc00  st   $00,[y,x++] ;'\x00'
              1501 dc00  st   $00,[y,x++] ;'\x00'
              1502 dc00  st   $00,[y,x++] ;'\x00'
              1503 dc00  st   $00,[y,x++] ;'\x00'
              1504 dc00  st   $00,[y,x++] ;'\x00'
              1505 dc00  st   $00,[y,x++] ;'\x00'
              1506 dc00  st   $00,[y,x++] ;'\x00'
              1507 dc00  st   $00,[y,x++] ;'\x00'
              1508 0000  ld   $00
              1509 c218  st   [$18]
              150a 0000  ld   $00
              150b 1425  ld   $25,y
              150c e0a2  jmp  y,$a2
              150d c219  st   [$19]
Reset:        150e 0002  ld   $02         ;| RAM segment address (high byte first)
              150f 0000  ld   $00         ;|
              1510 0045  ld   $45         ;| Length (1..256)
              1511 0011  ld   $11         ;0200 LDWI
              1512 0000  ld   $00
              1513 0001  ld   $01
              1514 002b  ld   $2b         ;0203 STW
              1515 0030  ld   $30         ;0203 'p'
              1516 0011  ld   $11         ;0205 LDWI
              1517 0000  ld   $00
              1518 0008  ld   $08
              1519 002b  ld   $2b         ;0208 STW
              151a 0032  ld   $32         ;0208 'q'
              151b 001a  ld   $1a         ;020a LD
              151c 0033  ld   $33         ;020a 'q'+1
              151d 00f0  ld   $f0         ;020c POKE
              151e 0030  ld   $30         ;020c 'p'
              151f 0093  ld   $93         ;020e INC
              1520 0030  ld   $30         ;020e 'p'
              1521 0059  ld   $59         ;0210 LDI
              1522 0000  ld   $00
              1523 00f0  ld   $f0         ;0212 POKE
              1524 0030  ld   $30         ;0212 'p'
              1525 0093  ld   $93         ;0214 INC
              1526 0030  ld   $30         ;0214 'p'
              1527 0093  ld   $93         ;0216 INC
              1528 0033  ld   $33         ;0216 'q'+1
              1529 0021  ld   $21         ;0218 LDW
              152a 0032  ld   $32         ;0218 'q'
              152b 0035  ld   $35         ;021a BCC
              152c 004d  ld   $4d         ;021b GT
              152d 0008  ld   $08
              152e 0011  ld   $11         ;021d LDWI
              152f 000f  ld   $0f
              1530 000b  ld   $0b
              1531 002b  ld   $2b         ;0220 STW
              1532 0022  ld   $22
              1533 0059  ld   $59         ;0222 LDI
              1534 0000  ld   $00
              1535 00b4  ld   $b4         ;0224 SYS
              1536 00f5  ld   $f5
              1537 0011  ld   $11         ;0226 LDWI
              1538 0012  ld   $12
              1539 000b  ld   $0b
              153a 002b  ld   $2b         ;0229 STW
              153b 0022  ld   $22
              153c 0059  ld   $59         ;022b LDI
              153d 0000  ld   $00
              153e 00b4  ld   $b4         ;022d SYS
              153f 00f7  ld   $f7
              1540 00b4  ld   $b4         ;022f SYS
              1541 00f7  ld   $f7
              1542 00b4  ld   $b4         ;0231 SYS
              1543 00f7  ld   $f7
              1544 00b4  ld   $b4         ;0233 SYS
              1545 00f7  ld   $f7
              1546 0011  ld   $11         ;0235 LDWI
              1547 00c4  ld   $c4
              1548 001e  ld   $1e
              1549 002b  ld   $2b         ;0238 STW
              154a 0024  ld   $24         ;0238 '_sysArgs0'
              154b 0011  ld   $11         ;023a LDWI
              154c 0000  ld   $00
              154d 0002  ld   $02
              154e 002b  ld   $2b         ;023d STW
              154f 001a  ld   $1a         ;023d '_vLR'
              1550 0059  ld   $59         ;023f LDI
              1551 00ad  ld   $ad
              1552 002b  ld   $2b         ;0241 STW
              1553 0022  ld   $22         ;0241 '_sysFn'
              1554 00b4  ld   $b4         ;0243 SYS
              1555 00e2  ld   $e2
              1556 0000  ld   $00         ;End of Core/Reset_NO_CARDBOOT.gcl, size 73
                                          ;+-----------------------------------+
                                          ;| audio/at67/Piano.gt1              |
                                          ;+-----------------------------------+
              1557 dc52  st   $52,[y,x++] ;'R'
              1558 dc65  st   $65,[y,x++] ;'e'
              1559 dc73  st   $73,[y,x++] ;'s'
              155a dc65  st   $65,[y,x++] ;'e'
              155b dc74  st   $74,[y,x++] ;'t'
              155c dc00  st   $00,[y,x++] ;'\x00'
              155d dc00  st   $00,[y,x++] ;'\x00'
              155e dc00  st   $00,[y,x++] ;'\x00'
              155f 000e  ld   $0e
              1560 c218  st   [$18]
              1561 0015  ld   $15
              1562 1425  ld   $25,y
              1563 e0a2  jmp  y,$a2
              1564 c219  st   [$19]
Piano:        1565 0000  ld   $00
              1566 007e  ld   $7e
              1567 0002  ld   $02
              1568 0001  ld   $01
              1569 0001  ld   $01
              156a 0002  ld   $02
              156b 0000  ld   $00
              156c 00f9  ld   $f9
              156d 0059  ld   $59
              156e 0040  ld   $40
              156f 002b  ld   $2b
              1570 0082  ld   $82
              1571 0011  ld   $11
              1572 00d6  ld   $d6
              1573 0075  ld   $75
              1574 00cf  ld   $cf
              1575 0018  ld   $18
              1576 0011  ld   $11
              1577 0020  ld   $20
              1578 000f  ld   $0f
              1579 002b  ld   $2b
              157a 00a2  ld   $a2
              157b 001a  ld   $1a
              157c 0021  ld   $21
              157d 0088  ld   $88
              157e 0003  ld   $03
              157f 005e  ld   $5e
              1580 0021  ld   $21
              1581 0059  ld   $59
              1582 0002  ld   $02
              1583 002b  ld   $2b
              1584 00aa  ld   $aa
              1585 0059  ld   $59
              1586 0000  ld   $00
              1587 002b  ld   $2b
              1588 00a6  ld   $a6
              1589 001a  ld   $1a
              158a 000e  ld   $0e
              158b 002b  ld   $2b
              158c 00d6  ld   $d6
              158d 0085  ld   $85
              158e 00a0  ld   $a0
              158f 007d  ld   $7d
              1590 0011  ld   $11
              1591 00f9  ld   $f9
              1592 0001  ld   $01
              1593 002b  ld   $2b
              1594 0082  ld   $82
              1595 0059  ld   $59
              1596 00ee  ld   $ee
              1597 00f0  ld   $f0
              1598 0082  ld   $82
              1599 0059  ld   $59
              159a 0002  ld   $02
              159b 002b  ld   $2b
              159c 0082  ld   $82
              159d 0085  ld   $85
              159e 00a2  ld   $a2
              159f 0079  ld   $79
              15a0 0085  ld   $85
              15a1 00cd  ld   $cd
              15a2 0076  ld   $76
              15a3 0011  ld   $11
              15a4 00f9  ld   $f9
              15a5 0001  ld   $01
              15a6 002b  ld   $2b
              15a7 0082  ld   $82
              15a8 0059  ld   $59
              15a9 0000  ld   $00
              15aa 00f0  ld   $f0
              15ab 0082  ld   $82
              15ac 0059  ld   $59
              15ad 0000  ld   $00
              15ae 002b  ld   $2b
              15af 0030  ld   $30
              15b0 002b  ld   $2b
              15b1 0032  ld   $32
              15b2 002b  ld   $2b
              15b3 0034  ld   $34
              15b4 002b  ld   $2b
              15b5 0036  ld   $36
              15b6 002b  ld   $2b
              15b7 0038  ld   $38
              15b8 001a  ld   $1a
              15b9 00a3  ld   $a3
              15ba 002b  ld   $2b
              15bb 003a  ld   $3a
              15bc 001a  ld   $1a
              15bd 00a2  ld   $a2
              15be 002b  ld   $2b
              15bf 003c  ld   $3c
              15c0 0059  ld   $59
              15c1 00fc  ld   $fc
              15c2 002b  ld   $2b
              15c3 003e  ld   $3e
              15c4 0059  ld   $59
              15c5 0002  ld   $02
              15c6 002b  ld   $2b
              15c7 0040  ld   $40
              15c8 0011  ld   $11
              15c9 00f9  ld   $f9
              15ca 0001  ld   $01
              15cb 002b  ld   $2b
              15cc 0082  ld   $82
              15cd 0059  ld   $59
              15ce 00ee  ld   $ee
              15cf 00f0  ld   $f0
              15d0 0082  ld   $82
              15d1 0085  ld   $85
              15d2 0088  ld   $88
              15d3 0005  ld   $05
              15d4 0085  ld   $85
              15d5 007a  ld   $7a
              15d6 0004  ld   $04
              15d7 0011  ld   $11
              15d8 00f9  ld   $f9
              15d9 0001  ld   $01
              15da 002b  ld   $2b
              15db 0082  ld   $82
              15dc 0059  ld   $59
              15dd 0000  ld   $00
              15de 00f0  ld   $f0
              15df 0082  ld   $82
              15e0 0085  ld   $85
              15e1 00a3  ld   $a3
              15e2 0078  ld   $78
              15e3 0059  ld   $59
              15e4 0002  ld   $02
              15e5 005e  ld   $5e
              15e6 002c  ld   $2c
              15e7 001a  ld   $1a
              15e8 000f  ld   $0f
              15e9 002b  ld   $2b
              15ea 0042  ld   $42
              15eb 0085  ld   $85
              15ec 001c  ld   $1c
              15ed 0004  ld   $04
              15ee 0021  ld   $21
              15ef 0042  ld   $42
              15f0 00fc  ld   $fc
              15f1 0034  ld   $34
              15f2 0035  ld   $35
              15f3 003f  ld   $3f
              15f4 0089  ld   $89
              15f5 0085  ld   $85
              15f6 0034  ld   $34
              15f7 0005  ld   $05
              15f8 0021  ld   $21
              15f9 0042  ld   $42
              15fa 002b  ld   $2b
              15fb fe00  bra  ac          ;+-----------------------------------+
              15fc fcfd  bra  $15fd       ;|                                   |
              15fd 1404  ld   $04,y       ;| Trampoline for page $1500 lookups |
              15fe e068  jmp  y,$68       ;|                                   |
              15ff c218  st   [$18]       ;+-----------------------------------+
              1600 0082  ld   $82
              1601 0059  ld   $59
              1602 0000  ld   $00
              1603 002b  ld   $2b
              1604 0084  ld   $84
              1605 0085  ld   $85
              1606 00a2  ld   $a2
              1607 007b  ld   $7b
              1608 0021  ld   $21
              1609 0042  ld   $42
              160a 002b  ld   $2b
              160b 0034  ld   $34
              160c 0090  ld   $90
              160d 0071  ld   $71
              160e 0075  ld   $75
              160f 0011  ld   $11
              1610 0049  ld   $49
              1611 0008  ld   $08
              1612 002b  ld   $2b
              1613 0030  ld   $30
              1614 0059  ld   $59
              1615 0051  ld   $51
              1616 002b  ld   $2b
              1617 0036  ld   $36
              1618 0011  ld   $11
              1619 0018  ld   $18
              161a 005b  ld   $5b
              161b 002b  ld   $2b
              161c 0038  ld   $38
              161d 0085  ld   $85
              161e 00b9  ld   $b9
              161f 0004  ld   $04
              1620 0063  ld   $63
              1621 00ff  ld   $ff
              1622 0075  ld   $75
              1623 0011  ld   $11
              1624 000b  ld   $0b
              1625 0009  ld   $09
              1626 002b  ld   $2b
              1627 0030  ld   $30
              1628 0059  ld   $59
              1629 0032  ld   $32
              162a 002b  ld   $2b
              162b 0036  ld   $36
              162c 0011  ld   $11
              162d 001e  ld   $1e
              162e 0016  ld   $16
              162f 002b  ld   $2b
              1630 0038  ld   $38
              1631 0085  ld   $85
              1632 00b9  ld   $b9
              1633 0004  ld   $04
              1634 0063  ld   $63
              1635 00ff  ld   $ff
              1636 0075  ld   $75
              1637 0011  ld   $11
              1638 0050  ld   $50
              1639 0009  ld   $09
              163a 002b  ld   $2b
              163b 0030  ld   $30
              163c 0059  ld   $59
              163d 0057  ld   $57
              163e 002b  ld   $2b
              163f 0036  ld   $36
              1640 0011  ld   $11
              1641 0024  ld   $24
              1642 005b  ld   $5b
              1643 002b  ld   $2b
              1644 0038  ld   $38
              1645 0085  ld   $85
              1646 00b9  ld   $b9
              1647 0004  ld   $04
              1648 0063  ld   $63
              1649 00ff  ld   $ff
              164a 0075  ld   $75
              164b 0011  ld   $11
              164c 0019  ld   $19
              164d 000a  ld   $0a
              164e 002b  ld   $2b
              164f 0030  ld   $30
              1650 0059  ld   $59
              1651 0033  ld   $33
              1652 002b  ld   $2b
              1653 0036  ld   $36
              1654 0011  ld   $11
              1655 002a  ld   $2a
              1656 0016  ld   $16
              1657 002b  ld   $2b
              1658 0038  ld   $38
              1659 0085  ld   $85
              165a 00b9  ld   $b9
              165b 0004  ld   $04
              165c 0063  ld   $63
              165d 00ff  ld   $ff
              165e 0075  ld   $75
              165f 0011  ld   $11
              1660 0067  ld   $67
              1661 000a  ld   $0a
              1662 002b  ld   $2b
              1663 0030  ld   $30
              1664 0059  ld   $59
              1665 0045  ld   $45
              1666 002b  ld   $2b
              1667 0036  ld   $36
              1668 0085  ld   $85
              1669 0000  ld   $00
              166a 0003  ld   $03
              166b 0003  ld   $03
              166c 0000  ld   $00
              166d 00f8  ld   $f8
              166e 0011  ld   $11
              166f 0030  ld   $30
              1670 005b  ld   $5b
              1671 002b  ld   $2b
              1672 0038  ld   $38
              1673 0085  ld   $85
              1674 00b9  ld   $b9
              1675 0004  ld   $04
              1676 0063  ld   $63
              1677 00ff  ld   $ff
              1678 0075  ld   $75
              1679 0011  ld   $11
              167a 0039  ld   $39
              167b 000b  ld   $0b
              167c 002b  ld   $2b
              167d 0030  ld   $30
              167e 0059  ld   $59
              167f 0052  ld   $52
              1680 002b  ld   $2b
              1681 0036  ld   $36
              1682 0011  ld   $11
              1683 003c  ld   $3c
              1684 005b  ld   $5b
              1685 002b  ld   $2b
              1686 0038  ld   $38
              1687 0085  ld   $85
              1688 00b9  ld   $b9
              1689 0004  ld   $04
              168a 0063  ld   $63
              168b 00ff  ld   $ff
              168c 0075  ld   $75
              168d 0011  ld   $11
              168e 0010  ld   $10
              168f 000c  ld   $0c
              1690 002b  ld   $2b
              1691 0030  ld   $30
              1692 0059  ld   $59
              1693 0035  ld   $35
              1694 002b  ld   $2b
              1695 0036  ld   $36
              1696 0011  ld   $11
              1697 0042  ld   $42
              1698 0016  ld   $16
              1699 002b  ld   $2b
              169a 0038  ld   $38
              169b 0085  ld   $85
              169c 00b9  ld   $b9
              169d 0004  ld   $04
              169e 0063  ld   $63
              169f 00ff  ld   $ff
              16a0 0075  ld   $75
              16a1 0011  ld   $11
              16a2 006c  ld   $6c
              16a3 000c  ld   $0c
              16a4 002b  ld   $2b
              16a5 0030  ld   $30
              16a6 0059  ld   $59
              16a7 0054  ld   $54
              16a8 002b  ld   $2b
              16a9 0036  ld   $36
              16aa 0011  ld   $11
              16ab 0048  ld   $48
              16ac 005b  ld   $5b
              16ad 002b  ld   $2b
              16ae 0038  ld   $38
              16af 0085  ld   $85
              16b0 00b9  ld   $b9
              16b1 0004  ld   $04
              16b2 0063  ld   $63
              16b3 00ff  ld   $ff
              16b4 0075  ld   $75
              16b5 0011  ld   $11
              16b6 004e  ld   $4e
              16b7 000d  ld   $0d
              16b8 002b  ld   $2b
              16b9 0030  ld   $30
              16ba 0059  ld   $59
              16bb 0036  ld   $36
              16bc 002b  ld   $2b
              16bd 0036  ld   $36
              16be 0011  ld   $11
              16bf 004e  ld   $4e
              16c0 0016  ld   $16
              16c1 002b  ld   $2b
              16c2 0038  ld   $38
              16c3 0085  ld   $85
              16c4 00b9  ld   $b9
              16c5 0004  ld   $04
              16c6 0063  ld   $63
              16c7 00ff  ld   $ff
              16c8 0075  ld   $75
              16c9 0011  ld   $11
              16ca 0035  ld   $35
              16cb 000e  ld   $0e
              16cc 002b  ld   $2b
              16cd 0030  ld   $30
              16ce 0059  ld   $59
              16cf 0059  ld   $59
              16d0 002b  ld   $2b
              16d1 0036  ld   $36
              16d2 0011  ld   $11
              16d3 0054  ld   $54
              16d4 005b  ld   $5b
              16d5 002b  ld   $2b
              16d6 0038  ld   $38
              16d7 0085  ld   $85
              16d8 00b9  ld   $b9
              16d9 0004  ld   $04
              16da 0063  ld   $63
              16db 00ff  ld   $ff
              16dc 0075  ld   $75
              16dd 0011  ld   $11
              16de 0023  ld   $23
              16df 000f  ld   $0f
              16e0 002b  ld   $2b
              16e1 0030  ld   $30
              16e2 0059  ld   $59
              16e3 0037  ld   $37
              16e4 002b  ld   $2b
              16e5 0036  ld   $36
              16e6 0011  ld   $11
              16e7 005a  ld   $5a
              16e8 0016  ld   $16
              16e9 002b  ld   $2b
              16ea 0038  ld   $38
              16eb 0085  ld   $85
              16ec 00b9  ld   $b9
              16ed 0004  ld   $04
              16ee 0063  ld   $63
              16ef 00ff  ld   $ff
              16f0 0075  ld   $75
              16f1 0011  ld   $11
              16f2 0017  ld   $17
              16f3 0010  ld   $10
              16f4 002b  ld   $2b
              16f5 0030  ld   $30
              16f6 0059  ld   $59
              16f7 0055  ld   $55
              16f8 002b  ld   $2b
              16f9 0036  ld   $36
              16fa 0011  ld   $11
              16fb fe00  bra  ac          ;+-----------------------------------+
              16fc fcfd  bra  $16fd       ;|                                   |
              16fd 1404  ld   $04,y       ;| Trampoline for page $1600 lookups |
              16fe e068  jmp  y,$68       ;|                                   |
              16ff c218  st   [$18]       ;+-----------------------------------+
              1700 0060  ld   $60
              1701 005b  ld   $5b
              1702 002b  ld   $2b
              1703 0038  ld   $38
              1704 0085  ld   $85
              1705 00b9  ld   $b9
              1706 0004  ld   $04
              1707 0063  ld   $63
              1708 00ff  ld   $ff
              1709 0075  ld   $75
              170a 0011  ld   $11
              170b 0013  ld   $13
              170c 0011  ld   $11
              170d 002b  ld   $2b
              170e 0030  ld   $30
              170f 0059  ld   $59
              1710 0049  ld   $49
              1711 002b  ld   $2b
              1712 0036  ld   $36
              1713 0011  ld   $11
              1714 006c  ld   $6c
              1715 005b  ld   $5b
              1716 002b  ld   $2b
              1717 0038  ld   $38
              1718 0085  ld   $85
              1719 00b9  ld   $b9
              171a 0004  ld   $04
              171b 0063  ld   $63
              171c 00ff  ld   $ff
              171d 0075  ld   $75
              171e 0011  ld   $11
              171f 0015  ld   $15
              1720 0012  ld   $12
              1721 002b  ld   $2b
              1722 0030  ld   $30
              1723 0059  ld   $59
              1724 0039  ld   $39
              1725 002b  ld   $2b
              1726 0036  ld   $36
              1727 0011  ld   $11
              1728 0072  ld   $72
              1729 0016  ld   $16
              172a 002b  ld   $2b
              172b 0038  ld   $38
              172c 0085  ld   $85
              172d 00b9  ld   $b9
              172e 0004  ld   $04
              172f 0063  ld   $63
              1730 00ff  ld   $ff
              1731 0075  ld   $75
              1732 0011  ld   $11
              1733 001f  ld   $1f
              1734 0013  ld   $13
              1735 002b  ld   $2b
              1736 0030  ld   $30
              1737 0059  ld   $59
              1738 004f  ld   $4f
              1739 002b  ld   $2b
              173a 0036  ld   $36
              173b 0011  ld   $11
              173c 0078  ld   $78
              173d 005b  ld   $5b
              173e 002b  ld   $2b
              173f 0038  ld   $38
              1740 0085  ld   $85
              1741 00b9  ld   $b9
              1742 0004  ld   $04
              1743 0063  ld   $63
              1744 00ff  ld   $ff
              1745 0075  ld   $75
              1746 0011  ld   $11
              1747 0032  ld   $32
              1748 0014  ld   $14
              1749 002b  ld   $2b
              174a 0030  ld   $30
              174b 0059  ld   $59
              174c 0030  ld   $30
              174d 002b  ld   $2b
              174e 0036  ld   $36
              174f 0011  ld   $11
              1750 007e  ld   $7e
              1751 0016  ld   $16
              1752 002b  ld   $2b
              1753 0038  ld   $38
              1754 0085  ld   $85
              1755 00b9  ld   $b9
              1756 0004  ld   $04
              1757 0063  ld   $63
              1758 00ff  ld   $ff
              1759 0075  ld   $75
              175a 0011  ld   $11
              175b 004d  ld   $4d
              175c 0015  ld   $15
              175d 002b  ld   $2b
              175e 0030  ld   $30
              175f 0059  ld   $59
              1760 0050  ld   $50
              1761 002b  ld   $2b
              1762 0036  ld   $36
              1763 0011  ld   $11
              1764 0084  ld   $84
              1765 005b  ld   $5b
              1766 002b  ld   $2b
              1767 0038  ld   $38
              1768 0085  ld   $85
              1769 0000  ld   $00
              176a 0004  ld   $04
              176b 0004  ld   $04
              176c 0000  ld   $00
              176d 00fa  ld   $fa
              176e 0085  ld   $85
              176f 00b9  ld   $b9
              1770 0004  ld   $04
              1771 0063  ld   $63
              1772 00ff  ld   $ff
              1773 0075  ld   $75
              1774 0021  ld   $21
              1775 0034  ld   $34
              1776 00fc  ld   $fc
              1777 0042  ld   $42
              1778 0035  ld   $35
              1779 003f  ld   $3f
              177a 0018  ld   $18
              177b 0021  ld   $21
              177c 0040  ld   $40
              177d 00e3  ld   $e3
              177e 0001  ld   $01
              177f 0082  ld   $82
              1780 0003  ld   $03
              1781 002b  ld   $2b
              1782 0040  ld   $40
              1783 0085  ld   $85
              1784 007a  ld   $7a
              1785 0004  ld   $04
              1786 0063  ld   $63
              1787 00ff  ld   $ff
              1788 0063  ld   $63
              1789 00ff  ld   $ff
              178a 0075  ld   $75
              178b 0059  ld   $59
              178c 0001  ld   $01
              178d 002b  ld   $2b
              178e 0032  ld   $32
              178f 0011  ld   $11
              1790 00f6  ld   $f6
              1791 007d  ld   $7d
              1792 0099  ld   $99
              1793 0032  ld   $32
              1794 0099  ld   $99
              1795 0032  ld   $32
              1796 00f6  ld   $f6
              1797 0035  ld   $35
              1798 0056  ld   $56
              1799 0043  ld   $43
              179a 0011  ld   $11
              179b 00f6  ld   $f6
              179c 007d  ld   $7d
              179d 0099  ld   $99
              179e 0032  ld   $32
              179f 0099  ld   $99
              17a0 0032  ld   $32
              17a1 00f6  ld   $f6
              17a2 00e6  ld   $e6
              17a3 0001  ld   $01
              17a4 002b  ld   $2b
              17a5 009c  ld   $9c
              17a6 0011  ld   $11
              17a7 00f6  ld   $f6
              17a8 007d  ld   $7d
              17a9 0099  ld   $99
              17aa 0032  ld   $32
              17ab 0099  ld   $99
              17ac 0032  ld   $32
              17ad 002b  ld   $2b
              17ae 009e  ld   $9e
              17af 0021  ld   $21
              17b0 009c  ld   $9c
              17b1 00f3  ld   $f3
              17b2 009e  ld   $9e
              17b3 0011  ld   $11
              17b4 00f6  ld   $f6
              17b5 007d  ld   $7d
              17b6 0099  ld   $99
              17b7 0032  ld   $32
              17b8 0099  ld   $99
              17b9 0032  ld   $32
              17ba 00f6  ld   $f6
              17bb 0035  ld   $35
              17bc 0072  ld   $72
              17bd 0062  ld   $62
              17be 0011  ld   $11
              17bf 00ec  ld   $ec
              17c0 007d  ld   $7d
              17c1 0099  ld   $99
              17c2 0032  ld   $32
              17c3 0099  ld   $99
              17c4 0032  ld   $32
              17c5 002b  ld   $2b
              17c6 009e  ld   $9e
              17c7 0059  ld   $59
              17c8 0000  ld   $00
              17c9 00f3  ld   $f3
              17ca 009e  ld   $9e
              17cb 0059  ld   $59
              17cc 0000  ld   $00
              17cd 002b  ld   $2b
              17ce 0030  ld   $30
              17cf 0085  ld   $85
              17d0 006f  ld   $6f
              17d1 0004  ld   $04
              17d2 0093  ld   $93
              17d3 0032  ld   $32
              17d4 001a  ld   $1a
              17d5 0032  ld   $32
              17d6 00e6  ld   $e6
              17d7 0004  ld   $04
              17d8 0035  ld   $35
              17d9 0056  ld   $56
              17da 001f  ld   $1f
              17db 0063  ld   $63
              17dc 00ff  ld   $ff
              17dd 0075  ld   $75
              17de 0021  ld   $21
              17df 0032  ld   $32
              17e0 005e  ld   $5e
              17e1 003f  ld   $3f
              17e2 0021  ld   $21
              17e3 0030  ld   $30
              17e4 00f3  ld   $f3
              17e5 003e  ld   $3e
              17e6 0063  ld   $63
              17e7 00ff  ld   $ff
              17e8 0075  ld   $75
              17e9 0059  ld   $59
              17ea 0030  ld   $30
              17eb 005e  ld   $5e
              17ec 00a4  ld   $a4
              17ed 0059  ld   $59
              17ee 0067  ld   $67
              17ef 005e  ld   $5e
              17f0 00a5  ld   $a5
              17f1 0085  ld   $85
              17f2 00a4  ld   $a4
              17f3 0077  ld   $77
              17f4 0011  ld   $11
              17f5 00e7  ld   $e7
              17f6 007d  ld   $7d
              17f7 0085  ld   $85
              17f8 00b2  ld   $b2
              17f9 0074  ld   $74
              17fa 0059  ld   $59
              17fb fe00  bra  ac          ;+-----------------------------------+
              17fc fcfd  bra  $17fd       ;|                                   |
              17fd 1404  ld   $04,y       ;| Trampoline for page $1700 lookups |
              17fe e068  jmp  y,$68       ;|                                   |
              17ff c218  st   [$18]       ;+-----------------------------------+
              1800 00ce  ld   $ce
              1801 0099  ld   $99
              1802 0040  ld   $40
              1803 002b  ld   $2b
              1804 0082  ld   $82
              1805 0059  ld   $59
              1806 0000  ld   $00
              1807 002b  ld   $2b
              1808 0084  ld   $84
              1809 0085  ld   $85
              180a 00a2  ld   $a2
              180b 007b  ld   $7b
              180c 0059  ld   $59
              180d 0001  ld   $01
              180e 002b  ld   $2b
              180f 0032  ld   $32
              1810 0021  ld   $21
              1811 0032  ld   $32
              1812 005e  ld   $5e
              1813 003f  ld   $3f
              1814 0021  ld   $21
              1815 003e  ld   $3e
              1816 00e6  ld   $e6
              1817 0001  ld   $01
              1818 002b  ld   $2b
              1819 00e8  ld   $e8
              181a 0021  ld   $21
              181b 0040  ld   $40
              181c 00f0  ld   $f0
              181d 00e8  ld   $e8
              181e 0093  ld   $93
              181f 0032  ld   $32
              1820 001a  ld   $1a
              1821 0032  ld   $32
              1822 00e6  ld   $e6
              1823 0004  ld   $04
              1824 0035  ld   $35
              1825 004d  ld   $4d
              1826 00b5  ld   $b5
              1827 0085  ld   $85
              1828 009d  ld   $9d
              1829 0004  ld   $04
              182a 0063  ld   $63
              182b 00ff  ld   $ff
              182c 0075  ld   $75
              182d 0059  ld   $59
              182e 0001  ld   $01
              182f 002b  ld   $2b
              1830 0032  ld   $32
              1831 0011  ld   $11
              1832 00ec  ld   $ec
              1833 007d  ld   $7d
              1834 0099  ld   $99
              1835 0032  ld   $32
              1836 0099  ld   $99
              1837 0032  ld   $32
              1838 00f6  ld   $f6
              1839 00fc  ld   $fc
              183a 0042  ld   $42
              183b 0035  ld   $35
              183c 003f  ld   $3f
              183d 00cc  ld   $cc
              183e 0085  ld   $85
              183f 00de  ld   $de
              1840 0004  ld   $04
              1841 0011  ld   $11
              1842 00f6  ld   $f6
              1843 007d  ld   $7d
              1844 0099  ld   $99
              1845 0032  ld   $32
              1846 0099  ld   $99
              1847 0032  ld   $32
              1848 002b  ld   $2b
              1849 009e  ld   $9e
              184a 0059  ld   $59
              184b 0014  ld   $14
              184c 00f3  ld   $f3
              184d 009e  ld   $9e
              184e 0085  ld   $85
              184f 0021  ld   $21
              1850 0005  ld   $05
              1851 0011  ld   $11
              1852 00f6  ld   $f6
              1853 007d  ld   $7d
              1854 0099  ld   $99
              1855 0032  ld   $32
              1856 0099  ld   $99
              1857 0032  ld   $32
              1858 00f6  ld   $f6
              1859 0035  ld   $35
              185a 003f  ld   $3f
              185b 00ea  ld   $ea
              185c 0085  ld   $85
              185d 0015  ld   $15
              185e 0005  ld   $05
              185f 0011  ld   $11
              1860 00f6  ld   $f6
              1861 007d  ld   $7d
              1862 0099  ld   $99
              1863 0032  ld   $32
              1864 0099  ld   $99
              1865 0032  ld   $32
              1866 002b  ld   $2b
              1867 009e  ld   $9e
              1868 0059  ld   $59
              1869 0014  ld   $14
              186a 0085  ld   $85
              186b 0000  ld   $00
              186c 0005  ld   $05
              186d 0005  ld   $05
              186e 0000  ld   $00
              186f 00ff  ld   $ff
              1870 00f3  ld   $f3
              1871 009e  ld   $9e
              1872 0011  ld   $11
              1873 00ec  ld   $ec
              1874 007d  ld   $7d
              1875 0099  ld   $99
              1876 0032  ld   $32
              1877 0099  ld   $99
              1878 0032  ld   $32
              1879 002b  ld   $2b
              187a 009e  ld   $9e
              187b 0021  ld   $21
              187c 0042  ld   $42
              187d 00f3  ld   $f3
              187e 009e  ld   $9e
              187f 0085  ld   $85
              1880 006f  ld   $6f
              1881 0004  ld   $04
              1882 0085  ld   $85
              1883 0021  ld   $21
              1884 0005  ld   $05
              1885 0093  ld   $93
              1886 0032  ld   $32
              1887 001a  ld   $1a
              1888 0032  ld   $32
              1889 00e6  ld   $e6
              188a 0004  ld   $04
              188b 0035  ld   $35
              188c 004d  ld   $4d
              188d 001f  ld   $1f
              188e 0085  ld   $85
              188f 00be  ld   $be
              1890 0004  ld   $04
              1891 0085  ld   $85
              1892 0026  ld   $26
              1893 0005  ld   $05
              1894 0063  ld   $63
              1895 00ff  ld   $ff
              1896 0075  ld   $75
              1897 0021  ld   $21
              1898 003c  ld   $3c
              1899 005e  ld   $5e
              189a 00a3  ld   $a3
              189b 0021  ld   $21
              189c 003a  ld   $3a
              189d 005e  ld   $5e
              189e 00a2  ld   $a2
              189f 0085  ld   $85
              18a0 0042  ld   $42
              18a1 0005  ld   $05
              18a2 0063  ld   $63
              18a3 00ff  ld   $ff
              18a4 0075  ld   $75
              18a5 0021  ld   $21
              18a6 003a  ld   $3a
              18a7 005e  ld   $5e
              18a8 00a3  ld   $a3
              18a9 0021  ld   $21
              18aa 003c  ld   $3c
              18ab 005e  ld   $5e
              18ac 00a2  ld   $a2
              18ad 0085  ld   $85
              18ae 0042  ld   $42
              18af 0005  ld   $05
              18b0 0063  ld   $63
              18b1 00ff  ld   $ff
              18b2 0075  ld   $75
              18b3 001a  ld   $1a
              18b4 0038  ld   $38
              18b5 005e  ld   $5e
              18b6 00a4  ld   $a4
              18b7 001a  ld   $1a
              18b8 0039  ld   $39
              18b9 005e  ld   $5e
              18ba 00a5  ld   $a5
              18bb 0085  ld   $85
              18bc 00a4  ld   $a4
              18bd 0077  ld   $77
              18be 0021  ld   $21
              18bf 0036  ld   $36
              18c0 0085  ld   $85
              18c1 00a0  ld   $a0
              18c2 0075  ld   $75
              18c3 0085  ld   $85
              18c4 00ac  ld   $ac
              18c5 0079  ld   $79
              18c6 0063  ld   $63
              18c7 00ff  ld   $ff
              18c8 0075  ld   $75
              18c9 0011  ld   $11
              18ca 00dd  ld   $dd
              18cb 007d  ld   $7d
              18cc 0085  ld   $85
              18cd 00b2  ld   $b2
              18ce 0074  ld   $74
              18cf 0085  ld   $85
              18d0 00ac  ld   $ac
              18d1 0079  ld   $79
              18d2 0063  ld   $63
              18d3 00ff  ld   $ff
              18d4 0075  ld   $75
              18d5 0011  ld   $11
              18d6 00d3  ld   $d3
              18d7 007d  ld   $7d
              18d8 0085  ld   $85
              18d9 00b2  ld   $b2
              18da 0074  ld   $74
              18db 0085  ld   $85
              18dc 00ac  ld   $ac
              18dd 0079  ld   $79
              18de 0063  ld   $63
              18df 00ff  ld   $ff
              18e0 0075  ld   $75
              18e1 0011  ld   $11
              18e2 00c9  ld   $c9
              18e3 007d  ld   $7d
              18e4 0085  ld   $85
              18e5 00b2  ld   $b2
              18e6 0074  ld   $74
              18e7 0085  ld   $85
              18e8 00ac  ld   $ac
              18e9 0079  ld   $79
              18ea 0063  ld   $63
              18eb 00ff  ld   $ff
              18ec 0075  ld   $75
              18ed 0011  ld   $11
              18ee 00bf  ld   $bf
              18ef 007d  ld   $7d
              18f0 0085  ld   $85
              18f1 00b2  ld   $b2
              18f2 0074  ld   $74
              18f3 0085  ld   $85
              18f4 00ac  ld   $ac
              18f5 0079  ld   $79
              18f6 0063  ld   $63
              18f7 00ff  ld   $ff
              18f8 0075  ld   $75
              18f9 0059  ld   $59
              18fa 0000  ld   $00
              18fb fe00  bra  ac          ;+-----------------------------------+
              18fc fcfd  bra  $18fd       ;|                                   |
              18fd 1404  ld   $04,y       ;| Trampoline for page $1800 lookups |
              18fe e068  jmp  y,$68       ;|                                   |
              18ff c218  st   [$18]       ;+-----------------------------------+
              1900 002b  ld   $2b
              1901 0044  ld   $44
              1902 0021  ld   $21
              1903 0044  ld   $44
              1904 00e9  ld   $e9
              1905 00e9  ld   $e9
              1906 00e9  ld   $e9
              1907 002b  ld   $2b
              1908 00ea  ld   $ea
              1909 0021  ld   $21
              190a 0044  ld   $44
              190b 00e9  ld   $e9
              190c 00e9  ld   $e9
              190d 0099  ld   $99
              190e 00ea  ld   $ea
              190f 00e3  ld   $e3
              1910 0014  ld   $14
              1911 002b  ld   $2b
              1912 0046  ld   $46
              1913 0059  ld   $59
              1914 0000  ld   $00
              1915 005e  ld   $5e
              1916 00a3  ld   $a3
              1917 0021  ld   $21
              1918 0046  ld   $46
              1919 002b  ld   $2b
              191a 0090  ld   $90
              191b 0059  ld   $59
              191c 001e  ld   $1e
              191d 002b  ld   $2b
              191e 0096  ld   $96
              191f 0021  ld   $21
              1920 0046  ld   $46
              1921 00e3  ld   $e3
              1922 000c  ld   $0c
              1923 002b  ld   $2b
              1924 0098  ld   $98
              1925 0059  ld   $59
              1926 0059  ld   $59
              1927 002b  ld   $2b
              1928 00ac  ld   $ac
              1929 0085  ld   $85
              192a 00c8  ld   $c8
              192b 0077  ld   $77
              192c 0059  ld   $59
              192d 00ff  ld   $ff
              192e 005e  ld   $5e
              192f 00a3  ld   $a3
              1930 0021  ld   $21
              1931 0046  ld   $46
              1932 00e3  ld   $e3
              1933 0001  ld   $01
              1934 002b  ld   $2b
              1935 0082  ld   $82
              1936 0059  ld   $59
              1937 001f  ld   $1f
              1938 002b  ld   $2b
              1939 0084  ld   $84
              193a 0021  ld   $21
              193b 0046  ld   $46
              193c 00e3  ld   $e3
              193d 000b  ld   $0b
              193e 002b  ld   $2b
              193f 0086  ld   $86
              1940 0059  ld   $59
              1941 0058  ld   $58
              1942 002b  ld   $2b
              1943 0092  ld   $92
              1944 0085  ld   $85
              1945 00dd  ld   $dd
              1946 0074  ld   $74
              1947 0093  ld   $93
              1948 0044  ld   $44
              1949 001a  ld   $1a
              194a 0044  ld   $44
              194b 00e6  ld   $e6
              194c 0009  ld   $09
              194d 0035  ld   $35
              194e 004d  ld   $4d
              194f 00dc  ld   $dc
              1950 0085  ld   $85
              1951 008d  ld   $8d
              1952 0005  ld   $05
              1953 0059  ld   $59
              1954 0000  ld   $00
              1955 002b  ld   $2b
              1956 0044  ld   $44
              1957 0021  ld   $21
              1958 0044  ld   $44
              1959 008c  ld   $8c
              195a 0002  ld   $02
              195b 0035  ld   $35
              195c 003f  ld   $3f
              195d 00ea  ld   $ea
              195e 0085  ld   $85
              195f 00ef  ld   $ef
              1960 0005  ld   $05
              1961 0085  ld   $85
              1962 002a  ld   $2a
              1963 0006  ld   $06
              1964 0021  ld   $21
              1965 0044  ld   $44
              1966 008c  ld   $8c
              1967 0006  ld   $06
              1968 0035  ld   $35
              1969 003f  ld   $3f
              196a 00f7  ld   $f7
              196b 0085  ld   $85
              196c 0000  ld   $00
              196d 0006  ld   $06
              196e 0085  ld   $85
              196f 002a  ld   $2a
              1970 0006  ld   $06
              1971 0085  ld   $85
              1972 0000  ld   $00
              1973 0006  ld   $06
              1974 0006  ld   $06
              1975 0000  ld   $00
              1976 0067  ld   $67
              1977 0021  ld   $21
              1978 0044  ld   $44
              1979 00e9  ld   $e9
              197a 00e9  ld   $e9
              197b 00e9  ld   $e9
              197c 002b  ld   $2b
              197d 00ea  ld   $ea
              197e 0021  ld   $21
              197f 0044  ld   $44
              1980 00e9  ld   $e9
              1981 00e9  ld   $e9
              1982 0099  ld   $99
              1983 00ea  ld   $ea
              1984 00e3  ld   $e3
              1985 001c  ld   $1c
              1986 002b  ld   $2b
              1987 0046  ld   $46
              1988 0059  ld   $59
              1989 0000  ld   $00
              198a 005e  ld   $5e
              198b 00a3  ld   $a3
              198c 0021  ld   $21
              198d 0046  ld   $46
              198e 002b  ld   $2b
              198f 0082  ld   $82
              1990 0059  ld   $59
              1991 001e  ld   $1e
              1992 002b  ld   $2b
              1993 0084  ld   $84
              1994 0021  ld   $21
              1995 0046  ld   $46
              1996 00e3  ld   $e3
              1997 0008  ld   $08
              1998 002b  ld   $2b
              1999 0086  ld   $86
              199a 0059  ld   $59
              199b 0046  ld   $46
              199c 002b  ld   $2b
              199d 0092  ld   $92
              199e 0085  ld   $85
              199f 00dd  ld   $dd
              19a0 0074  ld   $74
              19a1 0093  ld   $93
              19a2 0044  ld   $44
              19a3 001a  ld   $1a
              19a4 0044  ld   $44
              19a5 00e6  ld   $e6
              19a6 0008  ld   $08
              19a7 0035  ld   $35
              19a8 004d  ld   $4d
              19a9 0034  ld   $34
              19aa 0085  ld   $85
              19ab 00e2  ld   $e2
              19ac 0005  ld   $05
              19ad 0011  ld   $11
              19ae 0020  ld   $20
              19af 000f  ld   $0f
              19b0 002b  ld   $2b
              19b1 00a2  ld   $a2
              19b2 0059  ld   $59
              19b3 0018  ld   $18
              19b4 005e  ld   $5e
              19b5 00a4  ld   $a4
              19b6 0059  ld   $59
              19b7 0016  ld   $16
              19b8 005e  ld   $5e
              19b9 00a5  ld   $a5
              19ba 0085  ld   $85
              19bb 00a4  ld   $a4
              19bc 0077  ld   $77
              19bd 0011  ld   $11
              19be 00ab  ld   $ab
              19bf 007d  ld   $7d
              19c0 0085  ld   $85
              19c1 00b2  ld   $b2
              19c2 0074  ld   $74
              19c3 0085  ld   $85
              19c4 00ac  ld   $ac
              19c5 0079  ld   $79
              19c6 0059  ld   $59
              19c7 0018  ld   $18
              19c8 005e  ld   $5e
              19c9 00a4  ld   $a4
              19ca 0059  ld   $59
              19cb 005b  ld   $5b
              19cc 005e  ld   $5e
              19cd 00a5  ld   $a5
              19ce 0085  ld   $85
              19cf 00a4  ld   $a4
              19d0 0077  ld   $77
              19d1 0011  ld   $11
              19d2 00eb  ld   $eb
              19d3 007c  ld   $7c
              19d4 0085  ld   $85
              19d5 00b2  ld   $b2
              19d6 0074  ld   $74
              19d7 0085  ld   $85
              19d8 00ac  ld   $ac
              19d9 0079  ld   $79
              19da 0063  ld   $63
              19db 00ff  ld   $ff
              19dc 00b4  ld   $b4
              19dd 0080  ld   $80
              19de 0007  ld   $07
              19df 0000  ld   $00
              19e0 0001  ld   $01
              19e1 0020  ld   $20
              19e2 0007  ld   $07
              19e3 0004  ld   $04
              19e4 0001  ld   $01
              19e5 0023  ld   $23
              19e6 0007  ld   $07
              19e7 0008  ld   $08
              19e8 0001  ld   $01
              19e9 0026  ld   $26
              19ea 0007  ld   $07
              19eb 000c  ld   $0c
              19ec 0001  ld   $01
              19ed 0029  ld   $29
              19ee 0007  ld   $07
              19ef 0010  ld   $10
              19f0 0001  ld   $01
              19f1 002c  ld   $2c
              19f2 0007  ld   $07
              19f3 0014  ld   $14
              19f4 0001  ld   $01
              19f5 002e  ld   $2e
              19f6 0007  ld   $07
              19f7 0018  ld   $18
              19f8 0001  ld   $01
              19f9 0031  ld   $31
              19fa 0007  ld   $07
              19fb fe00  bra  ac          ;+-----------------------------------+
              19fc fcfd  bra  $19fd       ;|                                   |
              19fd 1404  ld   $04,y       ;| Trampoline for page $1900 lookups |
              19fe e068  jmp  y,$68       ;|                                   |
              19ff c218  st   [$18]       ;+-----------------------------------+
              1a00 001c  ld   $1c
              1a01 0001  ld   $01
              1a02 0033  ld   $33
              1a03 0007  ld   $07
              1a04 0020  ld   $20
              1a05 0001  ld   $01
              1a06 0036  ld   $36
              1a07 0007  ld   $07
              1a08 0024  ld   $24
              1a09 0001  ld   $01
              1a0a 0038  ld   $38
              1a0b 0007  ld   $07
              1a0c 0028  ld   $28
              1a0d 0001  ld   $01
              1a0e 003a  ld   $3a
              1a0f 0007  ld   $07
              1a10 002c  ld   $2c
              1a11 0001  ld   $01
              1a12 003b  ld   $3b
              1a13 0007  ld   $07
              1a14 0030  ld   $30
              1a15 0001  ld   $01
              1a16 003d  ld   $3d
              1a17 0007  ld   $07
              1a18 0034  ld   $34
              1a19 0001  ld   $01
              1a1a 003e  ld   $3e
              1a1b 0007  ld   $07
              1a1c 0038  ld   $38
              1a1d 0001  ld   $01
              1a1e 003e  ld   $3e
              1a1f 0007  ld   $07
              1a20 003c  ld   $3c
              1a21 0001  ld   $01
              1a22 003f  ld   $3f
              1a23 0007  ld   $07
              1a24 0040  ld   $40
              1a25 0001  ld   $01
              1a26 003f  ld   $3f
              1a27 0007  ld   $07
              1a28 0044  ld   $44
              1a29 0001  ld   $01
              1a2a 003f  ld   $3f
              1a2b 0007  ld   $07
              1a2c 0048  ld   $48
              1a2d 0001  ld   $01
              1a2e 003e  ld   $3e
              1a2f 0007  ld   $07
              1a30 004c  ld   $4c
              1a31 0001  ld   $01
              1a32 003e  ld   $3e
              1a33 0007  ld   $07
              1a34 0050  ld   $50
              1a35 0001  ld   $01
              1a36 003d  ld   $3d
              1a37 0007  ld   $07
              1a38 0054  ld   $54
              1a39 0001  ld   $01
              1a3a 003b  ld   $3b
              1a3b 0007  ld   $07
              1a3c 0058  ld   $58
              1a3d 0001  ld   $01
              1a3e 003a  ld   $3a
              1a3f 0007  ld   $07
              1a40 005c  ld   $5c
              1a41 0001  ld   $01
              1a42 0038  ld   $38
              1a43 0007  ld   $07
              1a44 0060  ld   $60
              1a45 0001  ld   $01
              1a46 0036  ld   $36
              1a47 0007  ld   $07
              1a48 0064  ld   $64
              1a49 0001  ld   $01
              1a4a 0033  ld   $33
              1a4b 0007  ld   $07
              1a4c 0068  ld   $68
              1a4d 0001  ld   $01
              1a4e 0031  ld   $31
              1a4f 0007  ld   $07
              1a50 006c  ld   $6c
              1a51 0001  ld   $01
              1a52 002e  ld   $2e
              1a53 0007  ld   $07
              1a54 0070  ld   $70
              1a55 0001  ld   $01
              1a56 002c  ld   $2c
              1a57 0007  ld   $07
              1a58 0074  ld   $74
              1a59 0001  ld   $01
              1a5a 0029  ld   $29
              1a5b 0007  ld   $07
              1a5c 0078  ld   $78
              1a5d 0001  ld   $01
              1a5e 0026  ld   $26
              1a5f 0007  ld   $07
              1a60 007c  ld   $7c
              1a61 0001  ld   $01
              1a62 0023  ld   $23
              1a63 0007  ld   $07
              1a64 0080  ld   $80
              1a65 0001  ld   $01
              1a66 0020  ld   $20
              1a67 0007  ld   $07
              1a68 0084  ld   $84
              1a69 0001  ld   $01
              1a6a 001c  ld   $1c
              1a6b 0007  ld   $07
              1a6c 0088  ld   $88
              1a6d 0001  ld   $01
              1a6e 0019  ld   $19
              1a6f 0007  ld   $07
              1a70 008c  ld   $8c
              1a71 0001  ld   $01
              1a72 0016  ld   $16
              1a73 0007  ld   $07
              1a74 0090  ld   $90
              1a75 0001  ld   $01
              1a76 0013  ld   $13
              1a77 0007  ld   $07
              1a78 0094  ld   $94
              1a79 0001  ld   $01
              1a7a 0011  ld   $11
              1a7b 0007  ld   $07
              1a7c 0098  ld   $98
              1a7d 0001  ld   $01
              1a7e 000e  ld   $0e
              1a7f 0007  ld   $07
              1a80 009c  ld   $9c
              1a81 0001  ld   $01
              1a82 000c  ld   $0c
              1a83 0007  ld   $07
              1a84 00a0  ld   $a0
              1a85 0001  ld   $01
              1a86 0009  ld   $09
              1a87 0007  ld   $07
              1a88 00a4  ld   $a4
              1a89 0001  ld   $01
              1a8a 0007  ld   $07
              1a8b 0007  ld   $07
              1a8c 00a8  ld   $a8
              1a8d 0001  ld   $01
              1a8e 0005  ld   $05
              1a8f 0007  ld   $07
              1a90 00ac  ld   $ac
              1a91 0001  ld   $01
              1a92 0004  ld   $04
              1a93 0007  ld   $07
              1a94 00b0  ld   $b0
              1a95 0001  ld   $01
              1a96 0002  ld   $02
              1a97 0007  ld   $07
              1a98 00b4  ld   $b4
              1a99 0001  ld   $01
              1a9a 0001  ld   $01
              1a9b 0007  ld   $07
              1a9c 00b8  ld   $b8
              1a9d 0001  ld   $01
              1a9e 0001  ld   $01
              1a9f 0007  ld   $07
              1aa0 00bc  ld   $bc
              1aa1 0001  ld   $01
              1aa2 0000  ld   $00
              1aa3 0007  ld   $07
              1aa4 00c0  ld   $c0
              1aa5 0001  ld   $01
              1aa6 0000  ld   $00
              1aa7 0007  ld   $07
              1aa8 00c4  ld   $c4
              1aa9 0001  ld   $01
              1aaa 0000  ld   $00
              1aab 0007  ld   $07
              1aac 00c8  ld   $c8
              1aad 0001  ld   $01
              1aae 0001  ld   $01
              1aaf 0007  ld   $07
              1ab0 00cc  ld   $cc
              1ab1 0001  ld   $01
              1ab2 0001  ld   $01
              1ab3 0007  ld   $07
              1ab4 00d0  ld   $d0
              1ab5 0001  ld   $01
              1ab6 0002  ld   $02
              1ab7 0007  ld   $07
              1ab8 00d4  ld   $d4
              1ab9 0001  ld   $01
              1aba 0004  ld   $04
              1abb 0007  ld   $07
              1abc 00d8  ld   $d8
              1abd 0001  ld   $01
              1abe 0005  ld   $05
              1abf 0007  ld   $07
              1ac0 00dc  ld   $dc
              1ac1 0001  ld   $01
              1ac2 0007  ld   $07
              1ac3 0007  ld   $07
              1ac4 00e0  ld   $e0
              1ac5 0001  ld   $01
              1ac6 0009  ld   $09
              1ac7 0007  ld   $07
              1ac8 00e4  ld   $e4
              1ac9 0001  ld   $01
              1aca 000c  ld   $0c
              1acb 0007  ld   $07
              1acc 00e8  ld   $e8
              1acd 0001  ld   $01
              1ace 000e  ld   $0e
              1acf 0007  ld   $07
              1ad0 00ec  ld   $ec
              1ad1 0001  ld   $01
              1ad2 0011  ld   $11
              1ad3 0007  ld   $07
              1ad4 00f0  ld   $f0
              1ad5 0001  ld   $01
              1ad6 0013  ld   $13
              1ad7 0007  ld   $07
              1ad8 00f4  ld   $f4
              1ad9 0001  ld   $01
              1ada 0016  ld   $16
              1adb 0007  ld   $07
              1adc 00f8  ld   $f8
              1add 0001  ld   $01
              1ade 0019  ld   $19
              1adf 0007  ld   $07
              1ae0 00fc  ld   $fc
              1ae1 0001  ld   $01
              1ae2 001c  ld   $1c
              1ae3 0074  ld   $74
              1ae4 00a3  ld   $a3
              1ae5 005c  ld   $5c
              1ae6 0075  ld   $75
              1ae7 0085  ld   $85
              1ae8 00a0  ld   $a0
              1ae9 007d  ld   $7d
              1aea 0011  ld   $11
              1aeb 0003  ld   $03
              1aec 000b  ld   $0b
              1aed 002b  ld   $2b
              1aee 0022  ld   $22
              1aef 001a  ld   $1a
              1af0 00a2  ld   $a2
              1af1 005e  ld   $5e
              1af2 0025  ld   $25
              1af3 0063  ld   $63
              1af4 00ff  ld   $ff
              1af5 0075  ld   $75
              1af6 002b  ld   $2b
              1af7 0082  ld   $82
              1af8 0085  ld   $85
              1af9 00c7  ld   $c7
              1afa 0074  ld   $74
              1afb fe00  bra  ac          ;+-----------------------------------+
              1afc fcfd  bra  $1afd       ;|                                   |
              1afd 1404  ld   $04,y       ;| Trampoline for page $1a00 lookups |
              1afe e068  jmp  y,$68       ;|                                   |
              1aff c218  st   [$18]       ;+-----------------------------------+
              1b00 0093  ld   $93
              1b01 0082  ld   $82
              1b02 0021  ld   $21
              1b03 0082  ld   $82
              1b04 00ad  ld   $ad
              1b05 0035  ld   $35
              1b06 003f  ld   $3f
              1b07 00c3  ld   $c3
              1b08 0085  ld   $85
              1b09 00b3  ld   $b3
              1b0a 0078  ld   $78
              1b0b 0090  ld   $90
              1b0c 00b6  ld   $b6
              1b0d 0063  ld   $63
              1b0e 00ff  ld   $ff
              1b0f 0011  ld   $11
              1b10 00e1  ld   $e1
              1b11 0004  ld   $04
              1b12 002b  ld   $2b
              1b13 0022  ld   $22
              1b14 0021  ld   $21
              1b15 00a2  ld   $a2
              1b16 002b  ld   $2b
              1b17 0024  ld   $24
              1b18 001a  ld   $1a
              1b19 00a5  ld   $a5
              1b1a 00e9  ld   $e9
              1b1b 0093  ld   $93
              1b1c 0019  ld   $19
              1b1d 00ad  ld   $ad
              1b1e 005e  ld   $5e
              1b1f 0029  ld   $29
              1b20 001a  ld   $1a
              1b21 00a4  ld   $a4
              1b22 005e  ld   $5e
              1b23 0028  ld   $28
              1b24 00ff  ld   $ff
              1b25 0075  ld   $75
              1b26 0021  ld   $21
              1b27 0092  ld   $92
              1b28 00b8  ld   $b8
              1b29 0084  ld   $84
              1b2a 0035  ld   $35
              1b2b 0053  ld   $53
              1b2c 00ef  ld   $ef
              1b2d 0021  ld   $21
              1b2e 0092  ld   $92
              1b2f 002b  ld   $2b
              1b30 00a0  ld   $a0
              1b31 0021  ld   $21
              1b32 0084  ld   $84
              1b33 002b  ld   $2b
              1b34 0092  ld   $92
              1b35 0021  ld   $21
              1b36 00a0  ld   $a0
              1b37 002b  ld   $2b
              1b38 0084  ld   $84
              1b39 0085  ld   $85
              1b3a 00ad  ld   $ad
              1b3b 0075  ld   $75
              1b3c 0093  ld   $93
              1b3d 0084  ld   $84
              1b3e 0021  ld   $21
              1b3f 0084  ld   $84
              1b40 00b8  ld   $b8
              1b41 0092  ld   $92
              1b42 0035  ld   $35
              1b43 0056  ld   $56
              1b44 00ef  ld   $ef
              1b45 0063  ld   $63
              1b46 00ff  ld   $ff
              1b47 0075  ld   $75
              1b48 00a0  ld   $a0
              1b49 005f  ld   $5f
              1b4a 0075  ld   $75
              1b4b 005e  ld   $5e
              1b4c 0092  ld   $92
              1b4d 0085  ld   $85
              1b4e 00c7  ld   $c7
              1b4f 0074  ld   $74
              1b50 001a  ld   $1a
              1b51 0092  ld   $92
              1b52 0085  ld   $85
              1b53 00b3  ld   $b3
              1b54 0078  ld   $78
              1b55 0063  ld   $63
              1b56 00ff  ld   $ff
              1b57 001a  ld   $1a
              1b58 0082  ld   $82
              1b59 005e  ld   $5e
              1b5a 0026  ld   $26
              1b5b 001a  ld   $1a
              1b5c 0086  ld   $86
              1b5d 00b8  ld   $b8
              1b5e 0082  ld   $82
              1b5f 0035  ld   $35
              1b60 0053  ld   $53
              1b61 00be  ld   $be
              1b62 001a  ld   $1a
              1b63 0086  ld   $86
              1b64 005e  ld   $5e
              1b65 0026  ld   $26
              1b66 001a  ld   $1a
              1b67 0082  ld   $82
              1b68 00b8  ld   $b8
              1b69 0086  ld   $86
              1b6a 00e3  ld   $e3
              1b6b 0001  ld   $01
              1b6c 005e  ld   $5e
              1b6d 0024  ld   $24
              1b6e 001a  ld   $1a
              1b6f 00a3  ld   $a3
              1b70 005e  ld   $5e
              1b71 0025  ld   $25
              1b72 001a  ld   $1a
              1b73 0084  ld   $84
              1b74 00e3  ld   $e3
              1b75 0008  ld   $08
              1b76 005e  ld   $5e
              1b77 0027  ld   $27
              1b78 0011  ld   $11
              1b79 0003  ld   $03
              1b7a 000b  ld   $0b
              1b7b 002b  ld   $2b
              1b7c 0022  ld   $22
              1b7d 00b4  ld   $b4
              1b7e 00f3  ld   $f3
              1b7f 00ff  ld   $ff
              1b80 001a  ld   $1a
              1b81 0021  ld   $21
              1b82 0082  ld   $82
              1b83 00fc  ld   $fc
              1b84 002b  ld   $2b
              1b85 0084  ld   $84
              1b86 00b8  ld   $b8
              1b87 0082  ld   $82
              1b88 0035  ld   $35
              1b89 003f  ld   $3f
              1b8a 00fc  ld   $fc
              1b8b 0021  ld   $21
              1b8c 0082  ld   $82
              1b8d 00e6  ld   $e6
              1b8e 0080  ld   $80
              1b8f 0035  ld   $35
              1b90 0072  ld   $72
              1b91 00ef  ld   $ef
              1b92 0021  ld   $21
              1b93 0084  ld   $84
              1b94 00b8  ld   $b8
              1b95 0082  ld   $82
              1b96 0035  ld   $35
              1b97 003f  ld   $3f
              1b98 00fc  ld   $fc
              1b99 0090  ld   $90
              1b9a 00f6  ld   $f6
              1b9b 0021  ld   $21
              1b9c 0084  ld   $84
              1b9d 00b8  ld   $b8
              1b9e 0082  ld   $82
              1b9f 0035  ld   $35
              1ba0 004d  ld   $4d
              1ba1 00fc  ld   $fc
              1ba2 001a  ld   $1a
              1ba3 0006  ld   $06
              1ba4 00f0  ld   $f0
              1ba5 007e  ld   $7e
              1ba6 0090  ld   $90
              1ba7 00f6  ld   $f6
              1ba8 00ff  ld   $ff
              1ba9 0076  ld   $76
              1baa 00a1  ld   $a1
              1bab 005e  ld   $5e
              1bac 0075  ld   $75
              1bad 0011  ld   $11
              1bae 0003  ld   $03
              1baf 000b  ld   $0b
              1bb0 002b  ld   $2b
              1bb1 0022  ld   $22
              1bb2 001a  ld   $1a
              1bb3 00a2  ld   $a2
              1bb4 005e  ld   $5e
              1bb5 0025  ld   $25
              1bb6 0011  ld   $11
              1bb7 0000  ld   $00
              1bb8 0001  ld   $01
              1bb9 00ad  ld   $ad
              1bba 005e  ld   $5e
              1bbb 0027  ld   $27
              1bbc 0059  ld   $59
              1bbd 0008  ld   $08
              1bbe 005e  ld   $5e
              1bbf 009e  ld   $9e
              1bc0 0059  ld   $59
              1bc1 00a0  ld   $a0
              1bc2 005e  ld   $5e
              1bc3 0024  ld   $24
              1bc4 0059  ld   $59
              1bc5 0000  ld   $00
              1bc6 005e  ld   $5e
              1bc7 0026  ld   $26
              1bc8 00b4  ld   $b4
              1bc9 00f3  ld   $f3
              1bca 0093  ld   $93
              1bcb 0027  ld   $27
              1bcc 001a  ld   $1a
              1bcd 009e  ld   $9e
              1bce 00e6  ld   $e6
              1bcf 0001  ld   $01
              1bd0 0035  ld   $35
              1bd1 0072  ld   $72
              1bd2 00b1  ld   $b1
              1bd3 0085  ld   $85
              1bd4 00c7  ld   $c7
              1bd5 0074  ld   $74
              1bd6 0063  ld   $63
              1bd7 00ff  ld   $ff
              1bd8 0075  ld   $75
              1bd9 0085  ld   $85
              1bda 00a3  ld   $a3
              1bdb 0074  ld   $74
              1bdc 0059  ld   $59
              1bdd 0008  ld   $08
              1bde 002b  ld   $2b
              1bdf 0094  ld   $94
              1be0 0059  ld   $59
              1be1 00a0  ld   $a0
              1be2 005e  ld   $5e
              1be3 0024  ld   $24
              1be4 0059  ld   $59
              1be5 0000  ld   $00
              1be6 005e  ld   $5e
              1be7 0026  ld   $26
              1be8 001a  ld   $1a
              1be9 0094  ld   $94
              1bea 005e  ld   $5e
              1beb 0027  ld   $27
              1bec 00b4  ld   $b4
              1bed 00f3  ld   $f3
              1bee 0059  ld   $59
              1bef 00a0  ld   $a0
              1bf0 005e  ld   $5e
              1bf1 0024  ld   $24
              1bf2 0059  ld   $59
              1bf3 0000  ld   $00
              1bf4 005e  ld   $5e
              1bf5 0026  ld   $26
              1bf6 0011  ld   $11
              1bf7 0087  ld   $87
              1bf8 0000  ld   $00
              1bf9 00b8  ld   $b8
              1bfa 0094  ld   $94
              1bfb fe00  bra  ac          ;+-----------------------------------+
              1bfc fcfd  bra  $1bfd       ;|                                   |
              1bfd 1404  ld   $04,y       ;| Trampoline for page $1b00 lookups |
              1bfe e068  jmp  y,$68       ;|                                   |
              1bff c218  st   [$18]       ;+-----------------------------------+
              1c00 005e  ld   $5e
              1c01 0027  ld   $27
              1c02 00b4  ld   $b4
              1c03 00f3  ld   $f3
              1c04 0093  ld   $93
              1c05 0094  ld   $94
              1c06 001a  ld   $1a
              1c07 0094  ld   $94
              1c08 00e6  ld   $e6
              1c09 0044  ld   $44
              1c0a 0035  ld   $35
              1c0b 0050  ld   $50
              1c0c 00d3  ld   $d3
              1c0d 0063  ld   $63
              1c0e 00ff  ld   $ff
              1c0f 0077  ld   $77
              1c10 00a4  ld   $a4
              1c11 005b  ld   $5b
              1c12 001a  ld   $1a
              1c13 00a4  ld   $a4
              1c14 00e6  ld   $e6
              1c15 009a  ld   $9a
              1c16 0035  ld   $35
              1c17 0056  ld   $56
              1c18 00ad  ld   $ad
              1c19 0059  ld   $59
              1c1a 0000  ld   $00
              1c1b 005e  ld   $5e
              1c1c 00a4  ld   $a4
              1c1d 001a  ld   $1a
              1c1e 00a5  ld   $a5
              1c1f 00e6  ld   $e6
              1c20 0070  ld   $70
              1c21 0035  ld   $35
              1c22 0050  ld   $50
              1c23 00bf  ld   $bf
              1c24 0059  ld   $59
              1c25 0070  ld   $70
              1c26 005e  ld   $5e
              1c27 00a5  ld   $a5
              1c28 001a  ld   $1a
              1c29 00aa  ld   $aa
              1c2a 0088  ld   $88
              1c2b 0004  ld   $04
              1c2c 005e  ld   $5e
              1c2d 00aa  ld   $aa
              1c2e 00ff  ld   $ff
              1c2f 001a  ld   $1a
              1c30 00aa  ld   $aa
              1c31 0082  ld   $82
              1c32 00fb  ld   $fb
              1c33 005e  ld   $5e
              1c34 00aa  ld   $aa
              1c35 00ff  ld   $ff
              1c36 0075  ld   $75
              1c37 0021  ld   $21
              1c38 0090  ld   $90
              1c39 002b  ld   $2b
              1c3a 0082  ld   $82
              1c3b 0021  ld   $21
              1c3c 0096  ld   $96
              1c3d 002b  ld   $2b
              1c3e 0084  ld   $84
              1c3f 0021  ld   $21
              1c40 0098  ld   $98
              1c41 002b  ld   $2b
              1c42 0086  ld   $86
              1c43 0085  ld   $85
              1c44 00ad  ld   $ad
              1c45 0075  ld   $75
              1c46 0021  ld   $21
              1c47 00ac  ld   $ac
              1c48 002b  ld   $2b
              1c49 0084  ld   $84
              1c4a 0085  ld   $85
              1c4b 00ad  ld   $ad
              1c4c 0075  ld   $75
              1c4d 0021  ld   $21
              1c4e 0090  ld   $90
              1c4f 002b  ld   $2b
              1c50 0082  ld   $82
              1c51 0021  ld   $21
              1c52 0096  ld   $96
              1c53 002b  ld   $2b
              1c54 0084  ld   $84
              1c55 0021  ld   $21
              1c56 00ac  ld   $ac
              1c57 002b  ld   $2b
              1c58 0086  ld   $86
              1c59 0085  ld   $85
              1c5a 00a5  ld   $a5
              1c5b 007a  ld   $7a
              1c5c 0021  ld   $21
              1c5d 0098  ld   $98
              1c5e 002b  ld   $2b
              1c5f 0082  ld   $82
              1c60 0021  ld   $21
              1c61 0096  ld   $96
              1c62 002b  ld   $2b
              1c63 0084  ld   $84
              1c64 0021  ld   $21
              1c65 00ac  ld   $ac
              1c66 002b  ld   $2b
              1c67 0086  ld   $86
              1c68 0085  ld   $85
              1c69 00a5  ld   $a5
              1c6a 007a  ld   $7a
              1c6b 0063  ld   $63
              1c6c 00ff  ld   $ff
              1c6d 0078  ld   $78
              1c6e 00a3  ld   $a3
              1c6f 000c  ld   $0c
              1c70 001a  ld   $1a
              1c71 000e  ld   $0e
              1c72 00fc  ld   $fc
              1c73 00d6  ld   $d6
              1c74 0035  ld   $35
              1c75 003f  ld   $3f
              1c76 00a1  ld   $a1
              1c77 001a  ld   $1a
              1c78 000e  ld   $0e
              1c79 002b  ld   $2b
              1c7a 00d6  ld   $d6
              1c7b 00ff  ld   $ff
              1c7c 0078  ld   $78
              1c7d 00b3  ld   $b3
              1c7e 004c  ld   $4c
              1c7f 00e6  ld   $e6
              1c80 0082  ld   $82
              1c81 0035  ld   $35
              1c82 004d  ld   $4d
              1c83 00fc  ld   $fc
              1c84 00e3  ld   $e3
              1c85 0082  ld   $82
              1c86 00e6  ld   $e6
              1c87 0052  ld   $52
              1c88 0035  ld   $35
              1c89 0053  ld   $53
              1c8a 00c9  ld   $c9
              1c8b 00e3  ld   $e3
              1c8c 0032  ld   $32
              1c8d 0035  ld   $35
              1c8e 0050  ld   $50
              1c8f 00fc  ld   $fc
              1c90 002b  ld   $2b
              1c91 0092  ld   $92
              1c92 0011  ld   $11
              1c93 0000  ld   $00
              1c94 0007  ld   $07
              1c95 0090  ld   $90
              1c96 00ce  ld   $ce
              1c97 002b  ld   $2b
              1c98 0092  ld   $92
              1c99 0011  ld   $11
              1c9a 0000  ld   $00
              1c9b 0008  ld   $08
              1c9c 002b  ld   $2b
              1c9d 0094  ld   $94
              1c9e 001a  ld   $1a
              1c9f 0092  ld   $92
              1ca0 00e9  ld   $e9
              1ca1 00e9  ld   $e9
              1ca2 0099  ld   $99
              1ca3 0092  ld   $92
              1ca4 0099  ld   $99
              1ca5 0094  ld   $94
              1ca6 002b  ld   $2b
              1ca7 0094  ld   $94
              1ca8 0059  ld   $59
              1ca9 0005  ld   $05
              1caa 005e  ld   $5e
              1cab 0096  ld   $96
              1cac 0021  ld   $21
              1cad 0094  ld   $94
              1cae 007f  ld   $7f
              1caf 0000  ld   $00
              1cb0 005e  ld   $5e
              1cb1 0026  ld   $26
              1cb2 00b4  ld   $b4
              1cb3 00cb  ld   $cb
              1cb4 0093  ld   $93
              1cb5 0094  ld   $94
              1cb6 0093  ld   $93
              1cb7 0028  ld   $28
              1cb8 001a  ld   $1a
              1cb9 0096  ld   $96
              1cba 00e6  ld   $e6
              1cbb 0001  ld   $01
              1cbc 0035  ld   $35
              1cbd 0072  ld   $72
              1cbe 00dc  ld   $dc
              1cbf 005e  ld   $5e
              1cc0 0026  ld   $26
              1cc1 00b4  ld   $b4
              1cc2 00cb  ld   $cb
              1cc3 0093  ld   $93
              1cc4 0028  ld   $28
              1cc5 0075  ld   $75
              1cc6 0085  ld   $85
              1cc7 00a5  ld   $a5
              1cc8 007c  ld   $7c
              1cc9 0063  ld   $63
              1cca 00ff  ld   $ff
              1ccb 0079  ld   $79
              1ccc 00a2  ld   $a2
              1ccd 005d  ld   $5d
              1cce 0011  ld   $11
              1ccf 0000  ld   $00
              1cd0 000b  ld   $0b
              1cd1 002b  ld   $2b
              1cd2 0022  ld   $22
              1cd3 0021  ld   $21
              1cd4 0082  ld   $82
              1cd5 00b4  ld   $b4
              1cd6 00e6  ld   $e6
              1cd7 00ff  ld   $ff
              1cd8 0059  ld   $59
              1cd9 0002  ld   $02
              1cda 005e  ld   $5e
              1cdb 00a4  ld   $a4
              1cdc 005e  ld   $5e
              1cdd 0028  ld   $28
              1cde 001a  ld   $1a
              1cdf 00aa  ld   $aa
              1ce0 0082  ld   $82
              1ce1 0002  ld   $02
              1ce2 0035  ld   $35
              1ce3 0072  ld   $72
              1ce4 00b8  ld   $b8
              1ce5 00ff  ld   $ff
              1ce6 0075  ld   $75
              1ce7 001a  ld   $1a
              1ce8 00aa  ld   $aa
              1ce9 0082  ld   $82
              1cea 0004  ld   $04
              1ceb 0035  ld   $35
              1cec 0072  ld   $72
              1ced 00cf  ld   $cf
              1cee 001a  ld   $1a
              1cef 00a5  ld   $a5
              1cf0 00e3  ld   $e3
              1cf1 0008  ld   $08
              1cf2 005e  ld   $5e
              1cf3 00a5  ld   $a5
              1cf4 00e6  ld   $e6
              1cf5 0078  ld   $78
              1cf6 0035  ld   $35
              1cf7 0050  ld   $50
              1cf8 00f8  ld   $f8
              1cf9 0059  ld   $59
              1cfa 0070  ld   $70
              1cfb fe00  bra  ac          ;+-----------------------------------+
              1cfc fcfd  bra  $1cfd       ;|                                   |
              1cfd 1404  ld   $04,y       ;| Trampoline for page $1c00 lookups |
              1cfe e068  jmp  y,$68       ;|                                   |
              1cff c218  st   [$18]       ;+-----------------------------------+
              1d00 005e  ld   $5e
              1d01 00a5  ld   $a5
              1d02 0085  ld   $85
              1d03 00a1  ld   $a1
              1d04 0076  ld   $76
              1d05 0011  ld   $11
              1d06 0000  ld   $00
              1d07 0001  ld   $01
              1d08 002b  ld   $2b
              1d09 0098  ld   $98
              1d0a 0021  ld   $21
              1d0b 0098  ld   $98
              1d0c 00ad  ld   $ad
              1d0d 00e3  ld   $e3
              1d0e 0008  ld   $08
              1d0f 00e6  ld   $e6
              1d10 007f  ld   $7f
              1d11 0035  ld   $35
              1d12 0056  ld   $56
              1d13 00e3  ld   $e3
              1d14 00e3  ld   $e3
              1d15 0088  ld   $88
              1d16 00e3  ld   $e3
              1d17 007f  ld   $7f
              1d18 00f0  ld   $f0
              1d19 0098  ld   $98
              1d1a 0093  ld   $93
              1d1b 0098  ld   $98
              1d1c 0093  ld   $93
              1d1d 0098  ld   $98
              1d1e 001a  ld   $1a
              1d1f 0098  ld   $98
              1d20 00e6  ld   $e6
              1d21 00f0  ld   $f0
              1d22 0035  ld   $35
              1d23 0050  ld   $50
              1d24 00d7  ld   $d7
              1d25 001a  ld   $1a
              1d26 00aa  ld   $aa
              1d27 0088  ld   $88
              1d28 0004  ld   $04
              1d29 005e  ld   $5e
              1d2a 00aa  ld   $aa
              1d2b 0085  ld   $85
              1d2c 00c7  ld   $c7
              1d2d 0074  ld   $74
              1d2e 0063  ld   $63
              1d2f 00ff  ld   $ff
              1d30 007a  ld   $7a
              1d31 00a5  ld   $a5
              1d32 005a  ld   $5a
              1d33 0021  ld   $21
              1d34 0086  ld   $86
              1d35 00b8  ld   $b8
              1d36 0084  ld   $84
              1d37 0035  ld   $35
              1d38 0053  ld   $53
              1d39 00b6  ld   $b6
              1d3a 0021  ld   $21
              1d3b 0086  ld   $86
              1d3c 002b  ld   $2b
              1d3d 00a0  ld   $a0
              1d3e 0021  ld   $21
              1d3f 0084  ld   $84
              1d40 002b  ld   $2b
              1d41 0086  ld   $86
              1d42 0021  ld   $21
              1d43 00a0  ld   $a0
              1d44 002b  ld   $2b
              1d45 0084  ld   $84
              1d46 001a  ld   $1a
              1d47 0082  ld   $82
              1d48 005e  ld   $5e
              1d49 0028  ld   $28
              1d4a 001a  ld   $1a
              1d4b 0084  ld   $84
              1d4c 00e3  ld   $e3
              1d4d 0008  ld   $08
              1d4e 005e  ld   $5e
              1d4f 0084  ld   $84
              1d50 005e  ld   $5e
              1d51 0029  ld   $29
              1d52 0021  ld   $21
              1d53 0086  ld   $86
              1d54 00e3  ld   $e3
              1d55 0008  ld   $08
              1d56 005e  ld   $5e
              1d57 0086  ld   $86
              1d58 00b8  ld   $b8
              1d59 0084  ld   $84
              1d5a 00e6  ld   $e6
              1d5b 0008  ld   $08
              1d5c 0035  ld   $35
              1d5d 0050  ld   $50
              1d5e 00ef  ld   $ef
              1d5f 0021  ld   $21
              1d60 00a2  ld   $a2
              1d61 002b  ld   $2b
              1d62 0024  ld   $24
              1d63 0011  ld   $11
              1d64 00e1  ld   $e1
              1d65 0004  ld   $04
              1d66 002b  ld   $2b
              1d67 0022  ld   $22
              1d68 0021  ld   $21
              1d69 0086  ld   $86
              1d6a 00e6  ld   $e6
              1d6b 0007  ld   $07
              1d6c 002b  ld   $2b
              1d6d 0088  ld   $88
              1d6e 0059  ld   $59
              1d6f 00ff  ld   $ff
              1d70 005e  ld   $5e
              1d71 0026  ld   $26
              1d72 00b4  ld   $b4
              1d73 00cb  ld   $cb
              1d74 001a  ld   $1a
              1d75 0029  ld   $29
              1d76 00e3  ld   $e3
              1d77 0008  ld   $08
              1d78 005e  ld   $5e
              1d79 0029  ld   $29
              1d7a 00b8  ld   $b8
              1d7b 0088  ld   $88
              1d7c 0035  ld   $35
              1d7d 0050  ld   $50
              1d7e 00de  ld   $de
              1d7f 001a  ld   $1a
              1d80 00a3  ld   $a3
              1d81 00f0  ld   $f0
              1d82 0028  ld   $28
              1d83 0093  ld   $93
              1d84 0029  ld   $29
              1d85 001a  ld   $1a
              1d86 0029  ld   $29
              1d87 00b8  ld   $b8
              1d88 0086  ld   $86
              1d89 0035  ld   $35
              1d8a 0056  ld   $56
              1d8b 00ef  ld   $ef
              1d8c 00ff  ld   $ff
              1d8d 007b  ld   $7b
              1d8e 00a2  ld   $a2
              1d8f 005e  ld   $5e
              1d90 0075  ld   $75
              1d91 0011  ld   $11
              1d92 00bd  ld   $bd
              1d93 007c  ld   $7c
              1d94 002b  ld   $2b
              1d95 0086  ld   $86
              1d96 002b  ld   $2b
              1d97 0092  ld   $92
              1d98 0011  ld   $11
              1d99 00d4  ld   $d4
              1d9a 007b  ld   $7b
              1d9b 002b  ld   $2b
              1d9c 0088  ld   $88
              1d9d 0021  ld   $21
              1d9e 0092  ld   $92
              1d9f 00f6  ld   $f6
              1da0 0035  ld   $35
              1da1 0072  ld   $72
              1da2 00bc  ld   $bc
              1da3 0021  ld   $21
              1da4 0084  ld   $84
              1da5 0035  ld   $35
              1da6 003f  ld   $3f
              1da7 00ba  ld   $ba
              1da8 00cf  ld   $cf
              1da9 0084  ld   $84
              1daa 0063  ld   $63
              1dab 00ff  ld   $ff
              1dac 00b8  ld   $b8
              1dad 0082  ld   $82
              1dae 0035  ld   $35
              1daf 003f  ld   $3f
              1db0 00c7  ld   $c7
              1db1 0093  ld   $93
              1db2 0092  ld   $92
              1db3 0093  ld   $93
              1db4 0092  ld   $92
              1db5 0090  ld   $90
              1db6 00ad  ld   $ad
              1db7 0021  ld   $21
              1db8 0092  ld   $92
              1db9 00b8  ld   $b8
              1dba 0086  ld   $86
              1dbb 0099  ld   $99
              1dbc 0088  ld   $88
              1dbd 00f6  ld   $f6
              1dbe 00cf  ld   $cf
              1dbf 0018  ld   $18
              1dc0 0063  ld   $63
              1dc1 00ff  ld   $ff
              1dc2 009c  ld   $9c
              1dc3 0002  ld   $02
              1dc4 00b0  ld   $b0
              1dc5 0002  ld   $02
              1dc6 00c4  ld   $c4
              1dc7 0002  ld   $02
              1dc8 00d8  ld   $d8
              1dc9 0002  ld   $02
              1dca 00ec  ld   $ec
              1dcb 0002  ld   $02
              1dcc 000a  ld   $0a
              1dcd 0003  ld   $03
              1dce 001e  ld   $1e
              1dcf 0003  ld   $03
              1dd0 0032  ld   $32
              1dd1 0003  ld   $03
              1dd2 0046  ld   $46
              1dd3 0003  ld   $03
              1dd4 005a  ld   $5a
              1dd5 0003  ld   $03
              1dd6 006e  ld   $6e
              1dd7 0003  ld   $03
              1dd8 0082  ld   $82
              1dd9 0003  ld   $03
              1dda 0096  ld   $96
              1ddb 0003  ld   $03
              1ddc 00aa  ld   $aa
              1ddd 0003  ld   $03
              1dde 00be  ld   $be
              1ddf 0003  ld   $03
              1de0 00d2  ld   $d2
              1de1 0003  ld   $03
              1de2 00e6  ld   $e6
              1de3 0003  ld   $03
              1de4 0005  ld   $05
              1de5 0004  ld   $04
              1de6 0058  ld   $58
              1de7 0005  ld   $05
              1de8 0064  ld   $64
              1de9 0005  ld   $05
              1dea 0070  ld   $70
              1deb 0005  ld   $05
              1dec 007c  ld   $7c
              1ded 0005  ld   $05
              1dee 007c  ld   $7c
              1def 00a5  ld   $a5
              1df0 005b  ld   $5b
              1df1 001a  ld   $1a
              1df2 00a4  ld   $a4
              1df3 00e3  ld   $e3
              1df4 0006  ld   $06
              1df5 005e  ld   $5e
              1df6 00a4  ld   $a4
              1df7 00e6  ld   $e6
              1df8 009a  ld   $9a
              1df9 0035  ld   $35
              1dfa 0056  ld   $56
              1dfb fe00  bra  ac          ;+-----------------------------------+
              1dfc fcfd  bra  $1dfd       ;|                                   |
              1dfd 1404  ld   $04,y       ;| Trampoline for page $1d00 lookups |
              1dfe e068  jmp  y,$68       ;|                                   |
              1dff c218  st   [$18]       ;+-----------------------------------+
              1e00 00ba  ld   $ba
              1e01 001a  ld   $1a
              1e02 00aa  ld   $aa
              1e03 0082  ld   $82
              1e04 0008  ld   $08
              1e05 0035  ld   $35
              1e06 0072  ld   $72
              1e07 00ba  ld   $ba
              1e08 0075  ld   $75
              1e09 0085  ld   $85
              1e0a 00ac  ld   $ac
              1e0b 0079  ld   $79
              1e0c 0063  ld   $63
              1e0d 00ff  ld   $ff
              1e0e 0071  ld   $71
              1e0f 0000  ld   $00
              1e10 0032  ld   $32
              1e11 0000  ld   $00
              1e12 0077  ld   $77
              1e13 0000  ld   $00
              1e14 0033  ld   $33
              1e15 0000  ld   $00
              1e16 0065  ld   $65
              1e17 0000  ld   $00
              1e18 0072  ld   $72
              1e19 0000  ld   $00
              1e1a 0035  ld   $35
              1e1b 0000  ld   $00
              1e1c 0074  ld   $74
              1e1d 0000  ld   $00
              1e1e 0036  ld   $36
              1e1f 0000  ld   $00
              1e20 0079  ld   $79
              1e21 0000  ld   $00
              1e22 0037  ld   $37
              1e23 0000  ld   $00
              1e24 0075  ld   $75
              1e25 0000  ld   $00
              1e26 0069  ld   $69
              1e27 0000  ld   $00
              1e28 0039  ld   $39
              1e29 0000  ld   $00
              1e2a 006f  ld   $6f
              1e2b 0000  ld   $00
              1e2c 0030  ld   $30
              1e2d 0000  ld   $00
              1e2e 0070  ld   $70
              1e2f 0000  ld   $00
              1e30 007a  ld   $7a
              1e31 0000  ld   $00
              1e32 00ce  ld   $ce
              1e33 0000  ld   $00
              1e34 00cf  ld   $cf
              1e35 0000  ld   $00
              1e36 00d0  ld   $d0
              1e37 0000  ld   $00
              1e38 00d1  ld   $d1
              1e39 0000  ld   $00
              1e3a 0000  ld   $00
              1e3b 0000  ld   $00
              1e3c 0013  ld   $13
              1e3d 0051  ld   $51
              1e3e 0020  ld   $20
              1e3f 0057  ld   $57
              1e40 0020  ld   $20
              1e41 0045  ld   $45
              1e42 0020  ld   $20
              1e43 0052  ld   $52
              1e44 0020  ld   $20
              1e45 0054  ld   $54
              1e46 0020  ld   $20
              1e47 0059  ld   $59
              1e48 0020  ld   $20
              1e49 0055  ld   $55
              1e4a 0020  ld   $20
              1e4b 0049  ld   $49
              1e4c 0020  ld   $20
              1e4d 004f  ld   $4f
              1e4e 0020  ld   $20
              1e4f 0050  ld   $50
              1e50 0000  ld   $00
              1e51 007d  ld   $7d
              1e52 00a0  ld   $a0
              1e53 0060  ld   $60
              1e54 0059  ld   $59
              1e55 0002  ld   $02
              1e56 002b  ld   $2b
              1e57 00a4  ld   $a4
              1e58 001a  ld   $1a
              1e59 00aa  ld   $aa
              1e5a 0082  ld   $82
              1e5b 00fb  ld   $fb
              1e5c 005e  ld   $5e
              1e5d 00aa  ld   $aa
              1e5e 00ff  ld   $ff
              1e5f 0012  ld   $12
              1e60 0020  ld   $20
              1e61 0032  ld   $32
              1e62 0020  ld   $20
              1e63 0033  ld   $33
              1e64 0020  ld   $20
              1e65 0020  ld   $20
              1e66 0020  ld   $20
              1e67 0035  ld   $35
              1e68 0020  ld   $20
              1e69 0036  ld   $36
              1e6a 0020  ld   $20
              1e6b 0037  ld   $37
              1e6c 0020  ld   $20
              1e6d 0020  ld   $20
              1e6e 0020  ld   $20
              1e6f 0039  ld   $39
              1e70 0020  ld   $20
              1e71 0030  ld   $30
              1e72 0000  ld   $00
              1e73 0008  ld   $08
              1e74 0053  ld   $53
              1e75 0061  ld   $61
              1e76 0077  ld   $77
              1e77 0074  ld   $74
              1e78 006f  ld   $6f
              1e79 006f  ld   $6f
              1e7a 0074  ld   $74
              1e7b 0068  ld   $68
              1e7c 0000  ld   $00
              1e7d 0008  ld   $08
              1e7e 0050  ld   $50
              1e7f 0075  ld   $75
              1e80 006c  ld   $6c
              1e81 0073  ld   $73
              1e82 0065  ld   $65
              1e83 0020  ld   $20
              1e84 0020  ld   $20
              1e85 0020  ld   $20
              1e86 0000  ld   $00
              1e87 0008  ld   $08
              1e88 0054  ld   $54
              1e89 0072  ld   $72
              1e8a 0069  ld   $69
              1e8b 0061  ld   $61
              1e8c 006e  ld   $6e
              1e8d 0067  ld   $67
              1e8e 006c  ld   $6c
              1e8f 0065  ld   $65
              1e90 0000  ld   $00
              1e91 0008  ld   $08
              1e92 0053  ld   $53
              1e93 0069  ld   $69
              1e94 006e  ld   $6e
              1e95 0075  ld   $75
              1e96 0073  ld   $73
              1e97 006f  ld   $6f
              1e98 0069  ld   $69
              1e99 0064  ld   $64
              1e9a 0000  ld   $00
              1e9b 0003  ld   $03
              1e9c 005a  ld   $5a
              1e9d 003a  ld   $3a
              1e9e 0020  ld   $20
              1e9f 0000  ld   $00
              1ea0 0000  ld   $00
              1ea1 0000  ld   $00
              * 22 times
              1eb5 0000  ld   $00         ;End of audio/at67/Piano.gt1, size 2385
                                          ;+-----------------------------------+
                                          ;| ../build/mainmenu.gt1             |
                                          ;+-----------------------------------+
              1eb6 dc50  st   $50,[y,x++] ;'P'
              1eb7 dc69  st   $69,[y,x++] ;'i'
              1eb8 dc61  st   $61,[y,x++] ;'a'
              1eb9 dc6e  st   $6e,[y,x++] ;'n'
              1eba dc6f  st   $6f,[y,x++] ;'o'
              1ebb dc00  st   $00,[y,x++] ;'\x00'
              1ebc dc00  st   $00,[y,x++] ;'\x00'
              1ebd dc00  st   $00,[y,x++] ;'\x00'
              1ebe 0065  ld   $65
              1ebf c218  st   [$18]
              1ec0 0015  ld   $15
              1ec1 1425  ld   $25,y
              1ec2 e0a2  jmp  y,$a2
              1ec3 c219  st   [$19]
Main:         1ec4 0000  ld   $00
              1ec5 007e  ld   $7e
              1ec6 0002  ld   $02
              1ec7 0001  ld   $01
              1ec8 0001  ld   $01
              1ec9 0002  ld   $02
              1eca 0000  ld   $00
              1ecb 00fa  ld   $fa
              1ecc 0011  ld   $11
              1ecd 0020  ld   $20
              1ece 000f  ld   $0f
              1ecf 002b  ld   $2b
              1ed0 00a2  ld   $a2
              1ed1 001a  ld   $1a
              1ed2 0021  ld   $21
              1ed3 0088  ld   $88
              1ed4 0003  ld   $03
              1ed5 005e  ld   $5e
              1ed6 0021  ld   $21
              1ed7 0059  ld   $59
              1ed8 0002  ld   $02
              1ed9 002b  ld   $2b
              1eda 00aa  ld   $aa
              1edb 0059  ld   $59
              1edc 0000  ld   $00
              1edd 002b  ld   $2b
              1ede 00a6  ld   $a6
              1edf 001a  ld   $1a
              1ee0 000e  ld   $0e
              1ee1 002b  ld   $2b
              1ee2 00d6  ld   $d6
              1ee3 0085  ld   $85
              1ee4 00a1  ld   $a1
              1ee5 007e  ld   $7e
              1ee6 0059  ld   $59
              1ee7 0000  ld   $00
              1ee8 002b  ld   $2b
              1ee9 0030  ld   $30
              1eea 002b  ld   $2b
              1eeb 0032  ld   $32
              1eec 0011  ld   $11
              1eed 00ff  ld   $ff
              1eee 00ff  ld   $ff
              1eef 002b  ld   $2b
              1ef0 0034  ld   $34
              1ef1 0059  ld   $59
              1ef2 0000  ld   $00
              1ef3 002b  ld   $2b
              1ef4 0036  ld   $36
              1ef5 001a  ld   $1a
              1ef6 00aa  ld   $aa
              1ef7 0082  ld   $82
              1ef8 00fd  ld   $fd
              1ef9 005e  ld   $5e
              1efa 00aa  ld   $aa
              1efb fe00  bra  ac          ;+-----------------------------------+
              1efc fcfd  bra  $1efd       ;|                                   |
              1efd 1404  ld   $04,y       ;| Trampoline for page $1e00 lookups |
              1efe e068  jmp  y,$68       ;|                                   |
              1eff c218  st   [$18]       ;+-----------------------------------+
              1f00 001a  ld   $1a
              1f01 00aa  ld   $aa
              1f02 0082  ld   $82
              1f03 00f7  ld   $f7
              1f04 005e  ld   $5e
              1f05 00aa  ld   $aa
              1f06 0059  ld   $59
              1f07 0000  ld   $00
              1f08 005e  ld   $5e
              1f09 00a2  ld   $a2
              1f0a 0059  ld   $59
              1f0b 0002  ld   $02
              1f0c 002b  ld   $2b
              1f0d 0082  ld   $82
              1f0e 0085  ld   $85
              1f0f 00a4  ld   $a4
              1f10 007d  ld   $7d
              1f11 0085  ld   $85
              1f12 00cd  ld   $cd
              1f13 0075  ld   $75
              1f14 0059  ld   $59
              1f15 0000  ld   $00
              1f16 002b  ld   $2b
              1f17 0038  ld   $38
              1f18 0011  ld   $11
              1f19 00de  ld   $de
              1f1a 007f  ld   $7f
              1f1b 0099  ld   $99
              1f1c 0038  ld   $38
              1f1d 00ad  ld   $ad
              1f1e 005e  ld   $5e
              1f1f 00a3  ld   $a3
              1f20 0011  ld   $11
              1f21 00e2  ld   $e2
              1f22 007f  ld   $7f
              1f23 0099  ld   $99
              1f24 0038  ld   $38
              1f25 00ad  ld   $ad
              1f26 005e  ld   $5e
              1f27 00a4  ld   $a4
              1f28 0011  ld   $11
              1f29 00e0  ld   $e0
              1f2a 007f  ld   $7f
              1f2b 0099  ld   $99
              1f2c 0038  ld   $38
              1f2d 00ad  ld   $ad
              1f2e 005e  ld   $5e
              1f2f 00a5  ld   $a5
              1f30 0085  ld   $85
              1f31 00a3  ld   $a3
              1f32 007a  ld   $7a
              1f33 0011  ld   $11
              1f34 00f2  ld   $f2
              1f35 007f  ld   $7f
              1f36 0099  ld   $99
              1f37 0038  ld   $38
              1f38 0099  ld   $99
              1f39 0038  ld   $38
              1f3a 00f6  ld   $f6
              1f3b 0085  ld   $85
              1f3c 00a9  ld   $a9
              1f3d 0074  ld   $74
              1f3e 0085  ld   $85
              1f3f 00ac  ld   $ac
              1f40 007e  ld   $7e
              1f41 0093  ld   $93
              1f42 0038  ld   $38
              1f43 001a  ld   $1a
              1f44 0038  ld   $38
              1f45 00e6  ld   $e6
              1f46 0001  ld   $01
              1f47 0035  ld   $35
              1f48 004d  ld   $4d
              1f49 007a  ld   $7a
              1f4a 0085  ld   $85
              1f4b 0047  ld   $47
              1f4c 0002  ld   $02
              1f4d 0059  ld   $59
              1f4e 0000  ld   $00
              1f4f 002b  ld   $2b
              1f50 0038  ld   $38
              1f51 0011  ld   $11
              1f52 00e4  ld   $e4
              1f53 007f  ld   $7f
              1f54 0099  ld   $99
              1f55 0038  ld   $38
              1f56 00ad  ld   $ad
              1f57 005e  ld   $5e
              1f58 00a3  ld   $a3
              1f59 0011  ld   $11
              1f5a 00ea  ld   $ea
              1f5b 007f  ld   $7f
              1f5c 0099  ld   $99
              1f5d 0038  ld   $38
              1f5e 00ad  ld   $ad
              1f5f 005e  ld   $5e
              1f60 00a4  ld   $a4
              1f61 0011  ld   $11
              1f62 00e5  ld   $e5
              1f63 007f  ld   $7f
              1f64 0099  ld   $99
              1f65 0038  ld   $38
              1f66 00ad  ld   $ad
              1f67 005e  ld   $5e
              1f68 00a5  ld   $a5
              1f69 0085  ld   $85
              1f6a 00a3  ld   $a3
              1f6b 007a  ld   $7a
              1f6c 0011  ld   $11
              1f6d 00e8  ld   $e8
              1f6e 007f  ld   $7f
              1f6f 0099  ld   $99
              1f70 0038  ld   $38
              1f71 0099  ld   $99
              1f72 0038  ld   $38
              1f73 00f6  ld   $f6
              1f74 0085  ld   $85
              1f75 00a9  ld   $a9
              1f76 0074  ld   $74
              1f77 0085  ld   $85
              1f78 00ac  ld   $ac
              1f79 007e  ld   $7e
              1f7a 0021  ld   $21
              1f7b 0038  ld   $38
              1f7c 00e3  ld   $e3
              1f7d 0001  ld   $01
              1f7e 002b  ld   $2b
              1f7f 0038  ld   $38
              1f80 00e6  ld   $e6
              1f81 0000  ld   $00
              1f82 0035  ld   $35
              1f83 004d  ld   $4d
              1f84 00b5  ld   $b5
              1f85 0085  ld   $85
              1f86 0080  ld   $80
              1f87 0002  ld   $02
              1f88 0059  ld   $59
              1f89 0003  ld   $03
              1f8a 005e  ld   $5e
              1f8b 0087  ld   $87
              1f8c 0011  ld   $11
              1f8d 00a0  ld   $a0
              1f8e 0075  ld   $75
              1f8f 002b  ld   $2b
              1f90 0092  ld   $92
              1f91 0085  ld   $85
              1f92 00b2  ld   $b2
              1f93 0073  ld   $73
              1f94 0085  ld   $85
              1f95 00b9  ld   $b9
              1f96 007b  ld   $7b
              1f97 0085  ld   $85
              1f98 004d  ld   $4d
              1f99 0004  ld   $04
              1f9a 001a  ld   $1a
              1f9b 0011  ld   $11
              1f9c 002b  ld   $2b
              1f9d 009a  ld   $9a
              1f9e 0059  ld   $59
              1f9f 0000  ld   $00
              1fa0 002b  ld   $2b
              1fa1 009c  ld   $9c
              1fa2 0085  ld   $85
              1fa3 00cd  ld   $cd
              1fa4 0078  ld   $78
              1fa5 0021  ld   $21
              1fa6 0036  ld   $36
              1fa7 00fc  ld   $fc
              1fa8 0034  ld   $34
              1fa9 0085  ld   $85
              1faa 00d2  ld   $d2
              1fab 0073  ld   $73
              1fac 0035  ld   $35
              1fad 0072  ld   $72
              1fae 00df  ld   $df
              1faf 0085  ld   $85
              1fb0 0004  ld   $04
              1fb1 0003  ld   $03
              1fb2 0021  ld   $21
              1fb3 0034  ld   $34
              1fb4 002b  ld   $2b
              1fb5 00c4  ld   $c4
              1fb6 0059  ld   $59
              1fb7 0000  ld   $00
              1fb8 002b  ld   $2b
              1fb9 00c6  ld   $c6
              1fba 0085  ld   $85
              1fbb 0092  ld   $92
              1fbc 0003  ld   $03
              1fbd 0021  ld   $21
              1fbe 0036  ld   $36
              1fbf 002b  ld   $2b
              1fc0 00c4  ld   $c4
              1fc1 0059  ld   $59
              1fc2 0001  ld   $01
              1fc3 002b  ld   $2b
              1fc4 00c6  ld   $c6
              1fc5 0085  ld   $85
              1fc6 0092  ld   $92
              1fc7 0003  ld   $03
              1fc8 0085  ld   $85
              1fc9 0000  ld   $00
              1fca 0003  ld   $03
              1fcb 0003  ld   $03
              1fcc 0000  ld   $00
              1fcd 00f9  ld   $f9
              1fce 0021  ld   $21
              1fcf 0036  ld   $36
              1fd0 002b  ld   $2b
              1fd1 0034  ld   $34
              1fd2 0085  ld   $85
              1fd3 00c9  ld   $c9
              1fd4 0002  ld   $02
              1fd5 0075  ld   $75
              1fd6 0085  ld   $85
              1fd7 00cd  ld   $cd
              1fd8 0075  ld   $75
              1fd9 001a  ld   $1a
              1fda 0034  ld   $34
              1fdb 002b  ld   $2b
              1fdc 0096  ld   $96
              1fdd 0011  ld   $11
              1fde 00e6  ld   $e6
              1fdf 007f  ld   $7f
              1fe0 0099  ld   $99
              1fe1 0096  ld   $96
              1fe2 0099  ld   $99
              1fe3 0096  ld   $96
              1fe4 00f6  ld   $f6
              1fe5 002b  ld   $2b
              1fe6 0024  ld   $24
              1fe7 0011  ld   $11
              1fe8 0000  ld   $00
              1fe9 0002  ld   $02
              1fea 0085  ld   $85
              1feb 00b8  ld   $b8
              1fec 0073  ld   $73
              1fed 0063  ld   $63
              1fee 00ff  ld   $ff
              1fef 0075  ld   $75
              1ff0 0085  ld   $85
              1ff1 0057  ld   $57
              1ff2 0004  ld   $04
              1ff3 0085  ld   $85
              1ff4 0007  ld   $07
              1ff5 0003  ld   $03
              1ff6 0063  ld   $63
              1ff7 00ff  ld   $ff
              1ff8 0075  ld   $75
              1ff9 0093  ld   $93
              1ffa 0030  ld   $30
              1ffb fe00  bra  ac          ;+-----------------------------------+
              1ffc fcfd  bra  $1ffd       ;|                                   |
              1ffd 1404  ld   $04,y       ;| Trampoline for page $1f00 lookups |
              1ffe e068  jmp  y,$68       ;|                                   |
              1fff c218  st   [$18]       ;+-----------------------------------+
              2000 0021  ld   $21
              2001 0030  ld   $30
              2002 008c  ld   $8c
              2003 0001  ld   $01
              2004 0085  ld   $85
              2005 00a0  ld   $a0
              2006 0074  ld   $74
              2007 0035  ld   $35
              2008 0072  ld   $72
              2009 0038  ld   $38
              200a 0085  ld   $85
              200b 003e  ld   $3e
              200c 0003  ld   $03
              200d 0059  ld   $59
              200e 0000  ld   $00
              200f 002b  ld   $2b
              2010 0030  ld   $30
              2011 0085  ld   $85
              2012 0057  ld   $57
              2013 0004  ld   $04
              2014 0063  ld   $63
              2015 00ff  ld   $ff
              2016 0075  ld   $75
              2017 0021  ld   $21
              2018 0030  ld   $30
              2019 00e6  ld   $e6
              201a 0001  ld   $01
              201b 002b  ld   $2b
              201c 0030  ld   $30
              201d 0021  ld   $21
              201e 0030  ld   $30
              201f 0085  ld   $85
              2020 00c0  ld   $c0
              2021 0073  ld   $73
              2022 0035  ld   $35
              2023 0072  ld   $72
              2024 0053  ld   $53
              2025 0085  ld   $85
              2026 0059  ld   $59
              2027 0003  ld   $03
              2028 0059  ld   $59
              2029 0000  ld   $00
              202a 002b  ld   $2b
              202b 0030  ld   $30
              202c 0085  ld   $85
              202d 0057  ld   $57
              202e 0004  ld   $04
              202f 0063  ld   $63
              2030 00ff  ld   $ff
              2031 0075  ld   $75
              2032 0093  ld   $93
              2033 0032  ld   $32
              2034 0021  ld   $21
              2035 0032  ld   $32
              2036 008c  ld   $8c
              2037 0001  ld   $01
              2038 0085  ld   $85
              2039 00a0  ld   $a0
              203a 0074  ld   $74
              203b 0035  ld   $35
              203c 0072  ld   $72
              203d 006c  ld   $6c
              203e 0085  ld   $85
              203f 0072  ld   $72
              2040 0003  ld   $03
              2041 0059  ld   $59
              2042 0000  ld   $00
              2043 002b  ld   $2b
              2044 0032  ld   $32
              2045 0085  ld   $85
              2046 0057  ld   $57
              2047 0004  ld   $04
              2048 0063  ld   $63
              2049 00ff  ld   $ff
              204a 0075  ld   $75
              204b 0021  ld   $21
              204c 0032  ld   $32
              204d 00e6  ld   $e6
              204e 0001  ld   $01
              204f 002b  ld   $2b
              2050 0032  ld   $32
              2051 0021  ld   $21
              2052 0032  ld   $32
              2053 0085  ld   $85
              2054 00c0  ld   $c0
              2055 0073  ld   $73
              2056 0035  ld   $35
              2057 0072  ld   $72
              2058 0087  ld   $87
              2059 0085  ld   $85
              205a 008d  ld   $8d
              205b 0003  ld   $03
              205c 0059  ld   $59
              205d 0000  ld   $00
              205e 002b  ld   $2b
              205f 0032  ld   $32
              2060 0085  ld   $85
              2061 0057  ld   $57
              2062 0004  ld   $04
              2063 0063  ld   $63
              2064 00ff  ld   $ff
              2065 0075  ld   $75
              2066 0011  ld   $11
              2067 00ff  ld   $ff
              2068 00ff  ld   $ff
              2069 00fc  ld   $fc
              206a 00c4  ld   $c4
              206b 0035  ld   $35
              206c 0072  ld   $72
              206d 009b  ld   $9b
              206e 0063  ld   $63
              206f 00ff  ld   $ff
              2070 0011  ld   $11
              2071 00ea  ld   $ea
              2072 007f  ld   $7f
              2073 0099  ld   $99
              2074 00c4  ld   $c4
              2075 00ad  ld   $ad
              2076 002b  ld   $2b
              2077 00c8  ld   $c8
              2078 0011  ld   $11
              2079 00e5  ld   $e5
              207a 007f  ld   $7f
              207b 0099  ld   $99
              207c 00c4  ld   $c4
              207d 00ad  ld   $ad
              207e 002b  ld   $2b
              207f 00ca  ld   $ca
              2080 0011  ld   $11
              2081 00e8  ld   $e8
              2082 007f  ld   $7f
              2083 0099  ld   $99
              2084 00c4  ld   $c4
              2085 0099  ld   $99
              2086 00c4  ld   $c4
              2087 00f6  ld   $f6
              2088 00ad  ld   $ad
              2089 002b  ld   $2b
              208a 00cc  ld   $cc
              208b 0021  ld   $21
              208c 00cc  ld   $cc
              208d 00e9  ld   $e9
              208e 00e9  ld   $e9
              208f 0099  ld   $99
              2090 00cc  ld   $cc
              2091 0099  ld   $99
              2092 00cc  ld   $cc
              2093 002b  ld   $2b
              2094 00cc  ld   $cc
              2095 0021  ld   $21
              2096 00c6  ld   $c6
              2097 0035  ld   $35
              2098 0072  ld   $72
              2099 00c8  ld   $c8
              209a 0085  ld   $85
              209b 00d1  ld   $d1
              209c 0003  ld   $03
              209d 0059  ld   $59
              209e 004f  ld   $4f
              209f 005e  ld   $5e
              20a0 00a3  ld   $a3
              20a1 0085  ld   $85
              20a2 00d5  ld   $d5
              20a3 0003  ld   $03
              20a4 0059  ld   $59
              20a5 0000  ld   $00
              20a6 005e  ld   $5e
              20a7 00a3  ld   $a3
              20a8 0021  ld   $21
              20a9 00c8  ld   $c8
              20aa 00e6  ld   $e6
              20ab 0001  ld   $01
              20ac 002b  ld   $2b
              20ad 0082  ld   $82
              20ae 0021  ld   $21
              20af 00ca  ld   $ca
              20b0 00e6  ld   $e6
              20b1 0001  ld   $01
              20b2 002b  ld   $2b
              20b3 0084  ld   $84
              20b4 0021  ld   $21
              20b5 00c8  ld   $c8
              20b6 0099  ld   $99
              20b7 00cc  ld   $cc
              20b8 002b  ld   $2b
              20b9 0086  ld   $86
              20ba 0021  ld   $21
              20bb 00ca  ld   $ca
              20bc 00e6  ld   $e6
              20bd 0001  ld   $01
              20be 002b  ld   $2b
              20bf 0088  ld   $88
              20c0 0085  ld   $85
              20c1 00ae  ld   $ae
              20c2 007d  ld   $7d
              20c3 0021  ld   $21
              20c4 00c8  ld   $c8
              20c5 00e6  ld   $e6
              20c6 0001  ld   $01
              20c7 002b  ld   $2b
              20c8 0082  ld   $82
              20c9 0085  ld   $85
              20ca 0000  ld   $00
              20cb 0004  ld   $04
              20cc 0004  ld   $04
              20cd 0000  ld   $00
              20ce 0087  ld   $87
              20cf 0021  ld   $21
              20d0 00ca  ld   $ca
              20d1 00e3  ld   $e3
              20d2 0008  ld   $08
              20d3 002b  ld   $2b
              20d4 0084  ld   $84
              20d5 0021  ld   $21
              20d6 00c8  ld   $c8
              20d7 0099  ld   $99
              20d8 00cc  ld   $cc
              20d9 002b  ld   $2b
              20da 0086  ld   $86
              20db 0021  ld   $21
              20dc 00ca  ld   $ca
              20dd 00e3  ld   $e3
              20de 0008  ld   $08
              20df 002b  ld   $2b
              20e0 0088  ld   $88
              20e1 0085  ld   $85
              20e2 00ae  ld   $ae
              20e3 007d  ld   $7d
              20e4 0021  ld   $21
              20e5 00c8  ld   $c8
              20e6 00e6  ld   $e6
              20e7 0001  ld   $01
              20e8 002b  ld   $2b
              20e9 0082  ld   $82
              20ea 0021  ld   $21
              20eb 00ca  ld   $ca
              20ec 00e6  ld   $e6
              20ed 0001  ld   $01
              20ee 002b  ld   $2b
              20ef 0084  ld   $84
              20f0 0021  ld   $21
              20f1 00c8  ld   $c8
              20f2 00e6  ld   $e6
              20f3 0001  ld   $01
              20f4 002b  ld   $2b
              20f5 0086  ld   $86
              20f6 0021  ld   $21
              20f7 00ca  ld   $ca
              20f8 00e3  ld   $e3
              20f9 0008  ld   $08
              20fa 002b  ld   $2b
              20fb fe00  bra  ac          ;+-----------------------------------+
              20fc fcfd  bra  $20fd       ;|                                   |
              20fd 1404  ld   $04,y       ;| Trampoline for page $2000 lookups |
              20fe e068  jmp  y,$68       ;|                                   |
              20ff c218  st   [$18]       ;+-----------------------------------+
              2100 0088  ld   $88
              2101 0085  ld   $85
              2102 00ae  ld   $ae
              2103 007d  ld   $7d
              2104 0021  ld   $21
              2105 00c8  ld   $c8
              2106 0099  ld   $99
              2107 00cc  ld   $cc
              2108 002b  ld   $2b
              2109 0082  ld   $82
              210a 0021  ld   $21
              210b 00ca  ld   $ca
              210c 00e6  ld   $e6
              210d 0001  ld   $01
              210e 002b  ld   $2b
              210f 0084  ld   $84
              2110 0021  ld   $21
              2111 00c8  ld   $c8
              2112 0099  ld   $99
              2113 00cc  ld   $cc
              2114 002b  ld   $2b
              2115 0086  ld   $86
              2116 0021  ld   $21
              2117 00ca  ld   $ca
              2118 00e3  ld   $e3
              2119 0008  ld   $08
              211a 002b  ld   $2b
              211b 0088  ld   $88
              211c 0085  ld   $85
              211d 00ae  ld   $ae
              211e 007d  ld   $7d
              211f 0063  ld   $63
              2120 00ff  ld   $ff
              2121 0075  ld   $75
              2122 0059  ld   $59
              2123 0002  ld   $02
              2124 005e  ld   $5e
              2125 0087  ld   $87
              2126 0085  ld   $85
              2127 00a0  ld   $a0
              2128 007f  ld   $7f
              2129 0063  ld   $63
              212a 00ff  ld   $ff
              212b 0075  ld   $75
              212c 0021  ld   $21
              212d 0032  ld   $32
              212e 0099  ld   $99
              212f 0030  ld   $30
              2130 002b  ld   $2b
              2131 0036  ld   $36
              2132 0021  ld   $21
              2133 0036  ld   $36
              2134 00e6  ld   $e6
              2135 0001  ld   $01
              2136 0085  ld   $85
              2137 00c9  ld   $c9
              2138 0073  ld   $73
              2139 0035  ld   $35
              213a 0072  ld   $72
              213b 0069  ld   $69
              213c 0085  ld   $85
              213d 006f  ld   $6f
              213e 0004  ld   $04
              213f 0059  ld   $59
              2140 0000  ld   $00
              2141 002b  ld   $2b
              2142 0036  ld   $36
              2143 0059  ld   $59
              2144 0001  ld   $01
              2145 005e  ld   $5e
              2146 0093  ld   $93
              2147 0011  ld   $11
              2148 0008  ld   $08
              2149 0020  ld   $20
              214a 002b  ld   $2b
              214b 0094  ld   $94
              214c 0085  ld   $85
              214d 00eb  ld   $eb
              214e 0073  ld   $73
              214f 0059  ld   $59
              2150 0002  ld   $02
              2151 005e  ld   $5e
              2152 002c  ld   $2c
              2153 0059  ld   $59
              2154 00ef  ld   $ef
              2155 005e  ld   $5e
              2156 0011  ld   $11
              2157 0063  ld   $63
              2158 00ff  ld   $ff
              2159 00b4  ld   $b4
              215a 0080  ld   $80
              215b 0073  ld   $73
              215c 00b2  ld   $b2
              215d 0035  ld   $35
              215e 0075  ld   $75
              215f 0085  ld   $85
              2160 00a0  ld   $a0
              2161 007f  ld   $7f
              2162 0063  ld   $63
              2163 00ff  ld   $ff
              2164 002b  ld   $2b
              2165 001a  ld   $1a
              2166 0059  ld   $59
              2167 00ad  ld   $ad
              2168 002b  ld   $2b
              2169 0022  ld   $22
              216a 00b4  ld   $b4
              216b 00e2  ld   $e2
              216c 0035  ld   $35
              216d 0050  ld   $50
              216e 00c4  ld   $c4
              216f 0059  ld   $59
              2170 0000  ld   $00
              2171 00ff  ld   $ff
              2172 0059  ld   $59
              2173 0001  ld   $01
              2174 00ff  ld   $ff
              2175 0035  ld   $35
              2176 0053  ld   $53
              2177 00cd  ld   $cd
              2178 0059  ld   $59
              2179 0000  ld   $00
              217a 00ff  ld   $ff
              217b 0059  ld   $59
              217c 0001  ld   $01
              217d 00ff  ld   $ff
              217e 0035  ld   $35
              217f 0072  ld   $72
              2180 00d6  ld   $d6
              2181 0059  ld   $59
              2182 0000  ld   $00
              2183 00ff  ld   $ff
              2184 0059  ld   $59
              2185 0001  ld   $01
              2186 00ff  ld   $ff
              2187 001a  ld   $1a
              2188 000e  ld   $0e
              2189 00fc  ld   $fc
              218a 00d6  ld   $d6
              218b 0035  ld   $35
              218c 003f  ld   $3f
              218d 00d9  ld   $d9
              218e 001a  ld   $1a
              218f 000e  ld   $0e
              2190 002b  ld   $2b
              2191 00d6  ld   $d6
              2192 00ff  ld   $ff
              2193 0073  ld   $73
              2194 00eb  ld   $eb
              2195 0014  ld   $14
              2196 0011  ld   $11
              2197 0000  ld   $00
              2198 0006  ld   $06
              2199 002b  ld   $2b
              219a 0022  ld   $22
              219b 0059  ld   $59
              219c 00fc  ld   $fc
              219d 005e  ld   $5e
              219e 0092  ld   $92
              219f 001a  ld   $1a
              21a0 0094  ld   $94
              21a1 00b4  ld   $b4
              21a2 00f6  ld   $f6
              21a3 005e  ld   $5e
              21a4 0094  ld   $94
              21a5 0021  ld   $21
              21a6 0094  ld   $94
              21a7 00f3  ld   $f3
              21a8 0092  ld   $92
              21a9 00ff  ld   $ff
              21aa 0074  ld   $74
              21ab 00a0  ld   $a0
              21ac 005f  ld   $5f
              21ad 0035  ld   $35
              21ae 003f  ld   $3f
              21af 00a4  ld   $a4
              21b0 0059  ld   $59
              21b1 0000  ld   $00
              21b2 00ff  ld   $ff
              21b3 0059  ld   $59
              21b4 0001  ld   $01
              21b5 00ff  ld   $ff
              21b6 0075  ld   $75
              21b7 002b  ld   $2b
              21b8 0082  ld   $82
              21b9 0085  ld   $85
              21ba 00be  ld   $be
              21bb 0074  ld   $74
              21bc 0093  ld   $93
              21bd 0082  ld   $82
              21be 0021  ld   $21
              21bf 0082  ld   $82
              21c0 00ad  ld   $ad
              21c1 0035  ld   $35
              21c2 003f  ld   $3f
              21c3 00ba  ld   $ba
              21c4 0085  ld   $85
              21c5 00b3  ld   $b3
              21c6 007c  ld   $7c
              21c7 0090  ld   $90
              21c8 00ad  ld   $ad
              21c9 0063  ld   $63
              21ca 00ff  ld   $ff
              21cb 0011  ld   $11
              21cc 00e1  ld   $e1
              21cd 0004  ld   $04
              21ce 002b  ld   $2b
              21cf 0022  ld   $22
              21d0 0021  ld   $21
              21d1 00a2  ld   $a2
              21d2 002b  ld   $2b
              21d3 0024  ld   $24
              21d4 001a  ld   $1a
              21d5 00a5  ld   $a5
              21d6 00e9  ld   $e9
              21d7 0093  ld   $93
              21d8 0019  ld   $19
              21d9 00ad  ld   $ad
              21da 005e  ld   $5e
              21db 0029  ld   $29
              21dc 001a  ld   $1a
              21dd 00a4  ld   $a4
              21de 005e  ld   $5e
              21df 0028  ld   $28
              21e0 00ff  ld   $ff
              21e1 001a  ld   $1a
              21e2 0082  ld   $82
              21e3 005e  ld   $5e
              21e4 0082  ld   $82
              21e5 001a  ld   $1a
              21e6 0084  ld   $84
              21e7 00e3  ld   $e3
              21e8 0008  ld   $08
              21e9 005e  ld   $5e
              21ea 0083  ld   $83
              21eb 001a  ld   $1a
              21ec 0086  ld   $86
              21ed 005e  ld   $5e
              21ee 0084  ld   $84
              21ef 001a  ld   $1a
              21f0 0088  ld   $88
              21f1 00e3  ld   $e3
              21f2 0008  ld   $08
              21f3 005e  ld   $5e
              21f4 0085  ld   $85
              21f5 00ff  ld   $ff
              21f6 0011  ld   $11
              21f7 00cd  ld   $cd
              21f8 0004  ld   $04
              21f9 002b  ld   $2b
              21fa 0022  ld   $22
              21fb fe00  bra  ac          ;+-----------------------------------+
              21fc fcfd  bra  $21fd       ;|                                   |
              21fd 1404  ld   $04,y       ;| Trampoline for page $2100 lookups |
              21fe e068  jmp  y,$68       ;|                                   |
              21ff c218  st   [$18]       ;+-----------------------------------+
              2200 0021  ld   $21
              2201 0094  ld   $94
              2202 00b4  ld   $b4
              2203 0000  ld   $00
              2204 0099  ld   $99
              2205 0092  ld   $92
              2206 002b  ld   $2b
              2207 0086  ld   $86
              2208 0021  ld   $21
              2209 0098  ld   $98
              220a 00b4  ld   $b4
              220b 0000  ld   $00
              220c 0099  ld   $99
              220d 0096  ld   $96
              220e 002b  ld   $2b
              220f 0088  ld   $88
              2210 00ff  ld   $ff
              2211 0075  ld   $75
              2212 00a0  ld   $a0
              2213 005f  ld   $5f
              2214 0090  ld   $90
              2215 003c  ld   $3c
              2216 0091  ld   $91
              2217 0040  ld   $40
              2218 0092  ld   $92
              2219 0043  ld   $43
              221a 0093  ld   $93
              221b 0048  ld   $48
              221c 000c  ld   $0c
              221d 0080  ld   $80
              221e 0081  ld   $81
              221f 0082  ld   $82
              2220 0083  ld   $83
              2221 0001  ld   $01
              2222 0090  ld   $90
              2223 003c  ld   $3c
              2224 0091  ld   $91
              2225 0040  ld   $40
              2226 0092  ld   $92
              2227 0043  ld   $43
              2228 0093  ld   $93
              2229 0048  ld   $48
              222a 0024  ld   $24
              222b 0080  ld   $80
              222c 0081  ld   $81
              222d 0082  ld   $82
              222e 0083  ld   $83
              222f 00d0  ld   $d0
              2230 0000  ld   $00
              2231 0000  ld   $00
              2232 0075  ld   $75
              2233 0085  ld   $85
              2234 00a1  ld   $a1
              2235 007e  ld   $7e
              2236 0011  ld   $11
              2237 0003  ld   $03
              2238 000b  ld   $0b
              2239 002b  ld   $2b
              223a 0022  ld   $22
              223b 001a  ld   $1a
              223c 00a2  ld   $a2
              223d 005e  ld   $5e
              223e 0025  ld   $25
              223f 0063  ld   $63
              2240 00ff  ld   $ff
              2241 0075  ld   $75
              2242 0085  ld   $85
              2243 00be  ld   $be
              2244 0075  ld   $75
              2245 0059  ld   $59
              2246 0008  ld   $08
              2247 002b  ld   $2b
              2248 0094  ld   $94
              2249 0059  ld   $59
              224a 00a0  ld   $a0
              224b 005e  ld   $5e
              224c 0024  ld   $24
              224d 0059  ld   $59
              224e 0000  ld   $00
              224f 005e  ld   $5e
              2250 0026  ld   $26
              2251 001a  ld   $1a
              2252 0094  ld   $94
              2253 005e  ld   $5e
              2254 0027  ld   $27
              2255 00b4  ld   $b4
              2256 00f3  ld   $f3
              2257 0059  ld   $59
              2258 00a0  ld   $a0
              2259 005e  ld   $5e
              225a 0024  ld   $24
              225b 0059  ld   $59
              225c 0000  ld   $00
              225d 005e  ld   $5e
              225e 0026  ld   $26
              225f 0011  ld   $11
              2260 0087  ld   $87
              2261 0000  ld   $00
              2262 00b8  ld   $b8
              2263 0094  ld   $94
              2264 005e  ld   $5e
              2265 0027  ld   $27
              2266 00b4  ld   $b4
              2267 00f3  ld   $f3
              2268 0093  ld   $93
              2269 0094  ld   $94
              226a 001a  ld   $1a
              226b 0094  ld   $94
              226c 00e6  ld   $e6
              226d 0044  ld   $44
              226e 0035  ld   $35
              226f 0050  ld   $50
              2270 00d3  ld   $d3
              2271 0063  ld   $63
              2272 00ff  ld   $ff
              2273 0078  ld   $78
              2274 00a1  ld   $a1
              2275 005e  ld   $5e
              2276 0075  ld   $75
              2277 0011  ld   $11
              2278 0003  ld   $03
              2279 000b  ld   $0b
              227a 002b  ld   $2b
              227b 0022  ld   $22
              227c 001a  ld   $1a
              227d 00a2  ld   $a2
              227e 005e  ld   $5e
              227f 0025  ld   $25
              2280 0011  ld   $11
              2281 0000  ld   $00
              2282 0001  ld   $01
              2283 00ad  ld   $ad
              2284 005e  ld   $5e
              2285 0027  ld   $27
              2286 0059  ld   $59
              2287 0008  ld   $08
              2288 005e  ld   $5e
              2289 009e  ld   $9e
              228a 0059  ld   $59
              228b 00a0  ld   $a0
              228c 005e  ld   $5e
              228d 0024  ld   $24
              228e 0059  ld   $59
              228f 0000  ld   $00
              2290 005e  ld   $5e
              2291 0026  ld   $26
              2292 00b4  ld   $b4
              2293 00f3  ld   $f3
              2294 0093  ld   $93
              2295 0027  ld   $27
              2296 001a  ld   $1a
              2297 009e  ld   $9e
              2298 00e6  ld   $e6
              2299 0001  ld   $01
              229a 0035  ld   $35
              229b 0072  ld   $72
              229c 00b1  ld   $b1
              229d 0085  ld   $85
              229e 00be  ld   $be
              229f 0074  ld   $74
              22a0 0063  ld   $63
              22a1 00ff  ld   $ff
              22a2 0075  ld   $75
              22a3 0011  ld   $11
              22a4 00d2  ld   $d2
              22a5 007f  ld   $7f
              22a6 002b  ld   $2b
              22a7 009e  ld   $9e
              22a8 002b  ld   $2b
              22a9 00ac  ld   $ac
              22aa 0011  ld   $11
              22ab 00c8  ld   $c8
              22ac 007f  ld   $7f
              22ad 002b  ld   $2b
              22ae 00a0  ld   $a0
              22af 0021  ld   $21
              22b0 00ac  ld   $ac
              22b1 00f6  ld   $f6
              22b2 0035  ld   $35
              22b3 0072  ld   $72
              22b4 00e7  ld   $e7
              22b5 0021  ld   $21
              22b6 009c  ld   $9c
              22b7 0035  ld   $35
              22b8 003f  ld   $3f
              22b9 00e5  ld   $e5
              22ba 00cf  ld   $cf
              22bb 009c  ld   $9c
              22bc 0063  ld   $63
              22bd 00ff  ld   $ff
              22be 00b8  ld   $b8
              22bf 009a  ld   $9a
              22c0 0035  ld   $35
              22c1 003f  ld   $3f
              22c2 00f2  ld   $f2
              22c3 0093  ld   $93
              22c4 00ac  ld   $ac
              22c5 0093  ld   $93
              22c6 00ac  ld   $ac
              22c7 0090  ld   $90
              22c8 00d8  ld   $d8
              22c9 0021  ld   $21
              22ca 00ac  ld   $ac
              22cb 00b8  ld   $b8
              22cc 009e  ld   $9e
              22cd 0099  ld   $99
              22ce 00a0  ld   $a0
              22cf 00f6  ld   $f6
              22d0 00cf  ld   $cf
              22d1 0018  ld   $18
              22d2 0063  ld   $63
              22d3 00ff  ld   $ff
              22d4 0079  ld   $79
              22d5 00a1  ld   $a1
              22d6 005e  ld   $5e
              22d7 001a  ld   $1a
              22d8 0096  ld   $96
              22d9 0082  ld   $82
              22da 0003  ld   $03
              22db 00e3  ld   $e3
              22dc 0001  ld   $01
              22dd 005e  ld   $5e
              22de 0099  ld   $99
              22df 0059  ld   $59
              22e0 00fc  ld   $fc
              22e1 005e  ld   $5e
              22e2 0098  ld   $98
              22e3 0021  ld   $21
              22e4 0094  ld   $94
              22e5 00f3  ld   $f3
              22e6 0098  ld   $98
              22e7 00ff  ld   $ff
              22e8 001a  ld   $1a
              22e9 00a4  ld   $a4
              22ea 00e3  ld   $e3
              22eb 0006  ld   $06
              22ec 005e  ld   $5e
              22ed 00a4  ld   $a4
              22ee 00e6  ld   $e6
              22ef 009a  ld   $9a
              22f0 0035  ld   $35
              22f1 0056  ld   $56
              22f2 00c7  ld   $c7
              22f3 001a  ld   $1a
              22f4 00aa  ld   $aa
              22f5 0082  ld   $82
              22f6 0008  ld   $08
              22f7 0035  ld   $35
              22f8 0072  ld   $72
              22f9 00c7  ld   $c7
              22fa 0075  ld   $75
              22fb fe00  bra  ac          ;+-----------------------------------+
              22fc fcfd  bra  $22fd       ;|                                   |
              22fd 1404  ld   $04,y       ;| Trampoline for page $2200 lookups |
              22fe e068  jmp  y,$68       ;|                                   |
              22ff c218  st   [$18]       ;+-----------------------------------+
              2300 0085  ld   $85
              2301 00ac  ld   $ac
              2302 007e  ld   $7e
              2303 0063  ld   $63
              2304 00ff  ld   $ff
              2305 0021  ld   $21
              2306 009c  ld   $9c
              2307 00b8  ld   $b8
              2308 009a  ld   $9a
              2309 0035  ld   $35
              230a 0056  ld   $56
              230b 00e8  ld   $e8
              230c 0059  ld   $59
              230d 0000  ld   $00
              230e 002b  ld   $2b
              230f 0096  ld   $96
              2310 0021  ld   $21
              2311 009c  ld   $9c
              2312 002b  ld   $2b
              2313 00a0  ld   $a0
              2314 0021  ld   $21
              2315 009a  ld   $9a
              2316 002b  ld   $2b
              2317 009c  ld   $9c
              2318 0021  ld   $21
              2319 00a0  ld   $a0
              231a 002b  ld   $2b
              231b 009a  ld   $9a
              231c 0021  ld   $21
              231d 009e  ld   $9e
              231e 0035  ld   $35
              231f 0056  ld   $56
              2320 00e8  ld   $e8
              2321 0059  ld   $59
              2322 0001  ld   $01
              2323 002b  ld   $2b
              2324 0098  ld   $98
              2325 0011  ld   $11
              2326 0000  ld   $00
              2327 0006  ld   $06
              2328 002b  ld   $2b
              2329 0022  ld   $22
              232a 0021  ld   $21
              232b 009a  ld   $9a
              232c 00b4  ld   $b4
              232d 00f6  ld   $f6
              232e 00e3  ld   $e3
              232f 0001  ld   $01
              2330 002b  ld   $2b
              2331 00a0  ld   $a0
              2332 002b  ld   $2b
              2333 009e  ld   $9e
              2334 0085  ld   $85
              2335 00e9  ld   $e9
              2336 0074  ld   $74
              2337 0085  ld   $85
              2338 00c7  ld   $c7
              2339 007a  ld   $7a
              233a 007a  ld   $7a
              233b 00a3  ld   $a3
              233c 005c  ld   $5c
              233d 001a  ld   $1a
              233e 00a4  ld   $a4
              233f 00e6  ld   $e6
              2340 009a  ld   $9a
              2341 0035  ld   $35
              2342 0056  ld   $56
              2343 00ac  ld   $ac
              2344 0059  ld   $59
              2345 0000  ld   $00
              2346 005e  ld   $5e
              2347 00a4  ld   $a4
              2348 001a  ld   $1a
              2349 00a5  ld   $a5
              234a 00e6  ld   $e6
              234b 0070  ld   $70
              234c 0035  ld   $35
              234d 0050  ld   $50
              234e 00be  ld   $be
              234f 0059  ld   $59
              2350 0070  ld   $70
              2351 005e  ld   $5e
              2352 00a5  ld   $a5
              2353 001a  ld   $1a
              2354 00aa  ld   $aa
              2355 0088  ld   $88
              2356 0004  ld   $04
              2357 005e  ld   $5e
              2358 00aa  ld   $aa
              2359 00ff  ld   $ff
              235a 001a  ld   $1a
              235b 00aa  ld   $aa
              235c 0082  ld   $82
              235d 00fb  ld   $fb
              235e 005e  ld   $5e
              235f 00aa  ld   $aa
              2360 00ff  ld   $ff
              2361 001a  ld   $1a
              2362 00a3  ld   $a3
              2363 00f0  ld   $f0
              2364 0082  ld   $82
              2365 00f0  ld   $f0
              2366 0084  ld   $84
              2367 0021  ld   $21
              2368 00a0  ld   $a0
              2369 0099  ld   $99
              236a 009c  ld   $9c
              236b 002b  ld   $2b
              236c 00a0  ld   $a0
              236d 00b8  ld   $b8
              236e 009a  ld   $9a
              236f 0035  ld   $35
              2370 0056  ld   $56
              2371 00e6  ld   $e6
              2372 002b  ld   $2b
              2373 00a0  ld   $a0
              2374 0021  ld   $21
              2375 0082  ld   $82
              2376 0099  ld   $99
              2377 0086  ld   $86
              2378 002b  ld   $2b
              2379 0082  ld   $82
              237a 0021  ld   $21
              237b 0084  ld   $84
              237c 00b8  ld   $b8
              237d 0086  ld   $86
              237e 002b  ld   $2b
              237f 0084  ld   $84
              2380 0090  ld   $90
              2381 00f2  ld   $f2
              2382 0021  ld   $21
              2383 0082  ld   $82
              2384 0099  ld   $99
              2385 0088  ld   $88
              2386 002b  ld   $2b
              2387 0082  ld   $82
              2388 0021  ld   $21
              2389 0084  ld   $84
              238a 00b8  ld   $b8
              238b 0088  ld   $88
              238c 002b  ld   $2b
              238d 0084  ld   $84
              238e 0021  ld   $21
              238f 009e  ld   $9e
              2390 00e6  ld   $e6
              2391 0001  ld   $01
              2392 002b  ld   $2b
              2393 009e  ld   $9e
              2394 0035  ld   $35
              2395 004d  ld   $4d
              2396 00c5  ld   $c5
              2397 0063  ld   $63
              2398 00ff  ld   $ff
              2399 007b  ld   $7b
              239a 00a0  ld   $a0
              239b 005f  ld   $5f
              239c 0011  ld   $11
              239d 00ea  ld   $ea
              239e 0008  ld   $08
              239f 002b  ld   $2b
              23a0 0098  ld   $98
              23a1 001a  ld   $1a
              23a2 0094  ld   $94
              23a3 00e9  ld   $e9
              23a4 0099  ld   $99
              23a5 0098  ld   $98
              23a6 002b  ld   $2b
              23a7 0098  ld   $98
              23a8 007f  ld   $7f
              23a9 0000  ld   $00
              23aa 005e  ld   $5e
              23ab 0094  ld   $94
              23ac 0021  ld   $21
              23ad 0098  ld   $98
              23ae 007f  ld   $7f
              23af 0001  ld   $01
              23b0 005e  ld   $5e
              23b1 0095  ld   $95
              23b2 0021  ld   $21
              23b3 0094  ld   $94
              23b4 00ff  ld   $ff
              23b5 0075  ld   $75
              23b6 0021  ld   $21
              23b7 0092  ld   $92
              23b8 0093  ld   $93
              23b9 0092  ld   $92
              23ba 00ad  ld   $ad
              23bb 005e  ld   $5e
              23bc 0096  ld   $96
              23bd 0082  ld   $82
              23be 00f0  ld   $f0
              23bf 008c  ld   $8c
              23c0 0090  ld   $90
              23c1 0035  ld   $35
              23c2 0072  ld   $72
              23c3 00d5  ld   $d5
              23c4 0021  ld   $21
              23c5 0092  ld   $92
              23c6 0093  ld   $93
              23c7 0092  ld   $92
              23c8 00ad  ld   $ad
              23c9 005e  ld   $5e
              23ca 0094  ld   $94
              23cb 0085  ld   $85
              23cc 00a0  ld   $a0
              23cd 007b  ld   $7b
              23ce 0085  ld   $85
              23cf 00a1  ld   $a1
              23d0 0079  ld   $79
              23d1 0090  ld   $90
              23d2 00b8  ld   $b8
              23d3 008c  ld   $8c
              23d4 0010  ld   $10
              23d5 0035  ld   $35
              23d6 0072  ld   $72
              23d7 00e3  ld   $e3
              23d8 0059  ld   $59
              23d9 0000  ld   $00
              23da 002b  ld   $2b
              23db 0094  ld   $94
              23dc 0085  ld   $85
              23dd 00a1  ld   $a1
              23de 0079  ld   $79
              23df 0090  ld   $90
              23e0 00b8  ld   $b8
              23e1 008c  ld   $8c
              23e2 0050  ld   $50
              23e3 0035  ld   $35
              23e4 0072  ld   $72
              23e5 00f2  ld   $f2
              23e6 0021  ld   $21
              23e7 0092  ld   $92
              23e8 00f6  ld   $f6
              23e9 002b  ld   $2b
              23ea 0092  ld   $92
              23eb 0035  ld   $35
              23ec 0072  ld   $72
              23ed 00b8  ld   $b8
              23ee 0063  ld   $63
              23ef 00ff  ld   $ff
              23f0 001a  ld   $1a
              23f1 0096  ld   $96
              23f2 005e  ld   $5e
              23f3 002c  ld   $2c
              23f4 002b  ld   $2b
              23f5 0082  ld   $82
              23f6 0085  ld   $85
              23f7 00a2  ld   $a2
              23f8 007c  ld   $7c
              23f9 0090  ld   $90
              23fa 00b8  ld   $b8
              23fb fe00  bra  ac          ;+-----------------------------------+
              23fc fcfd  bra  $23fd       ;|                                   |
              23fd 1404  ld   $04,y       ;| Trampoline for page $2300 lookups |
              23fe e068  jmp  y,$68       ;|                                   |
              23ff c218  st   [$18]       ;+-----------------------------------+
              2400 007c  ld   $7c
              2401 00a2  ld   $a2
              2402 005d  ld   $5d
              2403 0021  ld   $21
              2404 0082  ld   $82
              2405 00e6  ld   $e6
              2406 0001  ld   $01
              2407 002b  ld   $2b
              2408 0082  ld   $82
              2409 0035  ld   $35
              240a 0053  ld   $53
              240b 00aa  ld   $aa
              240c 00ff  ld   $ff
              240d 0075  ld   $75
              240e 0085  ld   $85
              240f 00db  ld   $db
              2410 0073  ld   $73
              2411 0063  ld   $63
              2412 0090  ld   $90
              2413 00a0  ld   $a0
              2414 00e6  ld   $e6
              2415 0082  ld   $82
              2416 0035  ld   $35
              2417 004d  ld   $4d
              2418 00fc  ld   $fc
              2419 00e3  ld   $e3
              241a 0082  ld   $82
              241b 00e6  ld   $e6
              241c 0052  ld   $52
              241d 0035  ld   $35
              241e 0053  ld   $53
              241f 00c9  ld   $c9
              2420 00e3  ld   $e3
              2421 0032  ld   $32
              2422 0035  ld   $35
              2423 0050  ld   $50
              2424 00fc  ld   $fc
              2425 002b  ld   $2b
              2426 0092  ld   $92
              2427 0011  ld   $11
              2428 0000  ld   $00
              2429 0007  ld   $07
              242a 0090  ld   $90
              242b 00ce  ld   $ce
              242c 002b  ld   $2b
              242d 0092  ld   $92
              242e 0011  ld   $11
              242f 0000  ld   $00
              2430 0008  ld   $08
              2431 002b  ld   $2b
              2432 0094  ld   $94
              2433 001a  ld   $1a
              2434 0092  ld   $92
              2435 00e9  ld   $e9
              2436 00e9  ld   $e9
              2437 0099  ld   $99
              2438 0092  ld   $92
              2439 0099  ld   $99
              243a 0094  ld   $94
              243b 002b  ld   $2b
              243c 0094  ld   $94
              243d 0059  ld   $59
              243e 0005  ld   $05
              243f 005e  ld   $5e
              2440 0096  ld   $96
              2441 0021  ld   $21
              2442 0094  ld   $94
              2443 007f  ld   $7f
              2444 0000  ld   $00
              2445 005e  ld   $5e
              2446 0026  ld   $26
              2447 00b4  ld   $b4
              2448 00cb  ld   $cb
              2449 0093  ld   $93
              244a 0094  ld   $94
              244b 0093  ld   $93
              244c 0028  ld   $28
              244d 001a  ld   $1a
              244e 0096  ld   $96
              244f 00e6  ld   $e6
              2450 0001  ld   $01
              2451 0035  ld   $35
              2452 0072  ld   $72
              2453 00dc  ld   $dc
              2454 005e  ld   $5e
              2455 0026  ld   $26
              2456 00b4  ld   $b4
              2457 00cb  ld   $cb
              2458 0093  ld   $93
              2459 0028  ld   $28
              245a 0075  ld   $75
              245b 0085  ld   $85
              245c 00b2  ld   $b2
              245d 0079  ld   $79
              245e 0063  ld   $63
              245f 00ff  ld   $ff
              2460 007d  ld   $7d
              2461 00a4  ld   $a4
              2462 005b  ld   $5b
              2463 0011  ld   $11
              2464 0000  ld   $00
              2465 000b  ld   $0b
              2466 002b  ld   $2b
              2467 0022  ld   $22
              2468 0021  ld   $21
              2469 0082  ld   $82
              246a 00b4  ld   $b4
              246b 00e6  ld   $e6
              246c 00ff  ld   $ff
              246d 0075  ld   $75
              246e 0059  ld   $59
              246f 0001  ld   $01
              2470 002b  ld   $2b
              2471 0092  ld   $92
              2472 002b  ld   $2b
              2473 0096  ld   $96
              2474 002b  ld   $2b
              2475 0094  ld   $94
              2476 0059  ld   $59
              2477 0000  ld   $00
              2478 002b  ld   $2b
              2479 0098  ld   $98
              247a 0011  ld   $11
              247b 0000  ld   $00
              247c 0080  ld   $80
              247d 002b  ld   $2b
              247e 00a0  ld   $a0
              247f 0021  ld   $21
              2480 0086  ld   $86
              2481 00b8  ld   $b8
              2482 0082  ld   $82
              2483 002b  ld   $2b
              2484 009a  ld   $9a
              2485 00f8  ld   $f8
              2486 00a0  ld   $a0
              2487 0035  ld   $35
              2488 003f  ld   $3f
              2489 00d6  ld   $d6
              248a 0011  ld   $11
              248b 00ff  ld   $ff
              248c 00ff  ld   $ff
              248d 002b  ld   $2b
              248e 0092  ld   $92
              248f 002b  ld   $2b
              2490 0096  ld   $96
              2491 0059  ld   $59
              2492 0000  ld   $00
              2493 00b8  ld   $b8
              2494 009a  ld   $9a
              2495 002b  ld   $2b
              2496 009a  ld   $9a
              2497 0021  ld   $21
              2498 0088  ld   $88
              2499 00b8  ld   $b8
              249a 0084  ld   $84
              249b 002b  ld   $2b
              249c 009c  ld   $9c
              249d 002b  ld   $2b
              249e 009e  ld   $9e
              249f 00f8  ld   $f8
              24a0 00a0  ld   $a0
              24a1 0035  ld   $35
              24a2 003f  ld   $3f
              24a3 00f7  ld   $f7
              24a4 0011  ld   $11
              24a5 00ff  ld   $ff
              24a6 00ff  ld   $ff
              24a7 002b  ld   $2b
              24a8 0094  ld   $94
              24a9 0059  ld   $59
              24aa 0000  ld   $00
              24ab 00b8  ld   $b8
              24ac 009c  ld   $9c
              24ad 002b  ld   $2b
              24ae 009c  ld   $9c
              24af 00b8  ld   $b8
              24b0 009a  ld   $9a
              24b1 0035  ld   $35
              24b2 0056  ld   $56
              24b3 00f7  ld   $f7
              24b4 0021  ld   $21
              24b5 0094  ld   $94
              24b6 002b  ld   $2b
              24b7 0098  ld   $98
              24b8 0085  ld   $85
              24b9 00d4  ld   $d4
              24ba 0074  ld   $74
              24bb 0085  ld   $85
              24bc 00ca  ld   $ca
              24bd 0079  ld   $79
              24be 007e  ld   $7e
              24bf 00a1  ld   $a1
              24c0 005e  ld   $5e
              24c1 0059  ld   $59
              24c2 0002  ld   $02
              24c3 002b  ld   $2b
              24c4 00a4  ld   $a4
              24c5 001a  ld   $1a
              24c6 00aa  ld   $aa
              24c7 0082  ld   $82
              24c8 00fb  ld   $fb
              24c9 005e  ld   $5e
              24ca 00aa  ld   $aa
              24cb 00ff  ld   $ff
              24cc 0059  ld   $59
              24cd 0002  ld   $02
              24ce 005e  ld   $5e
              24cf 00a4  ld   $a4
              24d0 005e  ld   $5e
              24d1 0028  ld   $28
              24d2 001a  ld   $1a
              24d3 00aa  ld   $aa
              24d4 0082  ld   $82
              24d5 0002  ld   $02
              24d6 0035  ld   $35
              24d7 0072  ld   $72
              24d8 00b8  ld   $b8
              24d9 00ff  ld   $ff
              24da 0075  ld   $75
              24db 001a  ld   $1a
              24dc 00aa  ld   $aa
              24dd 0082  ld   $82
              24de 0004  ld   $04
              24df 0035  ld   $35
              24e0 0072  ld   $72
              24e1 00cf  ld   $cf
              24e2 001a  ld   $1a
              24e3 00a5  ld   $a5
              24e4 00e3  ld   $e3
              24e5 0008  ld   $08
              24e6 005e  ld   $5e
              24e7 00a5  ld   $a5
              24e8 00e6  ld   $e6
              24e9 0078  ld   $78
              24ea 0035  ld   $35
              24eb 0050  ld   $50
              24ec 00f8  ld   $f8
              24ed 0059  ld   $59
              24ee 0070  ld   $70
              24ef 005e  ld   $5e
              24f0 00a5  ld   $a5
              24f1 0085  ld   $85
              24f2 00a1  ld   $a1
              24f3 0078  ld   $78
              24f4 0011  ld   $11
              24f5 0000  ld   $00
              24f6 0001  ld   $01
              24f7 002b  ld   $2b
              24f8 0098  ld   $98
              24f9 0021  ld   $21
              24fa 0098  ld   $98
              24fb fe00  bra  ac          ;+-----------------------------------+
              24fc fcfd  bra  $24fd       ;|                                   |
              24fd 1404  ld   $04,y       ;| Trampoline for page $2400 lookups |
              24fe e068  jmp  y,$68       ;|                                   |
              24ff c218  st   [$18]       ;+-----------------------------------+
              2500 00ad  ld   $ad
              2501 00e3  ld   $e3
              2502 0008  ld   $08
              2503 00e6  ld   $e6
              2504 007f  ld   $7f
              2505 0035  ld   $35
              2506 0056  ld   $56
              2507 00e3  ld   $e3
              2508 00e3  ld   $e3
              2509 0088  ld   $88
              250a 00e3  ld   $e3
              250b 007f  ld   $7f
              250c 00f0  ld   $f0
              250d 0098  ld   $98
              250e 0093  ld   $93
              250f 0098  ld   $98
              2510 0093  ld   $93
              2511 0098  ld   $98
              2512 001a  ld   $1a
              2513 0098  ld   $98
              2514 00e6  ld   $e6
              2515 00f0  ld   $f0
              2516 0035  ld   $35
              2517 0050  ld   $50
              2518 00d7  ld   $d7
              2519 001a  ld   $1a
              251a 00aa  ld   $aa
              251b 0088  ld   $88
              251c 0004  ld   $04
              251d 005e  ld   $5e
              251e 00aa  ld   $aa
              251f 0085  ld   $85
              2520 00be  ld   $be
              2521 0074  ld   $74
              2522 0063  ld   $63
              2523 00ff  ld   $ff
              2524 007f  ld   $7f
              2525 00a0  ld   $a0
              2526 0060  ld   $60
              2527 0059  ld   $59
              2528 0001  ld   $01
              2529 005e  ld   $5e
              252a 0085  ld   $85
              252b 0059  ld   $59
              252c 0000  ld   $00
              252d 005e  ld   $5e
              252e 0086  ld   $86
              252f 0059  ld   $59
              2530 00fa  ld   $fa
              2531 005e  ld   $5e
              2532 0084  ld   $84
              2533 0021  ld   $21
              2534 0086  ld   $86
              2535 00f3  ld   $f3
              2536 0084  ld   $84
              2537 0093  ld   $93
              2538 0084  ld   $84
              2539 0093  ld   $93
              253a 0084  ld   $84
              253b 0059  ld   $59
              253c 0000  ld   $00
              253d 00f3  ld   $f3
              253e 0084  ld   $84
              253f 0093  ld   $93
              2540 0084  ld   $84
              2541 0093  ld   $93
              2542 0084  ld   $84
              2543 00f3  ld   $f3
              2544 0084  ld   $84
              2545 0093  ld   $93
              2546 0085  ld   $85
              2547 001a  ld   $1a
              2548 0085  ld   $85
              2549 00e6  ld   $e6
              254a 0004  ld   $04
              254b 0035  ld   $35
              254c 0056  ld   $56
              254d 00a6  ld   $a6
              254e 00ff  ld   $ff
              254f 0021  ld   $21
              2550 0003  ld   $03
              2551 002a  ld   $2a
              2552 0003  ld   $03
              2553 0043  ld   $43
              2554 0003  ld   $03
              2555 005e  ld   $5e
              2556 0003  ld   $03
              2557 0077  ld   $77
              2558 0003  ld   $03
              2559 007f  ld   $7f
              255a 0000  ld   $00
              255b 00fe  ld   $fe
              255c 0000  ld   $00
              255d 00fd  ld   $fd
              255e 0000  ld   $00
              255f 00fb  ld   $fb
              2560 0000  ld   $00
              2561 00f7  ld   $f7
              2562 0000  ld   $00
              2563 0000  ld   $00
              2564 0000  ld   $00
              2565 000f  ld   $0f
              2566 000b  ld   $0b
              2567 0008  ld   $08
              2568 0008  ld   $08
              2569 001a  ld   $1a
              256a 006e  ld   $6e
              256b 000c  ld   $0c
              256c 0030  ld   $30
              256d 0065  ld   $65
              256e 0015  ld   $15
              256f 00eb  ld   $eb
              2570 007f  ld   $7f
              2571 003e  ld   $3e
              2572 0005  ld   $05
              2573 0050  ld   $50
              2574 0069  ld   $69
              2575 0061  ld   $61
              2576 006e  ld   $6e
              2577 006f  ld   $6f
              2578 0000  ld   $00
              2579 00fc  ld   $fc
              257a 007f  ld   $7f
              257b 00f6  ld   $f6
              257c 007f  ld   $7f
              257d 0004  ld   $04
              257e 004d  ld   $4d
              257f 006f  ld   $6f
              2580 0066  ld   $66
              2581 006f  ld   $6f
              2582 0000  ld   $00
              2583 0002  ld   $02
              2584 0059  ld   $59
              2585 006f  ld   $6f
              2586 0000  ld   $00
              2587 0000  ld   $00
              2588 0000  ld   $00         ;End of ../build/mainmenu.gt1, size 1733
sys_ReadRomDir:
              2589 f08f  beq  .sysDir#20
              258a 1024  ld   $24,x
              258b 1600  ld   ac,y
              258c 0118  ld   [$18]
              258d a00e  suba $0e
              258e e200  jmp  y,ac
.sysDir#20:   258f 1400  ld   $00,y
              2590 0094  ld   $94
              2591 1425  ld   $25,y
              2592 e200  jmp  y,ac
              2593 1400  ld   $00,y
.sysDir#25:   2594 dc4d  st   $4d,[y,x++] ;'M'
              2595 dc61  st   $61,[y,x++] ;'a'
              2596 dc69  st   $69,[y,x++] ;'i'
              2597 dc6e  st   $6e,[y,x++] ;'n'
              2598 dc00  st   $00,[y,x++] ;'\x00'
              2599 dc00  st   $00,[y,x++] ;'\x00'
              259a dc00  st   $00,[y,x++] ;'\x00'
              259b dc00  st   $00,[y,x++] ;'\x00'
              259c 00c4  ld   $c4
              259d c218  st   [$18]
              259e 001e  ld   $1e
              259f 1425  ld   $25,y
              25a0 e0a2  jmp  y,$a2
              25a1 c219  st   [$19]
.sysDir#39:   25a2 1403  ld   $03,y
              25a3 e0cb  jmp  y,$cb
              25a4 00ea  ld   $ea
              25a5 0200  nop              ;86 fillers
              25a6 0200  nop
              25a7 0200  nop
              * 86 times
              25fb fe00  bra  ac          ;+-----------------------------------+
              25fc fcfd  bra  $25fd       ;|                                   |
              25fd 1404  ld   $04,y       ;| Trampoline for page $2500 lookups |
              25fe e068  jmp  y,$68       ;|                                   |
              25ff c218  st   [$18]       ;+-----------------------------------+
              2600
